ISO-10303-21;
HEADER;
/* Generated by software containing ST-Developer
 * from STEP Tools, Inc. (www.steptools.com) 
 */

FILE_DESCRIPTION(
/* description */ (''),
/* implementation_level */ '2;1');

FILE_NAME(
/* name */ 'camera kaychain.step',
/* time_stamp */ '2026-03-29T21:02:00+11:00',
/* author */ (''),
/* organization */ (''),
/* preprocessor_version */ 'ST-DEVELOPER v20.1',
/* originating_system */ 'Autodesk Translation Framework v14.24.0.0',
/* authorisation */ '');

FILE_SCHEMA (('AUTOMOTIVE_DESIGN { 1 0 10303 214 3 1 1 }'));
ENDSEC;

DATA;
#10=MECHANICAL_DESIGN_GEOMETRIC_PRESENTATION_REPRESENTATION('',(#47,#48,
#49),#11467);
#11=ITEM_DEFINED_TRANSFORMATION($,$,#6136,#6527);
#12=ITEM_DEFINED_TRANSFORMATION($,$,#6135,#6564);
#13=ITEM_DEFINED_TRANSFORMATION($,$,#6528,#6565);
#14=(
REPRESENTATION_RELATIONSHIP($,$,#11485,#11484)
REPRESENTATION_RELATIONSHIP_WITH_TRANSFORMATION(#11)
SHAPE_REPRESENTATION_RELATIONSHIP()
);
#15=(
REPRESENTATION_RELATIONSHIP($,$,#11484,#11483)
REPRESENTATION_RELATIONSHIP_WITH_TRANSFORMATION(#12)
SHAPE_REPRESENTATION_RELATIONSHIP()
);
#16=(
REPRESENTATION_RELATIONSHIP($,$,#11486,#11483)
REPRESENTATION_RELATIONSHIP_WITH_TRANSFORMATION(#13)
SHAPE_REPRESENTATION_RELATIONSHIP()
);
#17=CONTEXT_DEPENDENT_SHAPE_REPRESENTATION(#14,#11479);
#18=CONTEXT_DEPENDENT_SHAPE_REPRESENTATION(#15,#11481);
#19=CONTEXT_DEPENDENT_SHAPE_REPRESENTATION(#16,#11482);
#20=NEXT_ASSEMBLY_USAGE_OCCURRENCE('keychain attachment:1',
'keychain attachment:1','keychain attachment:1',#11489,#11490,
'keychain attachment:1');
#21=NEXT_ASSEMBLY_USAGE_OCCURRENCE('Camera:1','Camera:1','Camera:1',#11488,
#11489,'Camera:1');
#22=NEXT_ASSEMBLY_USAGE_OCCURRENCE('SD door:1','SD door:1','SD door:1',
#11488,#11491,'SD door:1');
#23=(
BOUNDED_SURFACE()
B_SPLINE_SURFACE(2,2,((#8946,#8947,#8948),(#8949,#8950,#8951),(#8952,#8953,
#8954)),.UNSPECIFIED.,.F.,.F.,.F.)
B_SPLINE_SURFACE_WITH_KNOTS((3,3),(3,3),(-2.77555756156289E-16,1.5707963267949),
(2.77555756156289E-16,1.5707963267949),.UNSPECIFIED.)
GEOMETRIC_REPRESENTATION_ITEM()
RATIONAL_B_SPLINE_SURFACE(((1.,0.707106781186548,1.),(0.707106781186547,
0.5,0.707106781186547),(1.,0.707106781186548,1.)))
REPRESENTATION_ITEM('')
SURFACE()
);
#24=(
BOUNDED_SURFACE()
B_SPLINE_SURFACE(2,2,((#8966,#8967,#8968),(#8969,#8970,#8971),(#8972,#8973,
#8974)),.UNSPECIFIED.,.F.,.F.,.F.)
B_SPLINE_SURFACE_WITH_KNOTS((3,3),(3,3),(-2.77555756156289E-16,1.5707963267949),
(1.5707963267949,3.14159265358979),.UNSPECIFIED.)
GEOMETRIC_REPRESENTATION_ITEM()
RATIONAL_B_SPLINE_SURFACE(((1.,0.707106781186549,1.),(0.707106781186549,
0.500000000000002,0.707106781186549),(1.,0.707106781186549,1.)))
REPRESENTATION_ITEM('')
SURFACE()
);
#25=SPHERICAL_SURFACE('',#6284,2.);
#26=SPHERICAL_SURFACE('',#6295,2.);
#27=SPHERICAL_SURFACE('',#6489,2.);
#28=SPHERICAL_SURFACE('',#6494,2.);
#29=SPHERICAL_SURFACE('',#6498,2.);
#30=SPHERICAL_SURFACE('',#6502,2.);
#31=SPHERICAL_SURFACE('',#6507,2.);
#32=SPHERICAL_SURFACE('',#6514,2.);
#33=(
BOUNDED_CURVE()
B_SPLINE_CURVE(2,(#8567,#8568,#8569),.UNSPECIFIED.,.F.,.F.)
B_SPLINE_CURVE_WITH_KNOTS((3,3),(0.435601990489809,0.473027980928491),
 .UNSPECIFIED.)
CURVE()
GEOMETRIC_REPRESENTATION_ITEM()
RATIONAL_B_SPLINE_CURVE((1.28255350183846,1.23268185259609,1.17215469706586))
REPRESENTATION_ITEM('')
);
#34=(
BOUNDED_CURVE()
B_SPLINE_CURVE(2,(#8581,#8582,#8583),.UNSPECIFIED.,.F.,.F.)
B_SPLINE_CURVE_WITH_KNOTS((3,3),(0.047841474914391,0.085267465356402),
 .UNSPECIFIED.)
CURVE()
GEOMETRIC_REPRESENTATION_ITEM()
RATIONAL_B_SPLINE_CURVE((1.17215469705509,1.23268185259165,1.28255350183846))
REPRESENTATION_ITEM('')
);
#35=(
BOUNDED_CURVE()
B_SPLINE_CURVE(2,(#8600,#8601,#8602),.UNSPECIFIED.,.F.,.F.)
B_SPLINE_CURVE_WITH_KNOTS((3,3),(0.43560199048981,0.473027980928494),
 .UNSPECIFIED.)
CURVE()
GEOMETRIC_REPRESENTATION_ITEM()
RATIONAL_B_SPLINE_CURVE((1.28255350183846,1.23268185259609,1.17215469706586))
REPRESENTATION_ITEM('')
);
#36=(
BOUNDED_CURVE()
B_SPLINE_CURVE(2,(#8614,#8615,#8616),.UNSPECIFIED.,.F.,.F.)
B_SPLINE_CURVE_WITH_KNOTS((3,3),(0.047841474914392,0.085267465356403),
 .UNSPECIFIED.)
CURVE()
GEOMETRIC_REPRESENTATION_ITEM()
RATIONAL_B_SPLINE_CURVE((1.17215469705509,1.23268185259165,1.28255350183846))
REPRESENTATION_ITEM('')
);
#37=CONICAL_SURFACE('',#6279,1.83875,0.747862917859088);
#38=CONICAL_SURFACE('',#6282,1.83875,0.747862917859093);
#39=CONICAL_SURFACE('',#6290,1.83875,0.747862917859093);
#40=CONICAL_SURFACE('',#6293,1.83875,0.747862917859092);
#41=SHAPE_REPRESENTATION_RELATIONSHIP('SRR','None',#11485,#44);
#42=SHAPE_REPRESENTATION_RELATIONSHIP('SRR','None',#11484,#45);
#43=SHAPE_REPRESENTATION_RELATIONSHIP('SRR','None',#11486,#46);
#44=ADVANCED_BREP_SHAPE_REPRESENTATION('',(#50),#11465);
#45=ADVANCED_BREP_SHAPE_REPRESENTATION('',(#51),#11464);
#46=ADVANCED_BREP_SHAPE_REPRESENTATION('',(#52),#11466);
#47=STYLED_ITEM('',(#11509),#50);
#48=STYLED_ITEM('',(#11508),#51);
#49=STYLED_ITEM('',(#11510),#52);
#50=MANIFOLD_SOLID_BREP('Body1',#6108);
#51=MANIFOLD_SOLID_BREP('Body1',#6109);
#52=MANIFOLD_SOLID_BREP('Body1',#6110);
#53=FACE_BOUND('',#917,.T.);
#54=FACE_BOUND('',#918,.T.);
#55=FACE_BOUND('',#983,.T.);
#56=FACE_BOUND('',#1000,.T.);
#57=FACE_BOUND('',#1013,.T.);
#58=FACE_BOUND('',#1016,.T.);
#59=FACE_BOUND('',#1041,.T.);
#60=FACE_BOUND('',#1067,.T.);
#61=FACE_BOUND('',#1068,.T.);
#62=FACE_BOUND('',#1119,.T.);
#63=FACE_BOUND('',#1121,.T.);
#64=FACE_BOUND('',#1122,.T.);
#65=FACE_BOUND('',#1123,.T.);
#66=FACE_BOUND('',#1124,.T.);
#67=FACE_BOUND('',#1125,.T.);
#68=FACE_BOUND('',#1174,.T.);
#69=FACE_BOUND('',#1175,.T.);
#70=FACE_BOUND('',#1227,.T.);
#71=FACE_BOUND('',#1229,.T.);
#72=FACE_BOUND('',#1230,.T.);
#73=FACE_BOUND('',#1242,.T.);
#74=FACE_BOUND('',#1248,.T.);
#75=B_SPLINE_SURFACE_WITH_KNOTS('',3,3,((#8227,#8228,#8229,#8230),(#8231,
#8232,#8233,#8234),(#8235,#8236,#8237,#8238),(#8239,#8240,#8241,#8242),
(#8243,#8244,#8245,#8246)),.UNSPECIFIED.,.F.,.F.,.F.,(4,1,4),(4,4),(0.,
0.571428571428571,1.),(-1.5707963267949,2.77555756156289E-17),
 .UNSPECIFIED.);
#76=B_SPLINE_SURFACE_WITH_KNOTS('',3,3,((#8267,#8268,#8269,#8270),(#8271,
#8272,#8273,#8274),(#8275,#8276,#8277,#8278),(#8279,#8280,#8281,#8282),
(#8283,#8284,#8285,#8286)),.UNSPECIFIED.,.F.,.F.,.F.,(4,1,4),(4,4),(0.,
0.571428571428571,1.),(-1.5707963267949,2.77555756156289E-17),
 .UNSPECIFIED.);
#77=B_SPLINE_SURFACE_WITH_KNOTS('',3,3,((#8334,#8335,#8336,#8337),(#8338,
#8339,#8340,#8341),(#8342,#8343,#8344,#8345),(#8346,#8347,#8348,#8349),
(#8350,#8351,#8352,#8353)),.UNSPECIFIED.,.F.,.F.,.F.,(4,1,4),(4,4),(0.,
0.571428571428571,1.),(-1.5707963267949,2.77555756156289E-17),
 .UNSPECIFIED.);
#78=B_SPLINE_SURFACE_WITH_KNOTS('',3,3,((#8355,#8356,#8357,#8358),(#8359,
#8360,#8361,#8362),(#8363,#8364,#8365,#8366),(#8367,#8368,#8369,#8370),
(#8371,#8372,#8373,#8374)),.UNSPECIFIED.,.F.,.F.,.F.,(4,1,4),(4,4),(0.,
0.571428571428571,1.),(-1.5707963267949,2.77555756156289E-17),
 .UNSPECIFIED.);
#79=B_SPLINE_SURFACE_WITH_KNOTS('',3,1,((#9440,#9441),(#9442,#9443),(#9444,
#9445),(#9446,#9447),(#9448,#9449)),.UNSPECIFIED.,.F.,.F.,.F.,(4,1,4),(2,
2),(-0.0262388857343563,-0.0122306537613225,0.),(0.,0.04),.UNSPECIFIED.);
#80=B_SPLINE_SURFACE_WITH_KNOTS('',3,1,((#9459,#9460),(#9461,#9462),(#9463,
#9464),(#9465,#9466),(#9467,#9468)),.UNSPECIFIED.,.F.,.F.,.F.,(4,1,4),(2,
2),(-0.0304105892698297,-0.0169773771693426,0.),(0.,0.04),.UNSPECIFIED.);
#81=B_SPLINE_SURFACE_WITH_KNOTS('',3,1,((#9476,#9477),(#9478,#9479),(#9480,
#9481),(#9482,#9483),(#9484,#9485)),.UNSPECIFIED.,.F.,.F.,.F.,(4,1,4),(2,
2),(-0.0250651406182941,-0.0110635870316511,0.),(0.,0.04),.UNSPECIFIED.);
#82=B_SPLINE_SURFACE_WITH_KNOTS('',3,1,((#9493,#9494),(#9495,#9496),(#9497,
#9498),(#9499,#9500),(#9501,#9502)),.UNSPECIFIED.,.F.,.F.,.F.,(4,1,4),(2,
2),(-0.0174152385780429,-0.00831666633338141,0.),(0.,0.04),
 .UNSPECIFIED.);
#83=B_SPLINE_SURFACE_WITH_KNOTS('',3,1,((#9510,#9511),(#9512,#9513),(#9514,
#9515),(#9516,#9517),(#9518,#9519)),.UNSPECIFIED.,.F.,.F.,.F.,(4,1,4),(2,
2),(-0.0153565164025533,-0.00756796126003879,0.),(0.,0.04),
 .UNSPECIFIED.);
#84=B_SPLINE_SURFACE_WITH_KNOTS('',3,1,((#9527,#9528),(#9529,#9530),(#9531,
#9532),(#9533,#9534),(#9535,#9536)),.UNSPECIFIED.,.F.,.F.,.F.,(4,1,4),(2,
2),(-0.0217316986999859,-0.0108188078821678,0.),(0.,0.04),.UNSPECIFIED.);
#85=B_SPLINE_SURFACE_WITH_KNOTS('',3,1,((#9544,#9545),(#9546,#9547),(#9548,
#9549),(#9550,#9551),(#9552,#9553)),.UNSPECIFIED.,.F.,.F.,.F.,(4,1,4),(2,
2),(-0.0316450963929377,-0.0182061250405737,0.),(0.,0.04),.UNSPECIFIED.);
#86=B_SPLINE_SURFACE_WITH_KNOTS('',3,1,((#9561,#9562),(#9563,#9564),(#9565,
#9566),(#9567,#9568),(#9569,#9570)),.UNSPECIFIED.,.F.,.F.,.F.,(4,1,4),(2,
2),(-0.0169460530855058,-0.00640003395101411,0.),(0.,0.04),
 .UNSPECIFIED.);
#87=B_SPLINE_SURFACE_WITH_KNOTS('',3,1,((#9578,#9579),(#9580,#9581),(#9582,
#9583),(#9584,#9585),(#9586,#9587)),.UNSPECIFIED.,.F.,.F.,.F.,(4,1,4),(2,
2),(-0.00793586545628139,-0.00378087760758769,0.),(0.,0.04),
 .UNSPECIFIED.);
#88=B_SPLINE_SURFACE_WITH_KNOTS('',3,1,((#9595,#9596),(#9597,#9598),(#9599,
#9600),(#9601,#9602),(#9603,#9604)),.UNSPECIFIED.,.F.,.F.,.F.,(4,1,4),(2,
2),(-0.00828905624004921,-0.00433048984111045,0.),(0.,0.04),
 .UNSPECIFIED.);
#89=B_SPLINE_SURFACE_WITH_KNOTS('',3,1,((#9612,#9613),(#9614,#9615),(#9616,
#9617),(#9618,#9619),(#9620,#9621)),.UNSPECIFIED.,.F.,.F.,.F.,(4,1,4),(2,
2),(-0.010789625844845,-0.0058993688000666,0.),(0.,0.04),.UNSPECIFIED.);
#90=B_SPLINE_SURFACE_WITH_KNOTS('',3,1,((#9629,#9630),(#9631,#9632),(#9633,
#9634),(#9635,#9636),(#9637,#9638)),.UNSPECIFIED.,.F.,.F.,.F.,(4,1,4),(2,
2),(-0.0153621611161981,-0.00737220637145248,0.),(0.,0.04),
 .UNSPECIFIED.);
#91=B_SPLINE_SURFACE_WITH_KNOTS('',3,1,((#9646,#9647),(#9648,#9649),(#9650,
#9651),(#9652,#9653),(#9654,#9655)),.UNSPECIFIED.,.F.,.F.,.F.,(4,1,4),(2,
2),(-0.0116842975568274,-0.00647401818671548,0.),(0.,0.04),
 .UNSPECIFIED.);
#92=B_SPLINE_SURFACE_WITH_KNOTS('',3,1,((#9667,#9668),(#9669,#9670),(#9671,
#9672),(#9673,#9674),(#9675,#9676)),.UNSPECIFIED.,.F.,.F.,.F.,(4,1,4),(2,
2),(-0.0277795987817401,-0.0135475871639252,0.),(0.,0.04),.UNSPECIFIED.);
#93=B_SPLINE_SURFACE_WITH_KNOTS('',3,1,((#9684,#9685),(#9686,#9687),(#9688,
#9689),(#9690,#9691),(#9692,#9693)),.UNSPECIFIED.,.F.,.F.,.F.,(4,1,4),(2,
2),(-0.0195698187214067,-0.00959184197268641,0.),(0.,0.04),
 .UNSPECIFIED.);
#94=B_SPLINE_SURFACE_WITH_KNOTS('',3,1,((#9703,#9704),(#9705,#9706),(#9707,
#9708),(#9709,#9710),(#9711,#9712)),.UNSPECIFIED.,.F.,.F.,.F.,(4,1,4),(2,
2),(-0.0179714359715444,-0.00881411290987436,0.),(0.,0.04),
 .UNSPECIFIED.);
#95=B_SPLINE_SURFACE_WITH_KNOTS('',3,1,((#9720,#9721),(#9722,#9723),(#9724,
#9725),(#9726,#9727),(#9728,#9729)),.UNSPECIFIED.,.F.,.F.,.F.,(4,1,4),(2,
2),(-0.0175561145084667,-0.0088737519661815,0.),(0.,0.04),.UNSPECIFIED.);
#96=B_SPLINE_SURFACE_WITH_KNOTS('',3,1,((#9737,#9738),(#9739,#9740),(#9741,
#9742),(#9743,#9744),(#9745,#9746)),.UNSPECIFIED.,.F.,.F.,.F.,(4,1,4),(2,
2),(-0.0223190682045462,-0.0122957730194969,0.),(0.,0.04),.UNSPECIFIED.);
#97=B_SPLINE_SURFACE_WITH_KNOTS('',3,1,((#9766,#9767),(#9768,#9769),(#9770,
#9771),(#9772,#9773),(#9774,#9775)),.UNSPECIFIED.,.F.,.F.,.F.,(4,1,4),(2,
2),(-0.0111612356514212,-0.00610587704554829,0.),(0.,0.04),
 .UNSPECIFIED.);
#98=B_SPLINE_SURFACE_WITH_KNOTS('',3,1,((#9783,#9784),(#9785,#9786),(#9787,
#9788),(#9789,#9790),(#9791,#9792)),.UNSPECIFIED.,.F.,.F.,.F.,(4,1,4),(2,
2),(-0.01084811163688,-0.00496564450050006,0.),(0.,0.04),.UNSPECIFIED.);
#99=B_SPLINE_SURFACE_WITH_KNOTS('',3,1,((#9800,#9801),(#9802,#9803),(#9804,
#9805),(#9806,#9807),(#9808,#9809)),.UNSPECIFIED.,.F.,.F.,.F.,(4,1,4),(2,
2),(-0.00857257714050789,-0.0047591781120807,0.),(0.,0.04),
 .UNSPECIFIED.);
#100=B_SPLINE_SURFACE_WITH_KNOTS('',3,1,((#9817,#9818),(#9819,#9820),(#9821,
#9822),(#9823,#9824),(#9825,#9826)),.UNSPECIFIED.,.F.,.F.,.F.,(4,1,4),(2,
2),(-0.00633058347677275,-0.00323602779859788,0.),(0.,0.04),
 .UNSPECIFIED.);
#101=B_SPLINE_SURFACE_WITH_KNOTS('',3,1,((#9834,#9835),(#9836,#9837),(#9838,
#9839),(#9840,#9841),(#9842,#9843)),.UNSPECIFIED.,.F.,.F.,.F.,(4,1,4),(2,
2),(-0.00497662346855264,-0.00233682028036898,0.),(0.,0.04),
 .UNSPECIFIED.);
#102=B_SPLINE_SURFACE_WITH_KNOTS('',3,1,((#9851,#9852),(#9853,#9854),(#9855,
#9856),(#9857,#9858),(#9859,#9860)),.UNSPECIFIED.,.F.,.F.,.F.,(4,1,4),(2,
2),(-0.0110653357457423,-0.0041492160207087,0.),(0.,0.04),.UNSPECIFIED.);
#103=B_SPLINE_SURFACE_WITH_KNOTS('',3,1,((#9868,#9869),(#9870,#9871),(#9872,
#9873),(#9874,#9875),(#9876,#9877)),.UNSPECIFIED.,.F.,.F.,.F.,(4,1,4),(2,
2),(-0.0303686086838243,-0.0179255412096236,0.),(0.,0.04),.UNSPECIFIED.);
#104=B_SPLINE_SURFACE_WITH_KNOTS('',3,1,((#9885,#9886),(#9887,#9888),(#9889,
#9890),(#9891,#9892),(#9893,#9894)),.UNSPECIFIED.,.F.,.F.,.F.,(4,1,4),(2,
2),(-0.017048722453677,-0.00907655017522897,0.),(0.,0.04),.UNSPECIFIED.);
#105=B_SPLINE_SURFACE_WITH_KNOTS('',3,1,((#9902,#9903),(#9904,#9905),(#9906,
#9907),(#9908,#9909),(#9910,#9911)),.UNSPECIFIED.,.F.,.F.,.F.,(4,1,4),(2,
2),(-0.0154891858902658,-0.00763119893010199,0.),(0.,0.04),
 .UNSPECIFIED.);
#106=B_SPLINE_SURFACE_WITH_KNOTS('',3,1,((#9919,#9920),(#9921,#9922),(#9923,
#9924),(#9925,#9926),(#9927,#9928)),.UNSPECIFIED.,.F.,.F.,.F.,(4,1,4),(2,
2),(-0.018721346652983,-0.0093380544197359,0.),(0.,0.04),.UNSPECIFIED.);
#107=B_SPLINE_SURFACE_WITH_KNOTS('',3,1,((#9936,#9937),(#9938,#9939),(#9940,
#9941),(#9942,#9943),(#9944,#9945)),.UNSPECIFIED.,.F.,.F.,.F.,(4,1,4),(2,
2),(-0.0195364158321238,-0.009577723442001,0.),(0.,0.04),.UNSPECIFIED.);
#108=B_SPLINE_SURFACE_WITH_KNOTS('',3,1,((#9953,#9954),(#9955,#9956),(#9957,
#9958),(#9959,#9960),(#9961,#9962)),.UNSPECIFIED.,.F.,.F.,.F.,(4,1,4),(2,
2),(-0.0245618475190486,-0.0112367384360839,0.),(0.,0.04),.UNSPECIFIED.);
#109=B_SPLINE_SURFACE_WITH_KNOTS('',3,1,((#9970,#9971),(#9972,#9973),(#9974,
#9975),(#9976,#9977),(#9978,#9979)),.UNSPECIFIED.,.F.,.F.,.F.,(4,1,4),(2,
2),(-0.0373232458171236,-0.0217285656287415,0.),(0.,0.04),.UNSPECIFIED.);
#110=B_SPLINE_SURFACE_WITH_KNOTS('',3,1,((#10001,#10002),(#10003,#10004),
(#10005,#10006),(#10007,#10008),(#10009,#10010)),.UNSPECIFIED.,.F.,.F.,
 .F.,(4,1,4),(2,2),(-0.0140202697486159,-0.00830468916156552,0.),(0.,0.04),
 .UNSPECIFIED.);
#111=B_SPLINE_SURFACE_WITH_KNOTS('',3,1,((#10024,#10025),(#10026,#10027),
(#10028,#10029),(#10030,#10031),(#10032,#10033)),.UNSPECIFIED.,.F.,.F.,
 .F.,(4,1,4),(2,2),(-0.010014644928792,-0.00470345680070271,0.),(0.,0.04),
 .UNSPECIFIED.);
#112=B_SPLINE_SURFACE_WITH_KNOTS('',3,1,((#10047,#10048),(#10049,#10050),
(#10051,#10052),(#10053,#10054),(#10055,#10056)),.UNSPECIFIED.,.F.,.F.,
 .F.,(4,1,4),(2,2),(-0.0176221150421633,-0.00725458765618485,0.),(0.,0.04),
 .UNSPECIFIED.);
#113=B_SPLINE_SURFACE_WITH_KNOTS('',3,1,((#10070,#10071),(#10072,#10073),
(#10074,#10075),(#10076,#10077),(#10078,#10079)),.UNSPECIFIED.,.F.,.F.,
 .F.,(4,1,4),(2,2),(-0.0226811981310465,-0.0134493482947331,0.),(0.,0.04),
 .UNSPECIFIED.);
#114=B_SPLINE_SURFACE_WITH_KNOTS('',3,1,((#10093,#10094),(#10095,#10096),
(#10097,#10098),(#10099,#10100),(#10101,#10102)),.UNSPECIFIED.,.F.,.F.,
 .F.,(4,1,4),(2,2),(-0.0185785398393609,-0.00817452594496729,0.),(0.,0.04),
 .UNSPECIFIED.);
#115=B_SPLINE_SURFACE_WITH_KNOTS('',3,1,((#10119,#10120),(#10121,#10122),
(#10123,#10124),(#10125,#10126),(#10127,#10128)),.UNSPECIFIED.,.F.,.F.,
 .F.,(4,1,4),(2,2),(-0.0252796540261331,-0.0142691753668335,0.),(0.,0.04),
 .UNSPECIFIED.);
#116=B_SPLINE_SURFACE_WITH_KNOTS('',3,1,((#10136,#10137),(#10138,#10139),
(#10140,#10141),(#10142,#10143),(#10144,#10145)),.UNSPECIFIED.,.F.,.F.,
 .F.,(4,1,4),(2,2),(-0.0180253093618202,-0.00918565623320194,0.),(0.,0.04),
 .UNSPECIFIED.);
#117=B_SPLINE_SURFACE_WITH_KNOTS('',3,1,((#10153,#10154),(#10155,#10156),
(#10157,#10158),(#10159,#10160),(#10161,#10162)),.UNSPECIFIED.,.F.,.F.,
 .F.,(4,1,4),(2,2),(-0.0161269462240898,-0.00834276446689563,0.),(0.,0.04),
 .UNSPECIFIED.);
#118=B_SPLINE_SURFACE_WITH_KNOTS('',3,1,((#10170,#10171),(#10172,#10173),
(#10174,#10175),(#10176,#10177),(#10178,#10179)),.UNSPECIFIED.,.F.,.F.,
 .F.,(4,1,4),(2,2),(-0.0186578644432012,-0.00990001435041188,0.),(0.,0.04),
 .UNSPECIFIED.);
#119=B_SPLINE_SURFACE_WITH_KNOTS('',3,1,((#10394,#10395),(#10396,#10397),
(#10398,#10399),(#10400,#10401),(#10402,#10403)),.UNSPECIFIED.,.F.,.F.,
 .F.,(4,1,4),(2,2),(-0.0116843275120355,-0.00647404639834781,0.),(0.,0.00999999999999979),
 .UNSPECIFIED.);
#120=B_SPLINE_SURFACE_WITH_KNOTS('',3,1,((#10417,#10418),(#10419,#10420),
(#10421,#10422),(#10423,#10424),(#10425,#10426)),.UNSPECIFIED.,.F.,.F.,
 .F.,(4,1,4),(2,2),(-0.0153621667612546,-0.00737221850452971,0.),(0.,0.00999999999999979),
 .UNSPECIFIED.);
#121=B_SPLINE_SURFACE_WITH_KNOTS('',3,1,((#10440,#10441),(#10442,#10443),
(#10444,#10445),(#10446,#10447),(#10448,#10449)),.UNSPECIFIED.,.F.,.F.,
 .F.,(4,1,4),(2,2),(-0.0107896317354111,-0.00589937424896773,0.),(0.,0.00999999999999979),
 .UNSPECIFIED.);
#122=B_SPLINE_SURFACE_WITH_KNOTS('',3,1,((#10463,#10464),(#10465,#10466),
(#10467,#10468),(#10469,#10470),(#10471,#10472)),.UNSPECIFIED.,.F.,.F.,
 .F.,(4,1,4),(2,2),(-0.00828906600749898,-0.00433046889231609,0.),(0.,0.00999999999999979),
 .UNSPECIFIED.);
#123=B_SPLINE_SURFACE_WITH_KNOTS('',3,1,((#10486,#10487),(#10488,#10489),
(#10490,#10491),(#10492,#10493),(#10494,#10495)),.UNSPECIFIED.,.F.,.F.,
 .F.,(4,1,4),(2,2),(-0.00793586364418915,-0.0037808921248785,0.),(0.,0.00999999999999979),
 .UNSPECIFIED.);
#124=B_SPLINE_SURFACE_WITH_KNOTS('',3,1,((#10509,#10510),(#10511,#10512),
(#10513,#10514),(#10515,#10516),(#10517,#10518)),.UNSPECIFIED.,.F.,.F.,
 .F.,(4,1,4),(2,2),(-0.0169460496142016,-0.00640003688916947,0.),(0.,0.00999999999999979),
 .UNSPECIFIED.);
#125=B_SPLINE_SURFACE_WITH_KNOTS('',3,1,((#10532,#10533),(#10534,#10535),
(#10536,#10537),(#10538,#10539),(#10540,#10541)),.UNSPECIFIED.,.F.,.F.,
 .F.,(4,1,4),(2,2),(-0.0316450997791376,-0.0182061268219035,0.),(0.,0.00999999999999979),
 .UNSPECIFIED.);
#126=B_SPLINE_SURFACE_WITH_KNOTS('',3,1,((#10555,#10556),(#10557,#10558),
(#10559,#10560),(#10561,#10562),(#10563,#10564)),.UNSPECIFIED.,.F.,.F.,
 .F.,(4,1,4),(2,2),(-0.0217316771917069,-0.0108187939067601,0.),(0.,0.00999999999999979),
 .UNSPECIFIED.);
#127=B_SPLINE_SURFACE_WITH_KNOTS('',3,1,((#10578,#10579),(#10580,#10581),
(#10582,#10583),(#10584,#10585),(#10586,#10587)),.UNSPECIFIED.,.F.,.F.,
 .F.,(4,1,4),(2,2),(-0.0153565309065214,-0.00756797467051287,0.),(0.,0.00999999999999979),
 .UNSPECIFIED.);
#128=B_SPLINE_SURFACE_WITH_KNOTS('',3,1,((#10601,#10602),(#10603,#10604),
(#10605,#10606),(#10607,#10608),(#10609,#10610)),.UNSPECIFIED.,.F.,.F.,
 .F.,(4,1,4),(2,2),(-0.0174152338906666,-0.00831666585977893,0.),(0.,0.00999999999999979),
 .UNSPECIFIED.);
#129=B_SPLINE_SURFACE_WITH_KNOTS('',3,1,((#10624,#10625),(#10626,#10627),
(#10628,#10629),(#10630,#10631),(#10632,#10633)),.UNSPECIFIED.,.F.,.F.,
 .F.,(4,1,4),(2,2),(-0.0250651426715763,-0.0110635904166089,0.),(0.,0.00999999999999979),
 .UNSPECIFIED.);
#130=B_SPLINE_SURFACE_WITH_KNOTS('',3,1,((#10647,#10648),(#10649,#10650),
(#10651,#10652),(#10653,#10654),(#10655,#10656)),.UNSPECIFIED.,.F.,.F.,
 .F.,(4,1,4),(2,2),(-0.0304105872394851,-0.016977362351291,0.),(0.,0.00999999999999979),
 .UNSPECIFIED.);
#131=B_SPLINE_SURFACE_WITH_KNOTS('',3,1,((#10670,#10671),(#10672,#10673),
(#10674,#10675),(#10676,#10677),(#10678,#10679)),.UNSPECIFIED.,.F.,.F.,
 .F.,(4,1,4),(2,2),(-0.0262388850279408,-0.0122306530549071,0.),(0.,0.00999999999999979),
 .UNSPECIFIED.);
#132=B_SPLINE_SURFACE_WITH_KNOTS('',3,1,((#10699,#10700),(#10701,#10702),
(#10703,#10704),(#10705,#10706),(#10707,#10708)),.UNSPECIFIED.,.F.,.F.,
 .F.,(4,1,4),(2,2),(-0.0111612521815801,-0.00610589618958703,0.),(0.,0.00999999999999979),
 .UNSPECIFIED.);
#133=B_SPLINE_SURFACE_WITH_KNOTS('',3,1,((#10722,#10723),(#10724,#10725),
(#10726,#10727),(#10728,#10729),(#10730,#10731)),.UNSPECIFIED.,.F.,.F.,
 .F.,(4,1,4),(2,2),(-0.0108481133006924,-0.00496564810825666,0.),(0.,0.00999999999999979),
 .UNSPECIFIED.);
#134=B_SPLINE_SURFACE_WITH_KNOTS('',3,1,((#10745,#10746),(#10747,#10748),
(#10749,#10750),(#10751,#10752),(#10753,#10754)),.UNSPECIFIED.,.F.,.F.,
 .F.,(4,1,4),(2,2),(-0.00857259262257064,-0.0047591901124021,0.),(0.,0.00999999999999979),
 .UNSPECIFIED.);
#135=B_SPLINE_SURFACE_WITH_KNOTS('',3,1,((#10768,#10769),(#10770,#10771),
(#10772,#10773),(#10774,#10775),(#10776,#10777)),.UNSPECIFIED.,.F.,.F.,
 .F.,(4,1,4),(2,2),(-0.00633055696324638,-0.00323602308702304,0.),(0.,0.00999999999999979),
 .UNSPECIFIED.);
#136=B_SPLINE_SURFACE_WITH_KNOTS('',3,1,((#10791,#10792),(#10793,#10794),
(#10795,#10796),(#10797,#10798),(#10799,#10800)),.UNSPECIFIED.,.F.,.F.,
 .F.,(4,1,4),(2,2),(-0.00497662784338388,-0.00233684875704137,0.),(0.,0.00999999999999979),
 .UNSPECIFIED.);
#137=B_SPLINE_SURFACE_WITH_KNOTS('',3,1,((#10814,#10815),(#10816,#10817),
(#10818,#10819),(#10820,#10821),(#10822,#10823)),.UNSPECIFIED.,.F.,.F.,
 .F.,(4,1,4),(2,2),(-0.0110653426049737,-0.00414922287994007,0.),(0.,0.00999999999999979),
 .UNSPECIFIED.);
#138=B_SPLINE_SURFACE_WITH_KNOTS('',3,1,((#10837,#10838),(#10839,#10840),
(#10841,#10842),(#10843,#10844),(#10845,#10846)),.UNSPECIFIED.,.F.,.F.,
 .F.,(4,1,4),(2,2),(-0.0303686016400657,-0.0179255448670303,0.),(0.,0.00999999999999979),
 .UNSPECIFIED.);
#139=B_SPLINE_SURFACE_WITH_KNOTS('',3,1,((#10860,#10861),(#10862,#10863),
(#10864,#10865),(#10866,#10867),(#10868,#10869)),.UNSPECIFIED.,.F.,.F.,
 .F.,(4,1,4),(2,2),(-0.0170487187256852,-0.00907655212097666,0.),(0.,0.00999999999999979),
 .UNSPECIFIED.);
#140=B_SPLINE_SURFACE_WITH_KNOTS('',3,1,((#10883,#10884),(#10885,#10886),
(#10887,#10888),(#10889,#10890),(#10891,#10892)),.UNSPECIFIED.,.F.,.F.,
 .F.,(4,1,4),(2,2),(-0.015489190830241,-0.00763120482405041,0.),(0.,0.00999999999999979),
 .UNSPECIFIED.);
#141=B_SPLINE_SURFACE_WITH_KNOTS('',3,1,((#10906,#10907),(#10908,#10909),
(#10910,#10911),(#10912,#10913),(#10914,#10915)),.UNSPECIFIED.,.F.,.F.,
 .F.,(4,1,4),(2,2),(-0.0187213498215009,-0.0093380544197359,0.),(0.,0.00999999999999979),
 .UNSPECIFIED.);
#142=B_SPLINE_SURFACE_WITH_KNOTS('',3,1,((#10929,#10930),(#10931,#10932),
(#10933,#10934),(#10935,#10936),(#10937,#10938)),.UNSPECIFIED.,.F.,.F.,
 .F.,(4,1,4),(2,2),(-0.0195364064222586,-0.00957772959733353,0.),(0.,0.00999999999999979),
 .UNSPECIFIED.);
#143=B_SPLINE_SURFACE_WITH_KNOTS('',3,1,((#10952,#10953),(#10954,#10955),
(#10956,#10957),(#10958,#10959),(#10960,#10961)),.UNSPECIFIED.,.F.,.F.,
 .F.,(4,1,4),(2,2),(-0.0245618422635831,-0.0112367271401556,0.),(0.,0.00999999999999979),
 .UNSPECIFIED.);
#144=B_SPLINE_SURFACE_WITH_KNOTS('',3,1,((#10975,#10976),(#10977,#10978),
(#10979,#10980),(#10981,#10982),(#10983,#10984)),.UNSPECIFIED.,.F.,.F.,
 .F.,(4,1,4),(2,2),(-0.0373232569457076,-0.0217285659620376,0.),(0.,0.00999999999999979),
 .UNSPECIFIED.);
#145=B_SPLINE_SURFACE_WITH_KNOTS('',3,1,((#10998,#10999),(#11000,#11001),
(#11002,#11003),(#11004,#11005),(#11006,#11007)),.UNSPECIFIED.,.F.,.F.,
 .F.,(4,1,4),(2,2),(-0.027779590724718,-0.013547562233116,0.),(0.,0.00999999999999979),
 .UNSPECIFIED.);
#146=B_SPLINE_SURFACE_WITH_KNOTS('',3,1,((#11034,#11035),(#11036,#11037),
(#11038,#11039),(#11040,#11041),(#11042,#11043)),.UNSPECIFIED.,.F.,.F.,
 .F.,(4,1,4),(2,2),(-0.014020266562401,-0.00830469011010975,0.),(0.,0.00999999999999979),
 .UNSPECIFIED.);
#147=B_SPLINE_SURFACE_WITH_KNOTS('',3,1,((#11057,#11058),(#11059,#11060),
(#11061,#11062),(#11063,#11064),(#11065,#11066)),.UNSPECIFIED.,.F.,.F.,
 .F.,(4,1,4),(2,2),(-0.0100146670561142,-0.00470346620131311,0.),(0.,0.00999999999999979),
 .UNSPECIFIED.);
#148=B_SPLINE_SURFACE_WITH_KNOTS('',3,1,((#11080,#11081),(#11082,#11083),
(#11084,#11085),(#11086,#11087),(#11088,#11089)),.UNSPECIFIED.,.F.,.F.,
 .F.,(4,1,4),(2,2),(-0.0176221060546183,-0.00725458033537834,0.),(0.,0.00999999999999979),
 .UNSPECIFIED.);
#149=B_SPLINE_SURFACE_WITH_KNOTS('',3,1,((#11103,#11104),(#11105,#11106),
(#11107,#11108),(#11109,#11110),(#11111,#11112)),.UNSPECIFIED.,.F.,.F.,
 .F.,(4,1,4),(2,2),(-0.0226811994477444,-0.0134493631265457,0.),(0.,0.00999999999999979),
 .UNSPECIFIED.);
#150=B_SPLINE_SURFACE_WITH_KNOTS('',3,1,((#11126,#11127),(#11128,#11129),
(#11130,#11131),(#11132,#11133),(#11134,#11135)),.UNSPECIFIED.,.F.,.F.,
 .F.,(4,1,4),(2,2),(-0.0185785318191704,-0.00817451792477679,0.),(0.,0.00999999999999979),
 .UNSPECIFIED.);
#151=B_SPLINE_SURFACE_WITH_KNOTS('',3,1,((#11161,#11162),(#11163,#11164),
(#11165,#11166),(#11167,#11168),(#11169,#11170)),.UNSPECIFIED.,.F.,.F.,
 .F.,(4,1,4),(2,2),(-0.0223190708160694,-0.0122957735774922,0.),(0.,0.00999999999999979),
 .UNSPECIFIED.);
#152=B_SPLINE_SURFACE_WITH_KNOTS('',3,1,((#11184,#11185),(#11186,#11187),
(#11188,#11189),(#11190,#11191),(#11192,#11193)),.UNSPECIFIED.,.F.,.F.,
 .F.,(4,1,4),(2,2),(-0.0175561122013417,-0.00887374443477979,0.),(0.,0.00999999999999979),
 .UNSPECIFIED.);
#153=B_SPLINE_SURFACE_WITH_KNOTS('',3,1,((#11207,#11208),(#11209,#11210),
(#11211,#11212),(#11213,#11214),(#11215,#11216)),.UNSPECIFIED.,.F.,.F.,
 .F.,(4,1,4),(2,2),(-0.0179714573661246,-0.00881414473832176,0.),(0.,0.00999999999999979),
 .UNSPECIFIED.);
#154=B_SPLINE_SURFACE_WITH_KNOTS('',3,1,((#11230,#11231),(#11232,#11233),
(#11234,#11235),(#11236,#11237),(#11238,#11239)),.UNSPECIFIED.,.F.,.F.,
 .F.,(4,1,4),(2,2),(-0.0195698203109805,-0.00959184356226027,0.),(0.,0.00999999999999979),
 .UNSPECIFIED.);
#155=B_SPLINE_SURFACE_WITH_KNOTS('',3,1,((#11253,#11254),(#11255,#11256),
(#11257,#11258),(#11259,#11260),(#11261,#11262)),.UNSPECIFIED.,.F.,.F.,
 .F.,(4,1,4),(2,2),(-0.0252796465910837,-0.0142691679317841,0.),(0.,0.00999999999999979),
 .UNSPECIFIED.);
#156=B_SPLINE_SURFACE_WITH_KNOTS('',3,1,((#11276,#11277),(#11278,#11279),
(#11280,#11281),(#11282,#11283),(#11284,#11285)),.UNSPECIFIED.,.F.,.F.,
 .F.,(4,1,4),(2,2),(-0.0180252926846411,-0.00918567028653485,0.),(0.,0.00999999999999979),
 .UNSPECIFIED.);
#157=B_SPLINE_SURFACE_WITH_KNOTS('',3,1,((#11299,#11300),(#11301,#11302),
(#11303,#11304),(#11305,#11306),(#11307,#11308)),.UNSPECIFIED.,.F.,.F.,
 .F.,(4,1,4),(2,2),(-0.016126960737374,-0.00834277330002042,0.),(0.,0.00999999999999979),
 .UNSPECIFIED.);
#158=B_SPLINE_SURFACE_WITH_KNOTS('',3,1,((#11322,#11323),(#11324,#11325),
(#11326,#11327),(#11328,#11329),(#11330,#11331)),.UNSPECIFIED.,.F.,.F.,
 .F.,(4,1,4),(2,2),(-0.0186578613630316,-0.00990001127024227,0.),(0.,0.00999999999999979),
 .UNSPECIFIED.);
#159=PLANE('',#6151);
#160=PLANE('',#6161);
#161=PLANE('',#6178);
#162=PLANE('',#6188);
#163=PLANE('',#6192);
#164=PLANE('',#6193);
#165=PLANE('',#6213);
#166=PLANE('',#6217);
#167=PLANE('',#6237);
#168=PLANE('',#6238);
#169=PLANE('',#6239);
#170=PLANE('',#6240);
#171=PLANE('',#6241);
#172=PLANE('',#6242);
#173=PLANE('',#6243);
#174=PLANE('',#6244);
#175=PLANE('',#6245);
#176=PLANE('',#6246);
#177=PLANE('',#6247);
#178=PLANE('',#6248);
#179=PLANE('',#6249);
#180=PLANE('',#6250);
#181=PLANE('',#6251);
#182=PLANE('',#6252);
#183=PLANE('',#6253);
#184=PLANE('',#6257);
#185=PLANE('',#6261);
#186=PLANE('',#6262);
#187=PLANE('',#6263);
#188=PLANE('',#6264);
#189=PLANE('',#6266);
#190=PLANE('',#6271);
#191=PLANE('',#6274);
#192=PLANE('',#6276);
#193=PLANE('',#6281);
#194=PLANE('',#6289);
#195=PLANE('',#6292);
#196=PLANE('',#6300);
#197=PLANE('',#6301);
#198=PLANE('',#6303);
#199=PLANE('',#6304);
#200=PLANE('',#6306);
#201=PLANE('',#6309);
#202=PLANE('',#6313);
#203=PLANE('',#6318);
#204=PLANE('',#6326);
#205=PLANE('',#6351);
#206=PLANE('',#6354);
#207=PLANE('',#6357);
#208=PLANE('',#6361);
#209=PLANE('',#6370);
#210=PLANE('',#6374);
#211=PLANE('',#6378);
#212=PLANE('',#6379);
#213=PLANE('',#6380);
#214=PLANE('',#6381);
#215=PLANE('',#6382);
#216=PLANE('',#6383);
#217=PLANE('',#6384);
#218=PLANE('',#6385);
#219=PLANE('',#6386);
#220=PLANE('',#6387);
#221=PLANE('',#6388);
#222=PLANE('',#6389);
#223=PLANE('',#6390);
#224=PLANE('',#6402);
#225=PLANE('',#6404);
#226=PLANE('',#6406);
#227=PLANE('',#6407);
#228=PLANE('',#6412);
#229=PLANE('',#6419);
#230=PLANE('',#6420);
#231=PLANE('',#6421);
#232=PLANE('',#6422);
#233=PLANE('',#6423);
#234=PLANE('',#6424);
#235=PLANE('',#6425);
#236=PLANE('',#6426);
#237=PLANE('',#6427);
#238=PLANE('',#6428);
#239=PLANE('',#6429);
#240=PLANE('',#6430);
#241=PLANE('',#6431);
#242=PLANE('',#6432);
#243=PLANE('',#6433);
#244=PLANE('',#6434);
#245=PLANE('',#6435);
#246=PLANE('',#6436);
#247=PLANE('',#6437);
#248=PLANE('',#6438);
#249=PLANE('',#6439);
#250=PLANE('',#6440);
#251=PLANE('',#6441);
#252=PLANE('',#6442);
#253=PLANE('',#6443);
#254=PLANE('',#6444);
#255=PLANE('',#6445);
#256=PLANE('',#6446);
#257=PLANE('',#6447);
#258=PLANE('',#6448);
#259=PLANE('',#6449);
#260=PLANE('',#6450);
#261=PLANE('',#6451);
#262=PLANE('',#6452);
#263=PLANE('',#6453);
#264=PLANE('',#6454);
#265=PLANE('',#6455);
#266=PLANE('',#6456);
#267=PLANE('',#6457);
#268=PLANE('',#6458);
#269=PLANE('',#6459);
#270=PLANE('',#6460);
#271=PLANE('',#6461);
#272=PLANE('',#6462);
#273=PLANE('',#6463);
#274=PLANE('',#6466);
#275=PLANE('',#6467);
#276=PLANE('',#6468);
#277=PLANE('',#6469);
#278=PLANE('',#6470);
#279=PLANE('',#6471);
#280=PLANE('',#6472);
#281=PLANE('',#6473);
#282=PLANE('',#6474);
#283=PLANE('',#6475);
#284=PLANE('',#6476);
#285=PLANE('',#6477);
#286=PLANE('',#6478);
#287=PLANE('',#6479);
#288=PLANE('',#6485);
#289=PLANE('',#6486);
#290=PLANE('',#6487);
#291=PLANE('',#6488);
#292=PLANE('',#6525);
#293=PLANE('',#6526);
#294=PLANE('',#6529);
#295=PLANE('',#6530);
#296=PLANE('',#6531);
#297=PLANE('',#6532);
#298=PLANE('',#6533);
#299=PLANE('',#6534);
#300=PLANE('',#6535);
#301=PLANE('',#6536);
#302=PLANE('',#6537);
#303=PLANE('',#6538);
#304=PLANE('',#6539);
#305=PLANE('',#6543);
#306=PLANE('',#6547);
#307=PLANE('',#6548);
#308=PLANE('',#6549);
#309=PLANE('',#6550);
#310=PLANE('',#6551);
#311=PLANE('',#6552);
#312=PLANE('',#6553);
#313=PLANE('',#6554);
#314=PLANE('',#6555);
#315=PLANE('',#6556);
#316=PLANE('',#6557);
#317=PLANE('',#6558);
#318=PLANE('',#6559);
#319=PLANE('',#6560);
#320=PLANE('',#6561);
#321=PLANE('',#6562);
#322=PLANE('',#6563);
#323=ELLIPSE('',#6148,0.640312423743285,0.499999999999998);
#324=ELLIPSE('',#6149,0.640312423743285,0.499999999999998);
#325=ELLIPSE('',#6175,0.640312423743285,0.499999999999998);
#326=ELLIPSE('',#6176,0.640312423743285,0.499999999999998);
#327=ELLIPSE('',#6201,0.640312423743285,0.499999999999998);
#328=ELLIPSE('',#6211,0.640312423743285,0.499999999999998);
#329=ELLIPSE('',#6230,0.640312423743285,0.499999999999998);
#330=ELLIPSE('',#6232,0.640312423743285,0.499999999999998);
#331=ELLIPSE('',#6278,2.82842712474619,2.);
#332=ELLIPSE('',#6308,2.82842712474619,2.);
#333=ELLIPSE('',#6315,2.82842712474618,2.);
#334=ELLIPSE('',#6317,2.82842712474619,2.);
#335=ELLIPSE('',#6481,1.13137084989848,0.8);
#336=ELLIPSE('',#6483,1.13137084989848,0.8);
#337=B_SPLINE_CURVE_WITH_KNOTS('',3,(#7985,#7986,#7987,#7988,#7989,#7990),
 .UNSPECIFIED.,.F.,.F.,(4,2,4),(0.,0.0117562819132909,0.0194026045695579),
 .UNSPECIFIED.);
#338=B_SPLINE_CURVE_WITH_KNOTS('',3,(#7995,#7996,#7997,#7998,#7999,#8000,
#8001,#8002,#8003,#8004,#8005,#8006),.UNSPECIFIED.,.F.,.F.,(4,2,2,2,2,4),
(0.0558184138570533,0.0569818693943558,0.0588827181875397,0.0626844157739074,
0.0686407445416403,0.070362971886978),.UNSPECIFIED.);
#339=B_SPLINE_CURVE_WITH_KNOTS('',3,(#8012,#8013,#8014,#8015,#8016,#8017,
#8018,#8019),.UNSPECIFIED.,.F.,.F.,(4,2,2,4),(0.0384840290496061,0.0390810592087952,
0.044285750368431,0.0445370469770768),.UNSPECIFIED.);
#340=B_SPLINE_CURVE_WITH_KNOTS('',3,(#8046,#8047,#8048,#8049,#8050,#8051),
 .UNSPECIFIED.,.F.,.F.,(4,2,4),(0.0505532240038509,0.0581995466601179,0.0699558285734088),
 .UNSPECIFIED.);
#341=B_SPLINE_CURVE_WITH_KNOTS('',3,(#8061,#8062,#8063,#8064,#8065,#8066,
#8067,#8068,#8069,#8070,#8071,#8072),.UNSPECIFIED.,.F.,.F.,(4,2,2,2,2,4),
(0.00423410142239525,0.00595632876773295,0.0119126575354659,0.0157143551218336,
0.0176152039150175,0.0187786594523199),.UNSPECIFIED.);
#342=B_SPLINE_CURVE_WITH_KNOTS('',3,(#8076,#8077,#8078,#8079,#8080,#8081,
#8082,#8083),.UNSPECIFIED.,.F.,.F.,(4,2,2,4),(-0.000207016336649359,0.,
0.00428758709902902,0.00477941624505392),.UNSPECIFIED.);
#343=B_SPLINE_CURVE_WITH_KNOTS('',3,(#8104,#8105,#8106,#8107,#8108,#8109),
 .UNSPECIFIED.,.F.,.F.,(4,2,4),(0.,0.0117562819132909,0.0194026045695579),
 .UNSPECIFIED.);
#344=B_SPLINE_CURVE_WITH_KNOTS('',3,(#8113,#8114,#8115,#8116,#8117,#8118,
#8119,#8120,#8121,#8122,#8123,#8124),.UNSPECIFIED.,.F.,.F.,(4,2,2,2,2,4),
(0.0558184138570534,0.0569818693943559,0.0588827181875397,0.0626844157739075,
0.0686407445416404,0.0703629718869781),.UNSPECIFIED.);
#345=B_SPLINE_CURVE_WITH_KNOTS('',3,(#8130,#8131,#8132,#8133,#8134,#8135,
#8136,#8137),.UNSPECIFIED.,.F.,.F.,(4,2,2,4),(0.0384840290565604,0.039081059215933,
0.0442857503765538,0.0445370469852528),.UNSPECIFIED.);
#346=B_SPLINE_CURVE_WITH_KNOTS('',3,(#8164,#8165,#8166,#8167,#8168,#8169),
 .UNSPECIFIED.,.F.,.F.,(4,2,4),(0.0505532240038509,0.0581995466601179,0.0699558285734088),
 .UNSPECIFIED.);
#347=B_SPLINE_CURVE_WITH_KNOTS('',3,(#8179,#8180,#8181,#8182,#8183,#8184,
#8185,#8186,#8187,#8188,#8189,#8190),.UNSPECIFIED.,.F.,.F.,(4,2,2,2,2,4),
(0.00423410142239523,0.00595632876773295,0.0119126575354659,0.0157143551218336,
0.0176152039150175,0.0187786594523199),.UNSPECIFIED.);
#348=B_SPLINE_CURVE_WITH_KNOTS('',3,(#8194,#8195,#8196,#8197,#8198,#8199,
#8200,#8201),.UNSPECIFIED.,.F.,.F.,(4,2,2,4),(-0.000207016336652066,0.,
0.00428758709898622,0.00477941624506405),.UNSPECIFIED.);
#349=B_SPLINE_CURVE_WITH_KNOTS('',3,(#8550,#8551,#8552,#8553,#8554,#8555,
#8556,#8557,#8558,#8559,#8560,#8561,#8562,#8563),.UNSPECIFIED.,.F.,.F.,
(4,2,2,2,2,2,4),(2.17516846585372,2.18771429951386,2.25114723212573,2.33649014223332,
2.40331114447854,2.43672164560115,2.47013214672376),.UNSPECIFIED.);
#350=B_SPLINE_CURVE_WITH_KNOTS('',3,(#8651,#8652,#8653,#8654,#8655,#8656,
#8657,#8658,#8659,#8660,#8661,#8662,#8663,#8664),.UNSPECIFIED.,.F.,.F.,
(4,2,2,2,2,2,4),(0.,0.0334105029198012,0.0668210058396023,0.133642011679205,
0.218984913260782,0.282417840930167,0.294963653413714),.UNSPECIFIED.);
#351=B_SPLINE_CURVE_WITH_KNOTS('',3,(#8681,#8682,#8683,#8684,#8685,#8686,
#8687,#8688,#8689,#8690,#8691,#8692,#8693,#8694),.UNSPECIFIED.,.F.,.F.,
(4,2,2,2,2,2,4),(0.,0.0334105011226096,0.0668210022452193,0.133642004490439,
0.218984914598033,0.282417847209896,0.294963680870035),.UNSPECIFIED.);
#352=B_SPLINE_CURVE_WITH_KNOTS('',3,(#8699,#8700,#8701,#8702,#8703,#8704,
#8705,#8706,#8707,#8708,#8709,#8710,#8711,#8712),.UNSPECIFIED.,.F.,.F.,
(4,2,2,2,2,2,4),(2.17516833075185,2.18771414323539,2.25114707090478,2.33648997248636,
2.40331097832596,2.43672148124576,2.47013198416556),.UNSPECIFIED.);
#353=B_SPLINE_CURVE_WITH_KNOTS('',3,(#8935,#8936,#8937,#8938,#8939,#8940,
#8941,#8942,#8943,#8944),.UNSPECIFIED.,.F.,.F.,(4,2,2,2,4),(0.303221056718912,
0.340957008435153,0.378692960151394,0.417076893695106,0.455460827238817),
 .UNSPECIFIED.);
#354=B_SPLINE_CURVE_WITH_KNOTS('',3,(#8983,#8984,#8985,#8986,#8987,#8988,
#8989,#8990,#8991,#8992),.UNSPECIFIED.,.F.,.F.,(4,2,2,2,4),(0.151577134159606,
0.190613392541595,0.229649650923583,0.267386315713023,0.305122980502463),
 .UNSPECIFIED.);
#355=B_SPLINE_CURVE_WITH_KNOTS('',3,(#9159,#9160,#9161,#9162,#9163,#9164,
#9165),.UNSPECIFIED.,.F.,.F.,(4,3,4),(-0.0226751383851428,-0.0124919352463204,
0.),.UNSPECIFIED.);
#356=B_SPLINE_CURVE_WITH_KNOTS('',3,(#9167,#9168,#9169,#9170,#9171,#9172,
#9173),.UNSPECIFIED.,.F.,.F.,(4,3,4),(-0.0177263210839388,-0.00895978301439684,
0.),.UNSPECIFIED.);
#357=B_SPLINE_CURVE_WITH_KNOTS('',3,(#9175,#9176,#9177,#9178,#9179,#9180,
#9181),.UNSPECIFIED.,.F.,.F.,(4,3,4),(-0.0187083216951013,-0.00917551942070572,
0.),.UNSPECIFIED.);
#358=B_SPLINE_CURVE_WITH_KNOTS('',3,(#9183,#9184,#9185,#9186,#9187,#9188,
#9189),.UNSPECIFIED.,.F.,.F.,(4,3,4),(-0.0203157336598895,-0.0099574405669732,
0.),.UNSPECIFIED.);
#359=B_SPLINE_CURVE_WITH_KNOTS('',3,(#9191,#9192,#9193,#9194,#9195,#9196,
#9197),.UNSPECIFIED.,.F.,.F.,(4,3,4),(-0.0257782135718064,-0.0145505887746542,
0.),.UNSPECIFIED.);
#360=B_SPLINE_CURVE_WITH_KNOTS('',3,(#9199,#9200,#9201,#9202,#9203,#9204,
#9205),.UNSPECIFIED.,.F.,.F.,(4,3,4),(-0.0181691981537649,-0.00925898163095709,
0.),.UNSPECIFIED.);
#361=B_SPLINE_CURVE_WITH_KNOTS('',3,(#9207,#9208,#9209,#9210,#9211,#9212,
#9213),.UNSPECIFIED.,.F.,.F.,(4,3,4),(-0.0162992679785678,-0.00843190966463833,
0.),.UNSPECIFIED.);
#362=B_SPLINE_CURVE_WITH_KNOTS('',3,(#9214,#9215,#9216,#9217,#9218,#9219,
#9220),.UNSPECIFIED.,.F.,.F.,(4,3,4),(-0.0187733063301235,-0.00996126875284623,
0.),.UNSPECIFIED.);
#363=B_SPLINE_CURVE_WITH_KNOTS('',3,(#9223,#9224,#9225,#9226,#9227,#9228,
#9229),.UNSPECIFIED.,.F.,.F.,(4,3,4),(-0.0390831278473275,-0.0227531204699654,
0.),.UNSPECIFIED.);
#364=B_SPLINE_CURVE_WITH_KNOTS('',3,(#9231,#9232,#9233,#9234,#9235,#9236,
#9237),.UNSPECIFIED.,.F.,.F.,(4,3,4),(-0.0295333745604912,-0.0144028705830734,
0.),.UNSPECIFIED.);
#365=B_SPLINE_CURVE_WITH_KNOTS('',3,(#9241,#9242,#9243,#9244,#9245,#9246,
#9247),.UNSPECIFIED.,.F.,.F.,(4,3,4),(-0.0119374546390697,-0.00661428708577089,
0.),.UNSPECIFIED.);
#366=B_SPLINE_CURVE_WITH_KNOTS('',3,(#9249,#9250,#9251,#9252,#9253,#9254,
#9255),.UNSPECIFIED.,.F.,.F.,(4,3,4),(-0.0168790872429675,-0.00810016986384164,
0.),.UNSPECIFIED.);
#367=B_SPLINE_CURVE_WITH_KNOTS('',3,(#9257,#9258,#9259,#9260,#9261,#9262,
#9263),.UNSPECIFIED.,.F.,.F.,(4,3,4),(-0.0111086525084343,-0.00607380079359742,
0.),.UNSPECIFIED.);
#368=B_SPLINE_CURVE_WITH_KNOTS('',3,(#9265,#9266,#9267,#9268,#9269,#9270,
#9271),.UNSPECIFIED.,.F.,.F.,(4,3,4),(-0.00856808760717868,-0.0044762654838027,
0.),.UNSPECIFIED.);
#369=B_SPLINE_CURVE_WITH_KNOTS('',3,(#9273,#9274,#9275,#9276,#9277,#9278,
#9279),.UNSPECIFIED.,.F.,.F.,(4,3,4),(-0.00874252529518597,-0.00416519386630659,
0.),.UNSPECIFIED.);
#370=B_SPLINE_CURVE_WITH_KNOTS('',3,(#9281,#9282,#9283,#9284,#9285,#9286,
#9287),.UNSPECIFIED.,.F.,.F.,(4,3,4),(-0.0186282429400464,-0.00703534838835168,
0.),.UNSPECIFIED.);
#371=B_SPLINE_CURVE_WITH_KNOTS('',3,(#9289,#9290,#9291,#9292,#9293,#9294,
#9295),.UNSPECIFIED.,.F.,.F.,(4,3,4),(-0.0325253038226914,-0.0187125278755897,
0.),.UNSPECIFIED.);
#372=B_SPLINE_CURVE_WITH_KNOTS('',3,(#9297,#9298,#9299,#9300,#9301,#9302,
#9303),.UNSPECIFIED.,.F.,.F.,(4,3,4),(-0.0225798895667693,-0.0112410672812982,
0.),.UNSPECIFIED.);
#373=B_SPLINE_CURVE_WITH_KNOTS('',3,(#9305,#9306,#9307,#9308,#9309,#9310,
#9311),.UNSPECIFIED.,.F.,.F.,(4,3,4),(-0.0159706459582194,-0.00787061510184065,
0.),.UNSPECIFIED.);
#374=B_SPLINE_CURVE_WITH_KNOTS('',3,(#9313,#9314,#9315,#9316,#9317,#9318,
#9319),.UNSPECIFIED.,.F.,.F.,(4,3,4),(-0.0188701399252636,-0.0090114560716097,
-3.46944695195361E-18),.UNSPECIFIED.);
#375=B_SPLINE_CURVE_WITH_KNOTS('',3,(#9321,#9322,#9323,#9324,#9325,#9326,
#9327),.UNSPECIFIED.,.F.,.F.,(4,3,4),(-0.028195962964112,-0.0124455112758068,
3.46944695195361E-18),.UNSPECIFIED.);
#376=B_SPLINE_CURVE_WITH_KNOTS('',3,(#9329,#9330,#9331,#9332,#9333,#9334,
#9335),.UNSPECIFIED.,.F.,.F.,(4,3,4),(-0.0312504731512498,-0.0174462607318018,
0.),.UNSPECIFIED.);
#377=B_SPLINE_CURVE_WITH_KNOTS('',3,(#9337,#9338,#9339,#9340,#9341,#9342,
#9343),.UNSPECIFIED.,.F.,.F.,(4,3,4),(-0.0294142596197497,-0.0137107813455568,
3.46944695195361E-18),.UNSPECIFIED.);
#378=B_SPLINE_CURVE_WITH_KNOTS('',3,(#9347,#9348,#9349,#9350,#9351,#9352,
#9353),.UNSPECIFIED.,.F.,.F.,(4,3,4),(-0.0114934520960591,-0.00628761971516124,
0.),.UNSPECIFIED.);
#379=B_SPLINE_CURVE_WITH_KNOTS('',3,(#9355,#9356,#9357,#9358,#9359,#9360,
#9361),.UNSPECIFIED.,.F.,.F.,(4,3,4),(-0.0121871576739858,-0.00557858312176807,
0.),.UNSPECIFIED.);
#380=B_SPLINE_CURVE_WITH_KNOTS('',3,(#9363,#9364,#9365,#9366,#9367,#9368,
#9369),.UNSPECIFIED.,.F.,.F.,(4,3,4),(-0.00884381360308526,-0.00490975857519449,
0.),.UNSPECIFIED.);
#381=B_SPLINE_CURVE_WITH_KNOTS('',3,(#9371,#9372,#9373,#9374,#9375,#9376),
 .UNSPECIFIED.,.F.,.F.,(4,2,4),(-0.0065435449710412,-0.00327020919266568,
0.),.UNSPECIFIED.);
#382=B_SPLINE_CURVE_WITH_KNOTS('',3,(#9378,#9379,#9380,#9381,#9382,#9383,
#9384),.UNSPECIFIED.,.F.,.F.,(4,3,4),(-0.00556161762509538,-0.00261150977969411,
0.),.UNSPECIFIED.);
#383=B_SPLINE_CURVE_WITH_KNOTS('',3,(#9386,#9387,#9388,#9389,#9390,#9391,
#9392),.UNSPECIFIED.,.F.,.F.,(4,3,4),(-0.0121319178900167,-0.00454915686499154,
0.),.UNSPECIFIED.);
#384=B_SPLINE_CURVE_WITH_KNOTS('',3,(#9394,#9395,#9396,#9397,#9398,#9399,
#9400),.UNSPECIFIED.,.F.,.F.,(4,3,4),(-0.0311801660906312,-0.0184045755273019,
3.46944695195361E-18),.UNSPECIFIED.);
#385=B_SPLINE_CURVE_WITH_KNOTS('',3,(#9402,#9403,#9404,#9405,#9406,#9407,
#9408),.UNSPECIFIED.,.F.,.F.,(4,3,4),(-0.0173430658586295,-0.00923325532959215,
0.),.UNSPECIFIED.);
#386=B_SPLINE_CURVE_WITH_KNOTS('',3,(#9410,#9411,#9412,#9413,#9414,#9415,
#9416),.UNSPECIFIED.,.F.,.F.,(4,3,4),(-0.0160943165581023,-0.00792933419283826,
0.),.UNSPECIFIED.);
#387=B_SPLINE_CURVE_WITH_KNOTS('',3,(#9418,#9419,#9420,#9421,#9422,#9423,
#9424),.UNSPECIFIED.,.F.,.F.,(4,3,4),(-0.0190643833062002,-0.00950915829356947,
-3.46944695195361E-18),.UNSPECIFIED.);
#388=B_SPLINE_CURVE_WITH_KNOTS('',3,(#9426,#9427,#9428,#9429,#9430,#9431,
#9432),.UNSPECIFIED.,.F.,.F.,(4,3,4),(-0.0204810705285601,-0.0100408401932209,
0.),.UNSPECIFIED.);
#389=B_SPLINE_CURVE_WITH_KNOTS('',3,(#9433,#9434,#9435,#9436,#9437,#9438,
#9439),.UNSPECIFIED.,.F.,.F.,(4,3,4),(-0.0272959960938207,-0.0124875772565871,
3.46944695195361E-18),.UNSPECIFIED.);
#390=B_SPLINE_CURVE_WITH_KNOTS('',3,(#9453,#9454,#9455,#9456,#9457),
 .UNSPECIFIED.,.F.,.F.,(4,1,4),(-0.0262388857343563,-0.0122306537613225,
0.),.UNSPECIFIED.);
#391=B_SPLINE_CURVE_WITH_KNOTS('',3,(#9471,#9472,#9473,#9474,#9475),
 .UNSPECIFIED.,.F.,.F.,(4,1,4),(-0.0304105892698297,-0.0169773771693426,
0.),.UNSPECIFIED.);
#392=B_SPLINE_CURVE_WITH_KNOTS('',3,(#9488,#9489,#9490,#9491,#9492),
 .UNSPECIFIED.,.F.,.F.,(4,1,4),(-0.0250651406182941,-0.0110635870316511,
0.),.UNSPECIFIED.);
#393=B_SPLINE_CURVE_WITH_KNOTS('',3,(#9505,#9506,#9507,#9508,#9509),
 .UNSPECIFIED.,.F.,.F.,(4,1,4),(-0.0174152385780429,-0.00831666633338141,
0.),.UNSPECIFIED.);
#394=B_SPLINE_CURVE_WITH_KNOTS('',3,(#9522,#9523,#9524,#9525,#9526),
 .UNSPECIFIED.,.F.,.F.,(4,1,4),(-0.0153565164025533,-0.00756796126003879,
0.),.UNSPECIFIED.);
#395=B_SPLINE_CURVE_WITH_KNOTS('',3,(#9539,#9540,#9541,#9542,#9543),
 .UNSPECIFIED.,.F.,.F.,(4,1,4),(-0.0217316986999859,-0.0108188078821678,
0.),.UNSPECIFIED.);
#396=B_SPLINE_CURVE_WITH_KNOTS('',3,(#9556,#9557,#9558,#9559,#9560),
 .UNSPECIFIED.,.F.,.F.,(4,1,4),(-0.0316450963929377,-0.0182061250405737,
0.),.UNSPECIFIED.);
#397=B_SPLINE_CURVE_WITH_KNOTS('',3,(#9573,#9574,#9575,#9576,#9577),
 .UNSPECIFIED.,.F.,.F.,(4,1,4),(-0.0169460530855058,-0.00640003395101411,
0.),.UNSPECIFIED.);
#398=B_SPLINE_CURVE_WITH_KNOTS('',3,(#9590,#9591,#9592,#9593,#9594),
 .UNSPECIFIED.,.F.,.F.,(4,1,4),(-0.00793586545628139,-0.00378087760758769,
0.),.UNSPECIFIED.);
#399=B_SPLINE_CURVE_WITH_KNOTS('',3,(#9607,#9608,#9609,#9610,#9611),
 .UNSPECIFIED.,.F.,.F.,(4,1,4),(-0.00828905624004921,-0.00433048984111045,
0.),.UNSPECIFIED.);
#400=B_SPLINE_CURVE_WITH_KNOTS('',3,(#9624,#9625,#9626,#9627,#9628),
 .UNSPECIFIED.,.F.,.F.,(4,1,4),(-0.010789625844845,-0.0058993688000666,
0.),.UNSPECIFIED.);
#401=B_SPLINE_CURVE_WITH_KNOTS('',3,(#9641,#9642,#9643,#9644,#9645),
 .UNSPECIFIED.,.F.,.F.,(4,1,4),(-0.0153621611161981,-0.00737220637145248,
0.),.UNSPECIFIED.);
#402=B_SPLINE_CURVE_WITH_KNOTS('',3,(#9658,#9659,#9660,#9661,#9662),
 .UNSPECIFIED.,.F.,.F.,(4,1,4),(-0.0116842975568274,-0.00647401818671548,
0.),.UNSPECIFIED.);
#403=B_SPLINE_CURVE_WITH_KNOTS('',3,(#9679,#9680,#9681,#9682,#9683),
 .UNSPECIFIED.,.F.,.F.,(4,1,4),(-0.0277795987817401,-0.0135475871639252,
0.),.UNSPECIFIED.);
#404=B_SPLINE_CURVE_WITH_KNOTS('',3,(#9697,#9698,#9699,#9700,#9701),
 .UNSPECIFIED.,.F.,.F.,(4,1,4),(-0.0195698187214067,-0.00959184197268641,
0.),.UNSPECIFIED.);
#405=B_SPLINE_CURVE_WITH_KNOTS('',3,(#9715,#9716,#9717,#9718,#9719),
 .UNSPECIFIED.,.F.,.F.,(4,1,4),(-0.0179714359715444,-0.00881411290987436,
0.),.UNSPECIFIED.);
#406=B_SPLINE_CURVE_WITH_KNOTS('',3,(#9732,#9733,#9734,#9735,#9736),
 .UNSPECIFIED.,.F.,.F.,(4,1,4),(-0.0175561145084667,-0.0088737519661815,
0.),.UNSPECIFIED.);
#407=B_SPLINE_CURVE_WITH_KNOTS('',3,(#9749,#9750,#9751,#9752,#9753),
 .UNSPECIFIED.,.F.,.F.,(4,1,4),(-0.0223190682045462,-0.0122957730194969,
0.),.UNSPECIFIED.);
#408=B_SPLINE_CURVE_WITH_KNOTS('',3,(#9777,#9778,#9779,#9780,#9781),
 .UNSPECIFIED.,.F.,.F.,(4,1,4),(-0.0111612356514212,-0.00610587704554829,
0.),.UNSPECIFIED.);
#409=B_SPLINE_CURVE_WITH_KNOTS('',3,(#9794,#9795,#9796,#9797,#9798),
 .UNSPECIFIED.,.F.,.F.,(4,1,4),(-0.01084811163688,-0.00496564450050006,
0.),.UNSPECIFIED.);
#410=B_SPLINE_CURVE_WITH_KNOTS('',3,(#9811,#9812,#9813,#9814,#9815),
 .UNSPECIFIED.,.F.,.F.,(4,1,4),(-0.00857257714050789,-0.0047591781120807,
0.),.UNSPECIFIED.);
#411=B_SPLINE_CURVE_WITH_KNOTS('',3,(#9828,#9829,#9830,#9831,#9832),
 .UNSPECIFIED.,.F.,.F.,(4,1,4),(-0.00633058347677275,-0.00323602779859788,
0.),.UNSPECIFIED.);
#412=B_SPLINE_CURVE_WITH_KNOTS('',3,(#9845,#9846,#9847,#9848,#9849),
 .UNSPECIFIED.,.F.,.F.,(4,1,4),(-0.00497662346855264,-0.00233682028036898,
0.),.UNSPECIFIED.);
#413=B_SPLINE_CURVE_WITH_KNOTS('',3,(#9862,#9863,#9864,#9865,#9866),
 .UNSPECIFIED.,.F.,.F.,(4,1,4),(-0.0110653357457423,-0.0041492160207087,
0.),.UNSPECIFIED.);
#414=B_SPLINE_CURVE_WITH_KNOTS('',3,(#9879,#9880,#9881,#9882,#9883),
 .UNSPECIFIED.,.F.,.F.,(4,1,4),(-0.0303686086838243,-0.0179255412096236,
0.),.UNSPECIFIED.);
#415=B_SPLINE_CURVE_WITH_KNOTS('',3,(#9896,#9897,#9898,#9899,#9900),
 .UNSPECIFIED.,.F.,.F.,(4,1,4),(-0.017048722453677,-0.00907655017522897,
0.),.UNSPECIFIED.);
#416=B_SPLINE_CURVE_WITH_KNOTS('',3,(#9913,#9914,#9915,#9916,#9917),
 .UNSPECIFIED.,.F.,.F.,(4,1,4),(-0.0154891858902658,-0.00763119893010199,
0.),.UNSPECIFIED.);
#417=B_SPLINE_CURVE_WITH_KNOTS('',3,(#9930,#9931,#9932,#9933,#9934),
 .UNSPECIFIED.,.F.,.F.,(4,1,4),(-0.018721346652983,-0.0093380544197359,
0.),.UNSPECIFIED.);
#418=B_SPLINE_CURVE_WITH_KNOTS('',3,(#9947,#9948,#9949,#9950,#9951),
 .UNSPECIFIED.,.F.,.F.,(4,1,4),(-0.0195364158321238,-0.009577723442001,
0.),.UNSPECIFIED.);
#419=B_SPLINE_CURVE_WITH_KNOTS('',3,(#9964,#9965,#9966,#9967,#9968),
 .UNSPECIFIED.,.F.,.F.,(4,1,4),(-0.0245618475190486,-0.0112367384360839,
0.),.UNSPECIFIED.);
#420=B_SPLINE_CURVE_WITH_KNOTS('',3,(#9980,#9981,#9982,#9983,#9984),
 .UNSPECIFIED.,.F.,.F.,(4,1,4),(-0.0373232458171236,-0.0217285656287415,
0.),.UNSPECIFIED.);
#421=B_SPLINE_CURVE_WITH_KNOTS('',3,(#10012,#10013,#10014,#10015,#10016),
 .UNSPECIFIED.,.F.,.F.,(4,1,4),(0.,0.00830468916156552,0.0140202697486159),
 .UNSPECIFIED.);
#422=B_SPLINE_CURVE_WITH_KNOTS('',3,(#10018,#10019,#10020,#10021,#10022),
 .UNSPECIFIED.,.F.,.F.,(4,1,4),(-0.0140202697486159,-0.00830468916156552,
0.),.UNSPECIFIED.);
#423=B_SPLINE_CURVE_WITH_KNOTS('',3,(#10035,#10036,#10037,#10038,#10039),
 .UNSPECIFIED.,.F.,.F.,(4,1,4),(0.,0.00470345680070271,0.010014644928792),
 .UNSPECIFIED.);
#424=B_SPLINE_CURVE_WITH_KNOTS('',3,(#10041,#10042,#10043,#10044,#10045),
 .UNSPECIFIED.,.F.,.F.,(4,1,4),(-0.010014644928792,-0.00470345680070271,
0.),.UNSPECIFIED.);
#425=B_SPLINE_CURVE_WITH_KNOTS('',3,(#10058,#10059,#10060,#10061,#10062),
 .UNSPECIFIED.,.F.,.F.,(4,1,4),(0.,0.00725458765618485,0.0176221150421633),
 .UNSPECIFIED.);
#426=B_SPLINE_CURVE_WITH_KNOTS('',3,(#10064,#10065,#10066,#10067,#10068),
 .UNSPECIFIED.,.F.,.F.,(4,1,4),(-0.0176221150421633,-0.00725458765618485,
0.),.UNSPECIFIED.);
#427=B_SPLINE_CURVE_WITH_KNOTS('',3,(#10081,#10082,#10083,#10084,#10085),
 .UNSPECIFIED.,.F.,.F.,(4,1,4),(0.,0.0134493482947331,0.0226811981310465),
 .UNSPECIFIED.);
#428=B_SPLINE_CURVE_WITH_KNOTS('',3,(#10087,#10088,#10089,#10090,#10091),
 .UNSPECIFIED.,.F.,.F.,(4,1,4),(-0.0226811981310465,-0.0134493482947331,
0.),.UNSPECIFIED.);
#429=B_SPLINE_CURVE_WITH_KNOTS('',3,(#10104,#10105,#10106,#10107,#10108),
 .UNSPECIFIED.,.F.,.F.,(4,1,4),(0.,0.00817452594496729,0.0185785398393609),
 .UNSPECIFIED.);
#430=B_SPLINE_CURVE_WITH_KNOTS('',3,(#10110,#10111,#10112,#10113,#10114),
 .UNSPECIFIED.,.F.,.F.,(4,1,4),(-0.0185785398393609,-0.00817452594496729,
0.),.UNSPECIFIED.);
#431=B_SPLINE_CURVE_WITH_KNOTS('',3,(#10130,#10131,#10132,#10133,#10134),
 .UNSPECIFIED.,.F.,.F.,(4,1,4),(-0.0252796540261331,-0.0142691753668335,
0.),.UNSPECIFIED.);
#432=B_SPLINE_CURVE_WITH_KNOTS('',3,(#10147,#10148,#10149,#10150,#10151),
 .UNSPECIFIED.,.F.,.F.,(4,1,4),(-0.0180253093618202,-0.00918565623320194,
0.),.UNSPECIFIED.);
#433=B_SPLINE_CURVE_WITH_KNOTS('',3,(#10164,#10165,#10166,#10167,#10168),
 .UNSPECIFIED.,.F.,.F.,(4,1,4),(-0.0161269462240898,-0.00834276446689563,
0.),.UNSPECIFIED.);
#434=B_SPLINE_CURVE_WITH_KNOTS('',3,(#10181,#10182,#10183,#10184,#10185),
 .UNSPECIFIED.,.F.,.F.,(4,1,4),(-0.0186578644432012,-0.00990001435041188,
0.),.UNSPECIFIED.);
#435=B_SPLINE_CURVE_WITH_KNOTS('',3,(#10405,#10406,#10407,#10408,#10409),
 .UNSPECIFIED.,.F.,.F.,(4,1,4),(0.,0.00647404639834781,0.0116843275120355),
 .UNSPECIFIED.);
#436=B_SPLINE_CURVE_WITH_KNOTS('',3,(#10411,#10412,#10413,#10414,#10415),
 .UNSPECIFIED.,.F.,.F.,(4,1,4),(-0.0116843275120355,-0.00647404639834781,
0.),.UNSPECIFIED.);
#437=B_SPLINE_CURVE_WITH_KNOTS('',3,(#10428,#10429,#10430,#10431,#10432),
 .UNSPECIFIED.,.F.,.F.,(4,1,4),(0.,0.00737221850452971,0.0153621667612546),
 .UNSPECIFIED.);
#438=B_SPLINE_CURVE_WITH_KNOTS('',3,(#10434,#10435,#10436,#10437,#10438),
 .UNSPECIFIED.,.F.,.F.,(4,1,4),(-0.0153621667612546,-0.00737221850452971,
0.),.UNSPECIFIED.);
#439=B_SPLINE_CURVE_WITH_KNOTS('',3,(#10451,#10452,#10453,#10454,#10455),
 .UNSPECIFIED.,.F.,.F.,(4,1,4),(0.,0.00589937424896773,0.0107896317354111),
 .UNSPECIFIED.);
#440=B_SPLINE_CURVE_WITH_KNOTS('',3,(#10457,#10458,#10459,#10460,#10461),
 .UNSPECIFIED.,.F.,.F.,(4,1,4),(-0.0107896317354111,-0.00589937424896773,
0.),.UNSPECIFIED.);
#441=B_SPLINE_CURVE_WITH_KNOTS('',3,(#10474,#10475,#10476,#10477,#10478),
 .UNSPECIFIED.,.F.,.F.,(4,1,4),(0.,0.00433046889231609,0.00828906600749898),
 .UNSPECIFIED.);
#442=B_SPLINE_CURVE_WITH_KNOTS('',3,(#10480,#10481,#10482,#10483,#10484),
 .UNSPECIFIED.,.F.,.F.,(4,1,4),(-0.00828906600749898,-0.00433046889231609,
0.),.UNSPECIFIED.);
#443=B_SPLINE_CURVE_WITH_KNOTS('',3,(#10497,#10498,#10499,#10500,#10501),
 .UNSPECIFIED.,.F.,.F.,(4,1,4),(0.,0.0037808921248785,0.00793586364418915),
 .UNSPECIFIED.);
#444=B_SPLINE_CURVE_WITH_KNOTS('',3,(#10503,#10504,#10505,#10506,#10507),
 .UNSPECIFIED.,.F.,.F.,(4,1,4),(-0.00793586364418915,-0.0037808921248785,
0.),.UNSPECIFIED.);
#445=B_SPLINE_CURVE_WITH_KNOTS('',3,(#10520,#10521,#10522,#10523,#10524),
 .UNSPECIFIED.,.F.,.F.,(4,1,4),(0.,0.00640003688916947,0.0169460496142016),
 .UNSPECIFIED.);
#446=B_SPLINE_CURVE_WITH_KNOTS('',3,(#10526,#10527,#10528,#10529,#10530),
 .UNSPECIFIED.,.F.,.F.,(4,1,4),(-0.0169460496142016,-0.00640003688916947,
0.),.UNSPECIFIED.);
#447=B_SPLINE_CURVE_WITH_KNOTS('',3,(#10543,#10544,#10545,#10546,#10547),
 .UNSPECIFIED.,.F.,.F.,(4,1,4),(0.,0.0182061268219035,0.0316450997791376),
 .UNSPECIFIED.);
#448=B_SPLINE_CURVE_WITH_KNOTS('',3,(#10549,#10550,#10551,#10552,#10553),
 .UNSPECIFIED.,.F.,.F.,(4,1,4),(-0.0316450997791376,-0.0182061268219035,
0.),.UNSPECIFIED.);
#449=B_SPLINE_CURVE_WITH_KNOTS('',3,(#10566,#10567,#10568,#10569,#10570),
 .UNSPECIFIED.,.F.,.F.,(4,1,4),(0.,0.0108187939067601,0.0217316771917069),
 .UNSPECIFIED.);
#450=B_SPLINE_CURVE_WITH_KNOTS('',3,(#10572,#10573,#10574,#10575,#10576),
 .UNSPECIFIED.,.F.,.F.,(4,1,4),(-0.0217316771917069,-0.0108187939067601,
0.),.UNSPECIFIED.);
#451=B_SPLINE_CURVE_WITH_KNOTS('',3,(#10589,#10590,#10591,#10592,#10593),
 .UNSPECIFIED.,.F.,.F.,(4,1,4),(0.,0.00756797467051287,0.0153565309065214),
 .UNSPECIFIED.);
#452=B_SPLINE_CURVE_WITH_KNOTS('',3,(#10595,#10596,#10597,#10598,#10599),
 .UNSPECIFIED.,.F.,.F.,(4,1,4),(-0.0153565309065214,-0.00756797467051287,
0.),.UNSPECIFIED.);
#453=B_SPLINE_CURVE_WITH_KNOTS('',3,(#10612,#10613,#10614,#10615,#10616),
 .UNSPECIFIED.,.F.,.F.,(4,1,4),(0.,0.00831666585977893,0.0174152338906666),
 .UNSPECIFIED.);
#454=B_SPLINE_CURVE_WITH_KNOTS('',3,(#10618,#10619,#10620,#10621,#10622),
 .UNSPECIFIED.,.F.,.F.,(4,1,4),(-0.0174152338906666,-0.00831666585977893,
0.),.UNSPECIFIED.);
#455=B_SPLINE_CURVE_WITH_KNOTS('',3,(#10635,#10636,#10637,#10638,#10639),
 .UNSPECIFIED.,.F.,.F.,(4,1,4),(0.,0.0110635904166089,0.0250651426715763),
 .UNSPECIFIED.);
#456=B_SPLINE_CURVE_WITH_KNOTS('',3,(#10641,#10642,#10643,#10644,#10645),
 .UNSPECIFIED.,.F.,.F.,(4,1,4),(-0.0250651426715763,-0.0110635904166089,
0.),.UNSPECIFIED.);
#457=B_SPLINE_CURVE_WITH_KNOTS('',3,(#10658,#10659,#10660,#10661,#10662),
 .UNSPECIFIED.,.F.,.F.,(4,1,4),(0.,0.016977362351291,0.0304105872394851),
 .UNSPECIFIED.);
#458=B_SPLINE_CURVE_WITH_KNOTS('',3,(#10664,#10665,#10666,#10667,#10668),
 .UNSPECIFIED.,.F.,.F.,(4,1,4),(-0.0304105872394851,-0.016977362351291,
0.),.UNSPECIFIED.);
#459=B_SPLINE_CURVE_WITH_KNOTS('',3,(#10681,#10682,#10683,#10684,#10685),
 .UNSPECIFIED.,.F.,.F.,(4,1,4),(0.,0.0122306530549071,0.0262388850279408),
 .UNSPECIFIED.);
#460=B_SPLINE_CURVE_WITH_KNOTS('',3,(#10687,#10688,#10689,#10690,#10691),
 .UNSPECIFIED.,.F.,.F.,(4,1,4),(-0.0262388850279408,-0.0122306530549071,
0.),.UNSPECIFIED.);
#461=B_SPLINE_CURVE_WITH_KNOTS('',3,(#10710,#10711,#10712,#10713,#10714),
 .UNSPECIFIED.,.F.,.F.,(4,1,4),(0.,0.00610589618958703,0.0111612521815801),
 .UNSPECIFIED.);
#462=B_SPLINE_CURVE_WITH_KNOTS('',3,(#10716,#10717,#10718,#10719,#10720),
 .UNSPECIFIED.,.F.,.F.,(4,1,4),(-0.0111612521815801,-0.00610589618958703,
0.),.UNSPECIFIED.);
#463=B_SPLINE_CURVE_WITH_KNOTS('',3,(#10733,#10734,#10735,#10736,#10737),
 .UNSPECIFIED.,.F.,.F.,(4,1,4),(0.,0.00496564810825666,0.0108481133006924),
 .UNSPECIFIED.);
#464=B_SPLINE_CURVE_WITH_KNOTS('',3,(#10739,#10740,#10741,#10742,#10743),
 .UNSPECIFIED.,.F.,.F.,(4,1,4),(-0.0108481133006924,-0.00496564810825666,
0.),.UNSPECIFIED.);
#465=B_SPLINE_CURVE_WITH_KNOTS('',3,(#10756,#10757,#10758,#10759,#10760),
 .UNSPECIFIED.,.F.,.F.,(4,1,4),(0.,0.0047591901124021,0.00857259262257064),
 .UNSPECIFIED.);
#466=B_SPLINE_CURVE_WITH_KNOTS('',3,(#10762,#10763,#10764,#10765,#10766),
 .UNSPECIFIED.,.F.,.F.,(4,1,4),(-0.00857259262257064,-0.0047591901124021,
0.),.UNSPECIFIED.);
#467=B_SPLINE_CURVE_WITH_KNOTS('',3,(#10779,#10780,#10781,#10782,#10783),
 .UNSPECIFIED.,.F.,.F.,(4,1,4),(0.,0.00323602308702304,0.00633055696324638),
 .UNSPECIFIED.);
#468=B_SPLINE_CURVE_WITH_KNOTS('',3,(#10785,#10786,#10787,#10788,#10789),
 .UNSPECIFIED.,.F.,.F.,(4,1,4),(-0.00633055696324638,-0.00323602308702304,
0.),.UNSPECIFIED.);
#469=B_SPLINE_CURVE_WITH_KNOTS('',3,(#10802,#10803,#10804,#10805,#10806),
 .UNSPECIFIED.,.F.,.F.,(4,1,4),(0.,0.00233684875704137,0.00497662784338388),
 .UNSPECIFIED.);
#470=B_SPLINE_CURVE_WITH_KNOTS('',3,(#10808,#10809,#10810,#10811,#10812),
 .UNSPECIFIED.,.F.,.F.,(4,1,4),(-0.00497662784338388,-0.00233684875704137,
0.),.UNSPECIFIED.);
#471=B_SPLINE_CURVE_WITH_KNOTS('',3,(#10825,#10826,#10827,#10828,#10829),
 .UNSPECIFIED.,.F.,.F.,(4,1,4),(0.,0.00414922287994007,0.0110653426049737),
 .UNSPECIFIED.);
#472=B_SPLINE_CURVE_WITH_KNOTS('',3,(#10831,#10832,#10833,#10834,#10835),
 .UNSPECIFIED.,.F.,.F.,(4,1,4),(-0.0110653426049737,-0.00414922287994007,
0.),.UNSPECIFIED.);
#473=B_SPLINE_CURVE_WITH_KNOTS('',3,(#10848,#10849,#10850,#10851,#10852),
 .UNSPECIFIED.,.F.,.F.,(4,1,4),(0.,0.0179255448670303,0.0303686016400657),
 .UNSPECIFIED.);
#474=B_SPLINE_CURVE_WITH_KNOTS('',3,(#10854,#10855,#10856,#10857,#10858),
 .UNSPECIFIED.,.F.,.F.,(4,1,4),(-0.0303686016400657,-0.0179255448670303,
0.),.UNSPECIFIED.);
#475=B_SPLINE_CURVE_WITH_KNOTS('',3,(#10871,#10872,#10873,#10874,#10875),
 .UNSPECIFIED.,.F.,.F.,(4,1,4),(0.,0.00907655212097666,0.0170487187256852),
 .UNSPECIFIED.);
#476=B_SPLINE_CURVE_WITH_KNOTS('',3,(#10877,#10878,#10879,#10880,#10881),
 .UNSPECIFIED.,.F.,.F.,(4,1,4),(-0.0170487187256852,-0.00907655212097666,
0.),.UNSPECIFIED.);
#477=B_SPLINE_CURVE_WITH_KNOTS('',3,(#10894,#10895,#10896,#10897,#10898),
 .UNSPECIFIED.,.F.,.F.,(4,1,4),(0.,0.00763120482405041,0.015489190830241),
 .UNSPECIFIED.);
#478=B_SPLINE_CURVE_WITH_KNOTS('',3,(#10900,#10901,#10902,#10903,#10904),
 .UNSPECIFIED.,.F.,.F.,(4,1,4),(-0.015489190830241,-0.00763120482405041,
0.),.UNSPECIFIED.);
#479=B_SPLINE_CURVE_WITH_KNOTS('',3,(#10917,#10918,#10919,#10920,#10921),
 .UNSPECIFIED.,.F.,.F.,(4,1,4),(0.,0.0093380544197359,0.0187213498215009),
 .UNSPECIFIED.);
#480=B_SPLINE_CURVE_WITH_KNOTS('',3,(#10923,#10924,#10925,#10926,#10927),
 .UNSPECIFIED.,.F.,.F.,(4,1,4),(-0.0187213498215009,-0.0093380544197359,
0.),.UNSPECIFIED.);
#481=B_SPLINE_CURVE_WITH_KNOTS('',3,(#10940,#10941,#10942,#10943,#10944),
 .UNSPECIFIED.,.F.,.F.,(4,1,4),(0.,0.00957772959733353,0.0195364064222586),
 .UNSPECIFIED.);
#482=B_SPLINE_CURVE_WITH_KNOTS('',3,(#10946,#10947,#10948,#10949,#10950),
 .UNSPECIFIED.,.F.,.F.,(4,1,4),(-0.0195364064222586,-0.00957772959733353,
0.),.UNSPECIFIED.);
#483=B_SPLINE_CURVE_WITH_KNOTS('',3,(#10963,#10964,#10965,#10966,#10967),
 .UNSPECIFIED.,.F.,.F.,(4,1,4),(0.,0.0112367271401556,0.0245618422635831),
 .UNSPECIFIED.);
#484=B_SPLINE_CURVE_WITH_KNOTS('',3,(#10969,#10970,#10971,#10972,#10973),
 .UNSPECIFIED.,.F.,.F.,(4,1,4),(-0.0245618422635831,-0.0112367271401556,
0.),.UNSPECIFIED.);
#485=B_SPLINE_CURVE_WITH_KNOTS('',3,(#10986,#10987,#10988,#10989,#10990),
 .UNSPECIFIED.,.F.,.F.,(4,1,4),(0.,0.0217285659620376,0.0373232569457076),
 .UNSPECIFIED.);
#486=B_SPLINE_CURVE_WITH_KNOTS('',3,(#10992,#10993,#10994,#10995,#10996),
 .UNSPECIFIED.,.F.,.F.,(4,1,4),(-0.0373232569457076,-0.0217285659620376,
0.),.UNSPECIFIED.);
#487=B_SPLINE_CURVE_WITH_KNOTS('',3,(#11008,#11009,#11010,#11011,#11012),
 .UNSPECIFIED.,.F.,.F.,(4,1,4),(0.,0.013547562233116,0.027779590724718),
 .UNSPECIFIED.);
#488=B_SPLINE_CURVE_WITH_KNOTS('',3,(#11013,#11014,#11015,#11016,#11017),
 .UNSPECIFIED.,.F.,.F.,(4,1,4),(-0.027779590724718,-0.013547562233116,0.),
 .UNSPECIFIED.);
#489=B_SPLINE_CURVE_WITH_KNOTS('',3,(#11045,#11046,#11047,#11048,#11049),
 .UNSPECIFIED.,.F.,.F.,(4,1,4),(0.,0.00830469011010975,0.014020266562401),
 .UNSPECIFIED.);
#490=B_SPLINE_CURVE_WITH_KNOTS('',3,(#11051,#11052,#11053,#11054,#11055),
 .UNSPECIFIED.,.F.,.F.,(4,1,4),(-0.014020266562401,-0.00830469011010975,
0.),.UNSPECIFIED.);
#491=B_SPLINE_CURVE_WITH_KNOTS('',3,(#11068,#11069,#11070,#11071,#11072),
 .UNSPECIFIED.,.F.,.F.,(4,1,4),(0.,0.00470346620131311,0.0100146670561142),
 .UNSPECIFIED.);
#492=B_SPLINE_CURVE_WITH_KNOTS('',3,(#11074,#11075,#11076,#11077,#11078),
 .UNSPECIFIED.,.F.,.F.,(4,1,4),(-0.0100146670561142,-0.00470346620131311,
0.),.UNSPECIFIED.);
#493=B_SPLINE_CURVE_WITH_KNOTS('',3,(#11091,#11092,#11093,#11094,#11095),
 .UNSPECIFIED.,.F.,.F.,(4,1,4),(0.,0.00725458033537834,0.0176221060546183),
 .UNSPECIFIED.);
#494=B_SPLINE_CURVE_WITH_KNOTS('',3,(#11097,#11098,#11099,#11100,#11101),
 .UNSPECIFIED.,.F.,.F.,(4,1,4),(-0.0176221060546183,-0.00725458033537834,
0.),.UNSPECIFIED.);
#495=B_SPLINE_CURVE_WITH_KNOTS('',3,(#11114,#11115,#11116,#11117,#11118),
 .UNSPECIFIED.,.F.,.F.,(4,1,4),(0.,0.0134493631265457,0.0226811994477444),
 .UNSPECIFIED.);
#496=B_SPLINE_CURVE_WITH_KNOTS('',3,(#11120,#11121,#11122,#11123,#11124),
 .UNSPECIFIED.,.F.,.F.,(4,1,4),(-0.0226811994477444,-0.0134493631265457,
0.),.UNSPECIFIED.);
#497=B_SPLINE_CURVE_WITH_KNOTS('',3,(#11137,#11138,#11139,#11140,#11141),
 .UNSPECIFIED.,.F.,.F.,(4,1,4),(0.,0.00817451792477679,0.0185785318191704),
 .UNSPECIFIED.);
#498=B_SPLINE_CURVE_WITH_KNOTS('',3,(#11143,#11144,#11145,#11146,#11147),
 .UNSPECIFIED.,.F.,.F.,(4,1,4),(-0.0185785318191704,-0.00817451792477679,
0.),.UNSPECIFIED.);
#499=B_SPLINE_CURVE_WITH_KNOTS('',3,(#11172,#11173,#11174,#11175,#11176),
 .UNSPECIFIED.,.F.,.F.,(4,1,4),(0.,0.0122957735774922,0.0223190708160694),
 .UNSPECIFIED.);
#500=B_SPLINE_CURVE_WITH_KNOTS('',3,(#11178,#11179,#11180,#11181,#11182),
 .UNSPECIFIED.,.F.,.F.,(4,1,4),(-0.0223190708160694,-0.0122957735774922,
0.),.UNSPECIFIED.);
#501=B_SPLINE_CURVE_WITH_KNOTS('',3,(#11195,#11196,#11197,#11198,#11199),
 .UNSPECIFIED.,.F.,.F.,(4,1,4),(0.,0.00887374443477979,0.0175561122013417),
 .UNSPECIFIED.);
#502=B_SPLINE_CURVE_WITH_KNOTS('',3,(#11201,#11202,#11203,#11204,#11205),
 .UNSPECIFIED.,.F.,.F.,(4,1,4),(-0.0175561122013417,-0.00887374443477979,
0.),.UNSPECIFIED.);
#503=B_SPLINE_CURVE_WITH_KNOTS('',3,(#11218,#11219,#11220,#11221,#11222),
 .UNSPECIFIED.,.F.,.F.,(4,1,4),(0.,0.00881414473832176,0.0179714573661246),
 .UNSPECIFIED.);
#504=B_SPLINE_CURVE_WITH_KNOTS('',3,(#11224,#11225,#11226,#11227,#11228),
 .UNSPECIFIED.,.F.,.F.,(4,1,4),(-0.0179714573661246,-0.00881414473832176,
0.),.UNSPECIFIED.);
#505=B_SPLINE_CURVE_WITH_KNOTS('',3,(#11241,#11242,#11243,#11244,#11245),
 .UNSPECIFIED.,.F.,.F.,(4,1,4),(0.,0.00959184356226027,0.0195698203109805),
 .UNSPECIFIED.);
#506=B_SPLINE_CURVE_WITH_KNOTS('',3,(#11247,#11248,#11249,#11250,#11251),
 .UNSPECIFIED.,.F.,.F.,(4,1,4),(-0.0195698203109805,-0.00959184356226027,
0.),.UNSPECIFIED.);
#507=B_SPLINE_CURVE_WITH_KNOTS('',3,(#11264,#11265,#11266,#11267,#11268),
 .UNSPECIFIED.,.F.,.F.,(4,1,4),(0.,0.0142691679317841,0.0252796465910837),
 .UNSPECIFIED.);
#508=B_SPLINE_CURVE_WITH_KNOTS('',3,(#11270,#11271,#11272,#11273,#11274),
 .UNSPECIFIED.,.F.,.F.,(4,1,4),(-0.0252796465910837,-0.0142691679317841,
0.),.UNSPECIFIED.);
#509=B_SPLINE_CURVE_WITH_KNOTS('',3,(#11287,#11288,#11289,#11290,#11291),
 .UNSPECIFIED.,.F.,.F.,(4,1,4),(0.,0.00918567028653485,0.0180252926846411),
 .UNSPECIFIED.);
#510=B_SPLINE_CURVE_WITH_KNOTS('',3,(#11293,#11294,#11295,#11296,#11297),
 .UNSPECIFIED.,.F.,.F.,(4,1,4),(-0.0180252926846411,-0.00918567028653485,
0.),.UNSPECIFIED.);
#511=B_SPLINE_CURVE_WITH_KNOTS('',3,(#11310,#11311,#11312,#11313,#11314),
 .UNSPECIFIED.,.F.,.F.,(4,1,4),(0.,0.00834277330002042,0.016126960737374),
 .UNSPECIFIED.);
#512=B_SPLINE_CURVE_WITH_KNOTS('',3,(#11316,#11317,#11318,#11319,#11320),
 .UNSPECIFIED.,.F.,.F.,(4,1,4),(-0.016126960737374,-0.00834277330002042,
0.),.UNSPECIFIED.);
#513=B_SPLINE_CURVE_WITH_KNOTS('',3,(#11333,#11334,#11335,#11336,#11337),
 .UNSPECIFIED.,.F.,.F.,(4,1,4),(0.,0.00990001127024227,0.0186578613630316),
 .UNSPECIFIED.);
#514=B_SPLINE_CURVE_WITH_KNOTS('',3,(#11339,#11340,#11341,#11342,#11343),
 .UNSPECIFIED.,.F.,.F.,(4,1,4),(-0.0186578613630316,-0.00990001127024227,
0.),.UNSPECIFIED.);
#515=TOROIDAL_SURFACE('',#6140,0.2,0.1);
#516=TOROIDAL_SURFACE('',#6145,0.4,0.1);
#517=TOROIDAL_SURFACE('',#6152,0.2,0.1);
#518=TOROIDAL_SURFACE('',#6160,0.4,0.1);
#519=TOROIDAL_SURFACE('',#6168,0.2,0.1);
#520=TOROIDAL_SURFACE('',#6172,0.4,0.1);
#521=TOROIDAL_SURFACE('',#6179,0.2,0.1);
#522=TOROIDAL_SURFACE('',#6187,0.4,0.1);
#523=TOROIDAL_SURFACE('',#6194,0.2,0.0999999999999979);
#524=TOROIDAL_SURFACE('',#6203,0.2,0.0999999999999979);
#525=TOROIDAL_SURFACE('',#6218,0.2,0.0999999999999979);
#526=TOROIDAL_SURFACE('',#6222,0.2,0.1);
#527=TOROIDAL_SURFACE('',#6327,1.3,0.1);
#528=TOROIDAL_SURFACE('',#6334,1.3,0.1);
#529=TOROIDAL_SURFACE('',#6340,1.3,0.1);
#530=TOROIDAL_SURFACE('',#6346,1.3,0.1);
#531=TOROIDAL_SURFACE('',#6364,1.,0.6);
#532=TOROIDAL_SURFACE('',#6413,5.3221020411313,2.);
#533=FACE_OUTER_BOUND('',#882,.T.);
#534=FACE_OUTER_BOUND('',#883,.T.);
#535=FACE_OUTER_BOUND('',#884,.T.);
#536=FACE_OUTER_BOUND('',#885,.T.);
#537=FACE_OUTER_BOUND('',#886,.T.);
#538=FACE_OUTER_BOUND('',#887,.T.);
#539=FACE_OUTER_BOUND('',#888,.T.);
#540=FACE_OUTER_BOUND('',#889,.T.);
#541=FACE_OUTER_BOUND('',#890,.T.);
#542=FACE_OUTER_BOUND('',#891,.T.);
#543=FACE_OUTER_BOUND('',#892,.T.);
#544=FACE_OUTER_BOUND('',#893,.T.);
#545=FACE_OUTER_BOUND('',#894,.T.);
#546=FACE_OUTER_BOUND('',#895,.T.);
#547=FACE_OUTER_BOUND('',#896,.T.);
#548=FACE_OUTER_BOUND('',#897,.T.);
#549=FACE_OUTER_BOUND('',#898,.T.);
#550=FACE_OUTER_BOUND('',#899,.T.);
#551=FACE_OUTER_BOUND('',#900,.T.);
#552=FACE_OUTER_BOUND('',#901,.T.);
#553=FACE_OUTER_BOUND('',#902,.T.);
#554=FACE_OUTER_BOUND('',#903,.T.);
#555=FACE_OUTER_BOUND('',#904,.T.);
#556=FACE_OUTER_BOUND('',#905,.T.);
#557=FACE_OUTER_BOUND('',#906,.T.);
#558=FACE_OUTER_BOUND('',#907,.T.);
#559=FACE_OUTER_BOUND('',#908,.T.);
#560=FACE_OUTER_BOUND('',#909,.T.);
#561=FACE_OUTER_BOUND('',#910,.T.);
#562=FACE_OUTER_BOUND('',#911,.T.);
#563=FACE_OUTER_BOUND('',#912,.T.);
#564=FACE_OUTER_BOUND('',#913,.T.);
#565=FACE_OUTER_BOUND('',#914,.T.);
#566=FACE_OUTER_BOUND('',#915,.T.);
#567=FACE_OUTER_BOUND('',#916,.T.);
#568=FACE_OUTER_BOUND('',#919,.T.);
#569=FACE_OUTER_BOUND('',#920,.T.);
#570=FACE_OUTER_BOUND('',#921,.T.);
#571=FACE_OUTER_BOUND('',#922,.T.);
#572=FACE_OUTER_BOUND('',#923,.T.);
#573=FACE_OUTER_BOUND('',#924,.T.);
#574=FACE_OUTER_BOUND('',#925,.T.);
#575=FACE_OUTER_BOUND('',#926,.T.);
#576=FACE_OUTER_BOUND('',#927,.T.);
#577=FACE_OUTER_BOUND('',#928,.T.);
#578=FACE_OUTER_BOUND('',#929,.T.);
#579=FACE_OUTER_BOUND('',#930,.T.);
#580=FACE_OUTER_BOUND('',#931,.T.);
#581=FACE_OUTER_BOUND('',#932,.T.);
#582=FACE_OUTER_BOUND('',#933,.T.);
#583=FACE_OUTER_BOUND('',#934,.T.);
#584=FACE_OUTER_BOUND('',#935,.T.);
#585=FACE_OUTER_BOUND('',#936,.T.);
#586=FACE_OUTER_BOUND('',#937,.T.);
#587=FACE_OUTER_BOUND('',#938,.T.);
#588=FACE_OUTER_BOUND('',#939,.T.);
#589=FACE_OUTER_BOUND('',#940,.T.);
#590=FACE_OUTER_BOUND('',#941,.T.);
#591=FACE_OUTER_BOUND('',#942,.T.);
#592=FACE_OUTER_BOUND('',#943,.T.);
#593=FACE_OUTER_BOUND('',#944,.T.);
#594=FACE_OUTER_BOUND('',#945,.T.);
#595=FACE_OUTER_BOUND('',#946,.T.);
#596=FACE_OUTER_BOUND('',#947,.T.);
#597=FACE_OUTER_BOUND('',#948,.T.);
#598=FACE_OUTER_BOUND('',#949,.T.);
#599=FACE_OUTER_BOUND('',#950,.T.);
#600=FACE_OUTER_BOUND('',#951,.T.);
#601=FACE_OUTER_BOUND('',#952,.T.);
#602=FACE_OUTER_BOUND('',#953,.T.);
#603=FACE_OUTER_BOUND('',#954,.T.);
#604=FACE_OUTER_BOUND('',#955,.T.);
#605=FACE_OUTER_BOUND('',#956,.T.);
#606=FACE_OUTER_BOUND('',#957,.T.);
#607=FACE_OUTER_BOUND('',#958,.T.);
#608=FACE_OUTER_BOUND('',#959,.T.);
#609=FACE_OUTER_BOUND('',#960,.T.);
#610=FACE_OUTER_BOUND('',#961,.T.);
#611=FACE_OUTER_BOUND('',#962,.T.);
#612=FACE_OUTER_BOUND('',#963,.T.);
#613=FACE_OUTER_BOUND('',#964,.T.);
#614=FACE_OUTER_BOUND('',#965,.T.);
#615=FACE_OUTER_BOUND('',#966,.T.);
#616=FACE_OUTER_BOUND('',#967,.T.);
#617=FACE_OUTER_BOUND('',#968,.T.);
#618=FACE_OUTER_BOUND('',#969,.T.);
#619=FACE_OUTER_BOUND('',#970,.T.);
#620=FACE_OUTER_BOUND('',#971,.T.);
#621=FACE_OUTER_BOUND('',#972,.T.);
#622=FACE_OUTER_BOUND('',#973,.T.);
#623=FACE_OUTER_BOUND('',#974,.T.);
#624=FACE_OUTER_BOUND('',#975,.T.);
#625=FACE_OUTER_BOUND('',#976,.T.);
#626=FACE_OUTER_BOUND('',#977,.T.);
#627=FACE_OUTER_BOUND('',#978,.T.);
#628=FACE_OUTER_BOUND('',#979,.T.);
#629=FACE_OUTER_BOUND('',#980,.T.);
#630=FACE_OUTER_BOUND('',#981,.T.);
#631=FACE_OUTER_BOUND('',#982,.T.);
#632=FACE_OUTER_BOUND('',#984,.T.);
#633=FACE_OUTER_BOUND('',#985,.T.);
#634=FACE_OUTER_BOUND('',#986,.T.);
#635=FACE_OUTER_BOUND('',#987,.T.);
#636=FACE_OUTER_BOUND('',#988,.T.);
#637=FACE_OUTER_BOUND('',#989,.T.);
#638=FACE_OUTER_BOUND('',#990,.T.);
#639=FACE_OUTER_BOUND('',#991,.T.);
#640=FACE_OUTER_BOUND('',#992,.T.);
#641=FACE_OUTER_BOUND('',#993,.T.);
#642=FACE_OUTER_BOUND('',#994,.T.);
#643=FACE_OUTER_BOUND('',#995,.T.);
#644=FACE_OUTER_BOUND('',#996,.T.);
#645=FACE_OUTER_BOUND('',#997,.T.);
#646=FACE_OUTER_BOUND('',#998,.T.);
#647=FACE_OUTER_BOUND('',#999,.T.);
#648=FACE_OUTER_BOUND('',#1001,.T.);
#649=FACE_OUTER_BOUND('',#1002,.T.);
#650=FACE_OUTER_BOUND('',#1003,.T.);
#651=FACE_OUTER_BOUND('',#1004,.T.);
#652=FACE_OUTER_BOUND('',#1005,.T.);
#653=FACE_OUTER_BOUND('',#1006,.T.);
#654=FACE_OUTER_BOUND('',#1007,.T.);
#655=FACE_OUTER_BOUND('',#1008,.T.);
#656=FACE_OUTER_BOUND('',#1009,.T.);
#657=FACE_OUTER_BOUND('',#1010,.T.);
#658=FACE_OUTER_BOUND('',#1011,.T.);
#659=FACE_OUTER_BOUND('',#1012,.T.);
#660=FACE_OUTER_BOUND('',#1014,.T.);
#661=FACE_OUTER_BOUND('',#1015,.T.);
#662=FACE_OUTER_BOUND('',#1017,.T.);
#663=FACE_OUTER_BOUND('',#1018,.T.);
#664=FACE_OUTER_BOUND('',#1019,.T.);
#665=FACE_OUTER_BOUND('',#1020,.T.);
#666=FACE_OUTER_BOUND('',#1021,.T.);
#667=FACE_OUTER_BOUND('',#1022,.T.);
#668=FACE_OUTER_BOUND('',#1023,.T.);
#669=FACE_OUTER_BOUND('',#1024,.T.);
#670=FACE_OUTER_BOUND('',#1025,.T.);
#671=FACE_OUTER_BOUND('',#1026,.T.);
#672=FACE_OUTER_BOUND('',#1027,.T.);
#673=FACE_OUTER_BOUND('',#1028,.T.);
#674=FACE_OUTER_BOUND('',#1029,.T.);
#675=FACE_OUTER_BOUND('',#1030,.T.);
#676=FACE_OUTER_BOUND('',#1031,.T.);
#677=FACE_OUTER_BOUND('',#1032,.T.);
#678=FACE_OUTER_BOUND('',#1033,.T.);
#679=FACE_OUTER_BOUND('',#1034,.T.);
#680=FACE_OUTER_BOUND('',#1035,.T.);
#681=FACE_OUTER_BOUND('',#1036,.T.);
#682=FACE_OUTER_BOUND('',#1037,.T.);
#683=FACE_OUTER_BOUND('',#1038,.T.);
#684=FACE_OUTER_BOUND('',#1039,.T.);
#685=FACE_OUTER_BOUND('',#1040,.T.);
#686=FACE_OUTER_BOUND('',#1042,.T.);
#687=FACE_OUTER_BOUND('',#1043,.T.);
#688=FACE_OUTER_BOUND('',#1044,.T.);
#689=FACE_OUTER_BOUND('',#1045,.T.);
#690=FACE_OUTER_BOUND('',#1046,.T.);
#691=FACE_OUTER_BOUND('',#1047,.T.);
#692=FACE_OUTER_BOUND('',#1048,.T.);
#693=FACE_OUTER_BOUND('',#1049,.T.);
#694=FACE_OUTER_BOUND('',#1050,.T.);
#695=FACE_OUTER_BOUND('',#1051,.T.);
#696=FACE_OUTER_BOUND('',#1052,.T.);
#697=FACE_OUTER_BOUND('',#1053,.T.);
#698=FACE_OUTER_BOUND('',#1054,.T.);
#699=FACE_OUTER_BOUND('',#1055,.T.);
#700=FACE_OUTER_BOUND('',#1056,.T.);
#701=FACE_OUTER_BOUND('',#1057,.T.);
#702=FACE_OUTER_BOUND('',#1058,.T.);
#703=FACE_OUTER_BOUND('',#1059,.T.);
#704=FACE_OUTER_BOUND('',#1060,.T.);
#705=FACE_OUTER_BOUND('',#1061,.T.);
#706=FACE_OUTER_BOUND('',#1062,.T.);
#707=FACE_OUTER_BOUND('',#1063,.T.);
#708=FACE_OUTER_BOUND('',#1064,.T.);
#709=FACE_OUTER_BOUND('',#1065,.T.);
#710=FACE_OUTER_BOUND('',#1066,.T.);
#711=FACE_OUTER_BOUND('',#1069,.T.);
#712=FACE_OUTER_BOUND('',#1070,.T.);
#713=FACE_OUTER_BOUND('',#1071,.T.);
#714=FACE_OUTER_BOUND('',#1072,.T.);
#715=FACE_OUTER_BOUND('',#1073,.T.);
#716=FACE_OUTER_BOUND('',#1074,.T.);
#717=FACE_OUTER_BOUND('',#1075,.T.);
#718=FACE_OUTER_BOUND('',#1076,.T.);
#719=FACE_OUTER_BOUND('',#1077,.T.);
#720=FACE_OUTER_BOUND('',#1078,.T.);
#721=FACE_OUTER_BOUND('',#1079,.T.);
#722=FACE_OUTER_BOUND('',#1080,.T.);
#723=FACE_OUTER_BOUND('',#1081,.T.);
#724=FACE_OUTER_BOUND('',#1082,.T.);
#725=FACE_OUTER_BOUND('',#1083,.T.);
#726=FACE_OUTER_BOUND('',#1084,.T.);
#727=FACE_OUTER_BOUND('',#1085,.T.);
#728=FACE_OUTER_BOUND('',#1086,.T.);
#729=FACE_OUTER_BOUND('',#1087,.T.);
#730=FACE_OUTER_BOUND('',#1088,.T.);
#731=FACE_OUTER_BOUND('',#1089,.T.);
#732=FACE_OUTER_BOUND('',#1090,.T.);
#733=FACE_OUTER_BOUND('',#1091,.T.);
#734=FACE_OUTER_BOUND('',#1092,.T.);
#735=FACE_OUTER_BOUND('',#1093,.T.);
#736=FACE_OUTER_BOUND('',#1094,.T.);
#737=FACE_OUTER_BOUND('',#1095,.T.);
#738=FACE_OUTER_BOUND('',#1096,.T.);
#739=FACE_OUTER_BOUND('',#1097,.T.);
#740=FACE_OUTER_BOUND('',#1098,.T.);
#741=FACE_OUTER_BOUND('',#1099,.T.);
#742=FACE_OUTER_BOUND('',#1100,.T.);
#743=FACE_OUTER_BOUND('',#1101,.T.);
#744=FACE_OUTER_BOUND('',#1102,.T.);
#745=FACE_OUTER_BOUND('',#1103,.T.);
#746=FACE_OUTER_BOUND('',#1104,.T.);
#747=FACE_OUTER_BOUND('',#1105,.T.);
#748=FACE_OUTER_BOUND('',#1106,.T.);
#749=FACE_OUTER_BOUND('',#1107,.T.);
#750=FACE_OUTER_BOUND('',#1108,.T.);
#751=FACE_OUTER_BOUND('',#1109,.T.);
#752=FACE_OUTER_BOUND('',#1110,.T.);
#753=FACE_OUTER_BOUND('',#1111,.T.);
#754=FACE_OUTER_BOUND('',#1112,.T.);
#755=FACE_OUTER_BOUND('',#1113,.T.);
#756=FACE_OUTER_BOUND('',#1114,.T.);
#757=FACE_OUTER_BOUND('',#1115,.T.);
#758=FACE_OUTER_BOUND('',#1116,.T.);
#759=FACE_OUTER_BOUND('',#1117,.T.);
#760=FACE_OUTER_BOUND('',#1118,.T.);
#761=FACE_OUTER_BOUND('',#1120,.T.);
#762=FACE_OUTER_BOUND('',#1126,.T.);
#763=FACE_OUTER_BOUND('',#1127,.T.);
#764=FACE_OUTER_BOUND('',#1128,.T.);
#765=FACE_OUTER_BOUND('',#1129,.T.);
#766=FACE_OUTER_BOUND('',#1130,.T.);
#767=FACE_OUTER_BOUND('',#1131,.T.);
#768=FACE_OUTER_BOUND('',#1132,.T.);
#769=FACE_OUTER_BOUND('',#1133,.T.);
#770=FACE_OUTER_BOUND('',#1134,.T.);
#771=FACE_OUTER_BOUND('',#1135,.T.);
#772=FACE_OUTER_BOUND('',#1136,.T.);
#773=FACE_OUTER_BOUND('',#1137,.T.);
#774=FACE_OUTER_BOUND('',#1138,.T.);
#775=FACE_OUTER_BOUND('',#1139,.T.);
#776=FACE_OUTER_BOUND('',#1140,.T.);
#777=FACE_OUTER_BOUND('',#1141,.T.);
#778=FACE_OUTER_BOUND('',#1142,.T.);
#779=FACE_OUTER_BOUND('',#1143,.T.);
#780=FACE_OUTER_BOUND('',#1144,.T.);
#781=FACE_OUTER_BOUND('',#1145,.T.);
#782=FACE_OUTER_BOUND('',#1146,.T.);
#783=FACE_OUTER_BOUND('',#1147,.T.);
#784=FACE_OUTER_BOUND('',#1148,.T.);
#785=FACE_OUTER_BOUND('',#1149,.T.);
#786=FACE_OUTER_BOUND('',#1150,.T.);
#787=FACE_OUTER_BOUND('',#1151,.T.);
#788=FACE_OUTER_BOUND('',#1152,.T.);
#789=FACE_OUTER_BOUND('',#1153,.T.);
#790=FACE_OUTER_BOUND('',#1154,.T.);
#791=FACE_OUTER_BOUND('',#1155,.T.);
#792=FACE_OUTER_BOUND('',#1156,.T.);
#793=FACE_OUTER_BOUND('',#1157,.T.);
#794=FACE_OUTER_BOUND('',#1158,.T.);
#795=FACE_OUTER_BOUND('',#1159,.T.);
#796=FACE_OUTER_BOUND('',#1160,.T.);
#797=FACE_OUTER_BOUND('',#1161,.T.);
#798=FACE_OUTER_BOUND('',#1162,.T.);
#799=FACE_OUTER_BOUND('',#1163,.T.);
#800=FACE_OUTER_BOUND('',#1164,.T.);
#801=FACE_OUTER_BOUND('',#1165,.T.);
#802=FACE_OUTER_BOUND('',#1166,.T.);
#803=FACE_OUTER_BOUND('',#1167,.T.);
#804=FACE_OUTER_BOUND('',#1168,.T.);
#805=FACE_OUTER_BOUND('',#1169,.T.);
#806=FACE_OUTER_BOUND('',#1170,.T.);
#807=FACE_OUTER_BOUND('',#1171,.T.);
#808=FACE_OUTER_BOUND('',#1172,.T.);
#809=FACE_OUTER_BOUND('',#1173,.T.);
#810=FACE_OUTER_BOUND('',#1176,.T.);
#811=FACE_OUTER_BOUND('',#1177,.T.);
#812=FACE_OUTER_BOUND('',#1178,.T.);
#813=FACE_OUTER_BOUND('',#1179,.T.);
#814=FACE_OUTER_BOUND('',#1180,.T.);
#815=FACE_OUTER_BOUND('',#1181,.T.);
#816=FACE_OUTER_BOUND('',#1182,.T.);
#817=FACE_OUTER_BOUND('',#1183,.T.);
#818=FACE_OUTER_BOUND('',#1184,.T.);
#819=FACE_OUTER_BOUND('',#1185,.T.);
#820=FACE_OUTER_BOUND('',#1186,.T.);
#821=FACE_OUTER_BOUND('',#1187,.T.);
#822=FACE_OUTER_BOUND('',#1188,.T.);
#823=FACE_OUTER_BOUND('',#1189,.T.);
#824=FACE_OUTER_BOUND('',#1190,.T.);
#825=FACE_OUTER_BOUND('',#1191,.T.);
#826=FACE_OUTER_BOUND('',#1192,.T.);
#827=FACE_OUTER_BOUND('',#1193,.T.);
#828=FACE_OUTER_BOUND('',#1194,.T.);
#829=FACE_OUTER_BOUND('',#1195,.T.);
#830=FACE_OUTER_BOUND('',#1196,.T.);
#831=FACE_OUTER_BOUND('',#1197,.T.);
#832=FACE_OUTER_BOUND('',#1198,.T.);
#833=FACE_OUTER_BOUND('',#1199,.T.);
#834=FACE_OUTER_BOUND('',#1200,.T.);
#835=FACE_OUTER_BOUND('',#1201,.T.);
#836=FACE_OUTER_BOUND('',#1202,.T.);
#837=FACE_OUTER_BOUND('',#1203,.T.);
#838=FACE_OUTER_BOUND('',#1204,.T.);
#839=FACE_OUTER_BOUND('',#1205,.T.);
#840=FACE_OUTER_BOUND('',#1206,.T.);
#841=FACE_OUTER_BOUND('',#1207,.T.);
#842=FACE_OUTER_BOUND('',#1208,.T.);
#843=FACE_OUTER_BOUND('',#1209,.T.);
#844=FACE_OUTER_BOUND('',#1210,.T.);
#845=FACE_OUTER_BOUND('',#1211,.T.);
#846=FACE_OUTER_BOUND('',#1212,.T.);
#847=FACE_OUTER_BOUND('',#1213,.T.);
#848=FACE_OUTER_BOUND('',#1214,.T.);
#849=FACE_OUTER_BOUND('',#1215,.T.);
#850=FACE_OUTER_BOUND('',#1216,.T.);
#851=FACE_OUTER_BOUND('',#1217,.T.);
#852=FACE_OUTER_BOUND('',#1218,.T.);
#853=FACE_OUTER_BOUND('',#1219,.T.);
#854=FACE_OUTER_BOUND('',#1220,.T.);
#855=FACE_OUTER_BOUND('',#1221,.T.);
#856=FACE_OUTER_BOUND('',#1222,.T.);
#857=FACE_OUTER_BOUND('',#1223,.T.);
#858=FACE_OUTER_BOUND('',#1224,.T.);
#859=FACE_OUTER_BOUND('',#1225,.T.);
#860=FACE_OUTER_BOUND('',#1226,.T.);
#861=FACE_OUTER_BOUND('',#1228,.T.);
#862=FACE_OUTER_BOUND('',#1231,.T.);
#863=FACE_OUTER_BOUND('',#1232,.T.);
#864=FACE_OUTER_BOUND('',#1233,.T.);
#865=FACE_OUTER_BOUND('',#1234,.T.);
#866=FACE_OUTER_BOUND('',#1235,.T.);
#867=FACE_OUTER_BOUND('',#1236,.T.);
#868=FACE_OUTER_BOUND('',#1237,.T.);
#869=FACE_OUTER_BOUND('',#1238,.T.);
#870=FACE_OUTER_BOUND('',#1239,.T.);
#871=FACE_OUTER_BOUND('',#1240,.T.);
#872=FACE_OUTER_BOUND('',#1241,.T.);
#873=FACE_OUTER_BOUND('',#1243,.T.);
#874=FACE_OUTER_BOUND('',#1244,.T.);
#875=FACE_OUTER_BOUND('',#1245,.T.);
#876=FACE_OUTER_BOUND('',#1246,.T.);
#877=FACE_OUTER_BOUND('',#1247,.T.);
#878=FACE_OUTER_BOUND('',#1249,.T.);
#879=FACE_OUTER_BOUND('',#1250,.T.);
#880=FACE_OUTER_BOUND('',#1251,.T.);
#881=FACE_OUTER_BOUND('',#1252,.T.);
#882=EDGE_LOOP('',(#3922,#3923,#3924,#3925));
#883=EDGE_LOOP('',(#3926,#3927,#3928,#3929));
#884=EDGE_LOOP('',(#3930,#3931,#3932,#3933));
#885=EDGE_LOOP('',(#3934,#3935,#3936));
#886=EDGE_LOOP('',(#3937,#3938,#3939,#3940,#3941,#3942,#3943,#3944));
#887=EDGE_LOOP('',(#3945,#3946,#3947,#3948,#3949));
#888=EDGE_LOOP('',(#3950,#3951,#3952,#3953));
#889=EDGE_LOOP('',(#3954,#3955,#3956,#3957));
#890=EDGE_LOOP('',(#3958,#3959,#3960,#3961));
#891=EDGE_LOOP('',(#3962,#3963,#3964));
#892=EDGE_LOOP('',(#3965,#3966,#3967,#3968,#3969,#3970,#3971,#3972));
#893=EDGE_LOOP('',(#3973,#3974,#3975,#3976));
#894=EDGE_LOOP('',(#3977,#3978,#3979,#3980));
#895=EDGE_LOOP('',(#3981,#3982,#3983,#3984));
#896=EDGE_LOOP('',(#3985,#3986,#3987));
#897=EDGE_LOOP('',(#3988,#3989,#3990,#3991,#3992,#3993,#3994,#3995));
#898=EDGE_LOOP('',(#3996,#3997,#3998,#3999,#4000));
#899=EDGE_LOOP('',(#4001,#4002,#4003,#4004));
#900=EDGE_LOOP('',(#4005,#4006,#4007,#4008));
#901=EDGE_LOOP('',(#4009,#4010,#4011,#4012));
#902=EDGE_LOOP('',(#4013,#4014,#4015));
#903=EDGE_LOOP('',(#4016,#4017,#4018,#4019,#4020,#4021,#4022,#4023));
#904=EDGE_LOOP('',(#4024,#4025,#4026,#4027,#4028,#4029,#4030,#4031));
#905=EDGE_LOOP('',(#4032,#4033,#4034,#4035));
#906=EDGE_LOOP('',(#4036,#4037,#4038,#4039,#4040));
#907=EDGE_LOOP('',(#4041,#4042,#4043,#4044));
#908=EDGE_LOOP('',(#4045,#4046,#4047,#4048));
#909=EDGE_LOOP('',(#4049,#4050,#4051));
#910=EDGE_LOOP('',(#4052,#4053,#4054,#4055));
#911=EDGE_LOOP('',(#4056,#4057,#4058,#4059));
#912=EDGE_LOOP('',(#4060,#4061,#4062,#4063));
#913=EDGE_LOOP('',(#4064,#4065,#4066,#4067));
#914=EDGE_LOOP('',(#4068,#4069,#4070));
#915=EDGE_LOOP('',(#4071,#4072,#4073,#4074));
#916=EDGE_LOOP('',(#4075,#4076,#4077,#4078,#4079,#4080));
#917=EDGE_LOOP('',(#4081,#4082,#4083,#4084,#4085,#4086,#4087,#4088));
#918=EDGE_LOOP('',(#4089,#4090,#4091,#4092,#4093,#4094,#4095,#4096));
#919=EDGE_LOOP('',(#4097,#4098,#4099,#4100,#4101,#4102,#4103,#4104));
#920=EDGE_LOOP('',(#4105,#4106,#4107,#4108,#4109));
#921=EDGE_LOOP('',(#4110,#4111,#4112,#4113));
#922=EDGE_LOOP('',(#4114,#4115,#4116,#4117));
#923=EDGE_LOOP('',(#4118,#4119,#4120,#4121));
#924=EDGE_LOOP('',(#4122,#4123,#4124,#4125));
#925=EDGE_LOOP('',(#4126,#4127,#4128,#4129));
#926=EDGE_LOOP('',(#4130,#4131,#4132));
#927=EDGE_LOOP('',(#4133,#4134,#4135));
#928=EDGE_LOOP('',(#4136,#4137,#4138,#4139));
#929=EDGE_LOOP('',(#4140,#4141,#4142,#4143));
#930=EDGE_LOOP('',(#4144,#4145,#4146,#4147));
#931=EDGE_LOOP('',(#4148,#4149,#4150,#4151));
#932=EDGE_LOOP('',(#4152,#4153,#4154,#4155));
#933=EDGE_LOOP('',(#4156,#4157,#4158,#4159));
#934=EDGE_LOOP('',(#4160,#4161,#4162,#4163));
#935=EDGE_LOOP('',(#4164,#4165,#4166,#4167));
#936=EDGE_LOOP('',(#4168,#4169,#4170,#4171));
#937=EDGE_LOOP('',(#4172,#4173,#4174,#4175));
#938=EDGE_LOOP('',(#4176,#4177,#4178,#4179,#4180,#4181));
#939=EDGE_LOOP('',(#4182,#4183,#4184,#4185));
#940=EDGE_LOOP('',(#4186,#4187,#4188,#4189));
#941=EDGE_LOOP('',(#4190,#4191,#4192,#4193));
#942=EDGE_LOOP('',(#4194,#4195,#4196,#4197));
#943=EDGE_LOOP('',(#4198,#4199,#4200,#4201));
#944=EDGE_LOOP('',(#4202,#4203,#4204,#4205,#4206,#4207));
#945=EDGE_LOOP('',(#4208,#4209,#4210,#4211,#4212,#4213,#4214,#4215,#4216,
#4217,#4218,#4219));
#946=EDGE_LOOP('',(#4220,#4221,#4222,#4223,#4224,#4225,#4226,#4227));
#947=EDGE_LOOP('',(#4228,#4229,#4230,#4231));
#948=EDGE_LOOP('',(#4232,#4233,#4234,#4235));
#949=EDGE_LOOP('',(#4236,#4237,#4238,#4239));
#950=EDGE_LOOP('',(#4240,#4241,#4242,#4243,#4244,#4245,#4246,#4247));
#951=EDGE_LOOP('',(#4248,#4249,#4250,#4251));
#952=EDGE_LOOP('',(#4252,#4253,#4254,#4255,#4256));
#953=EDGE_LOOP('',(#4257,#4258,#4259,#4260));
#954=EDGE_LOOP('',(#4261,#4262,#4263,#4264));
#955=EDGE_LOOP('',(#4265,#4266,#4267,#4268));
#956=EDGE_LOOP('',(#4269,#4270,#4271,#4272,#4273,#4274,#4275,#4276,#4277,
#4278,#4279,#4280,#4281,#4282));
#957=EDGE_LOOP('',(#4283,#4284,#4285,#4286,#4287,#4288,#4289,#4290));
#958=EDGE_LOOP('',(#4291,#4292,#4293,#4294,#4295));
#959=EDGE_LOOP('',(#4296,#4297,#4298,#4299,#4300));
#960=EDGE_LOOP('',(#4301,#4302,#4303,#4304,#4305,#4306));
#961=EDGE_LOOP('',(#4307,#4308,#4309));
#962=EDGE_LOOP('',(#4310,#4311,#4312,#4313));
#963=EDGE_LOOP('',(#4314,#4315,#4316));
#964=EDGE_LOOP('',(#4317,#4318,#4319,#4320,#4321,#4322));
#965=EDGE_LOOP('',(#4323,#4324,#4325,#4326));
#966=EDGE_LOOP('',(#4327,#4328,#4329));
#967=EDGE_LOOP('',(#4330,#4331,#4332,#4333));
#968=EDGE_LOOP('',(#4334,#4335,#4336));
#969=EDGE_LOOP('',(#4337,#4338,#4339,#4340,#4341));
#970=EDGE_LOOP('',(#4342,#4343,#4344,#4345));
#971=EDGE_LOOP('',(#4346,#4347,#4348,#4349,#4350,#4351));
#972=EDGE_LOOP('',(#4352,#4353,#4354,#4355,#4356));
#973=EDGE_LOOP('',(#4357,#4358,#4359,#4360,#4361,#4362));
#974=EDGE_LOOP('',(#4363,#4364,#4365,#4366,#4367));
#975=EDGE_LOOP('',(#4368,#4369,#4370,#4371,#4372,#4373));
#976=EDGE_LOOP('',(#4374,#4375,#4376,#4377));
#977=EDGE_LOOP('',(#4378,#4379,#4380,#4381));
#978=EDGE_LOOP('',(#4382,#4383,#4384,#4385,#4386,#4387,#4388));
#979=EDGE_LOOP('',(#4389,#4390,#4391,#4392));
#980=EDGE_LOOP('',(#4393,#4394,#4395,#4396));
#981=EDGE_LOOP('',(#4397,#4398,#4399,#4400));
#982=EDGE_LOOP('',(#4401,#4402,#4403,#4404));
#983=EDGE_LOOP('',(#4405,#4406,#4407,#4408,#4409,#4410,#4411));
#984=EDGE_LOOP('',(#4412,#4413,#4414,#4415));
#985=EDGE_LOOP('',(#4416,#4417,#4418,#4419,#4420,#4421,#4422));
#986=EDGE_LOOP('',(#4423,#4424,#4425,#4426,#4427,#4428,#4429));
#987=EDGE_LOOP('',(#4430,#4431,#4432,#4433));
#988=EDGE_LOOP('',(#4434,#4435,#4436,#4437));
#989=EDGE_LOOP('',(#4438,#4439,#4440,#4441));
#990=EDGE_LOOP('',(#4442,#4443,#4444,#4445));
#991=EDGE_LOOP('',(#4446,#4447,#4448,#4449));
#992=EDGE_LOOP('',(#4450,#4451,#4452,#4453));
#993=EDGE_LOOP('',(#4454,#4455,#4456,#4457));
#994=EDGE_LOOP('',(#4458,#4459,#4460,#4461));
#995=EDGE_LOOP('',(#4462,#4463,#4464,#4465));
#996=EDGE_LOOP('',(#4466,#4467,#4468,#4469));
#997=EDGE_LOOP('',(#4470,#4471,#4472,#4473));
#998=EDGE_LOOP('',(#4474,#4475,#4476,#4477));
#999=EDGE_LOOP('',(#4478,#4479,#4480,#4481,#4482,#4483,#4484,#4485));
#1000=EDGE_LOOP('',(#4486));
#1001=EDGE_LOOP('',(#4487,#4488,#4489,#4490));
#1002=EDGE_LOOP('',(#4491,#4492,#4493,#4494));
#1003=EDGE_LOOP('',(#4495,#4496,#4497,#4498));
#1004=EDGE_LOOP('',(#4499,#4500,#4501,#4502,#4503));
#1005=EDGE_LOOP('',(#4504,#4505,#4506,#4507,#4508));
#1006=EDGE_LOOP('',(#4509));
#1007=EDGE_LOOP('',(#4510,#4511,#4512,#4513));
#1008=EDGE_LOOP('',(#4514));
#1009=EDGE_LOOP('',(#4515,#4516,#4517,#4518));
#1010=EDGE_LOOP('',(#4519));
#1011=EDGE_LOOP('',(#4520,#4521,#4522,#4523));
#1012=EDGE_LOOP('',(#4524,#4525,#4526,#4527));
#1013=EDGE_LOOP('',(#4528));
#1014=EDGE_LOOP('',(#4529,#4530,#4531,#4532));
#1015=EDGE_LOOP('',(#4533,#4534,#4535,#4536));
#1016=EDGE_LOOP('',(#4537));
#1017=EDGE_LOOP('',(#4538,#4539,#4540,#4541));
#1018=EDGE_LOOP('',(#4542,#4543,#4544,#4545));
#1019=EDGE_LOOP('',(#4546,#4547,#4548,#4549,#4550,#4551,#4552,#4553));
#1020=EDGE_LOOP('',(#4554,#4555,#4556,#4557,#4558,#4559,#4560,#4561));
#1021=EDGE_LOOP('',(#4562,#4563,#4564,#4565,#4566,#4567,#4568,#4569));
#1022=EDGE_LOOP('',(#4570,#4571,#4572,#4573,#4574,#4575,#4576,#4577));
#1023=EDGE_LOOP('',(#4578,#4579,#4580,#4581));
#1024=EDGE_LOOP('',(#4582,#4583,#4584,#4585));
#1025=EDGE_LOOP('',(#4586,#4587,#4588,#4589));
#1026=EDGE_LOOP('',(#4590,#4591,#4592,#4593));
#1027=EDGE_LOOP('',(#4594,#4595,#4596,#4597));
#1028=EDGE_LOOP('',(#4598,#4599,#4600,#4601));
#1029=EDGE_LOOP('',(#4602,#4603,#4604,#4605));
#1030=EDGE_LOOP('',(#4606,#4607,#4608,#4609));
#1031=EDGE_LOOP('',(#4610,#4611,#4612,#4613));
#1032=EDGE_LOOP('',(#4614,#4615,#4616,#4617));
#1033=EDGE_LOOP('',(#4618,#4619,#4620,#4621));
#1034=EDGE_LOOP('',(#4622,#4623,#4624,#4625));
#1035=EDGE_LOOP('',(#4626,#4627,#4628,#4629,#4630,#4631));
#1036=EDGE_LOOP('',(#4632,#4633,#4634,#4635));
#1037=EDGE_LOOP('',(#4636));
#1038=EDGE_LOOP('',(#4637,#4638,#4639,#4640,#4641));
#1039=EDGE_LOOP('',(#4642,#4643,#4644,#4645,#4646,#4647,#4648,#4649,#4650,
#4651,#4652));
#1040=EDGE_LOOP('',(#4653));
#1041=EDGE_LOOP('',(#4654));
#1042=EDGE_LOOP('',(#4655,#4656,#4657,#4658));
#1043=EDGE_LOOP('',(#4659,#4660,#4661,#4662));
#1044=EDGE_LOOP('',(#4663,#4664,#4665,#4666));
#1045=EDGE_LOOP('',(#4667,#4668,#4669,#4670));
#1046=EDGE_LOOP('',(#4671,#4672,#4673,#4674));
#1047=EDGE_LOOP('',(#4675,#4676,#4677,#4678));
#1048=EDGE_LOOP('',(#4679,#4680,#4681,#4682));
#1049=EDGE_LOOP('',(#4683,#4684,#4685,#4686));
#1050=EDGE_LOOP('',(#4687,#4688,#4689,#4690));
#1051=EDGE_LOOP('',(#4691,#4692,#4693,#4694));
#1052=EDGE_LOOP('',(#4695,#4696,#4697,#4698));
#1053=EDGE_LOOP('',(#4699,#4700,#4701,#4702));
#1054=EDGE_LOOP('',(#4703,#4704,#4705,#4706));
#1055=EDGE_LOOP('',(#4707,#4708,#4709,#4710));
#1056=EDGE_LOOP('',(#4711,#4712,#4713,#4714));
#1057=EDGE_LOOP('',(#4715,#4716,#4717,#4718));
#1058=EDGE_LOOP('',(#4719,#4720,#4721,#4722));
#1059=EDGE_LOOP('',(#4723,#4724,#4725,#4726));
#1060=EDGE_LOOP('',(#4727,#4728,#4729,#4730));
#1061=EDGE_LOOP('',(#4731,#4732,#4733,#4734));
#1062=EDGE_LOOP('',(#4735,#4736,#4737,#4738));
#1063=EDGE_LOOP('',(#4739,#4740,#4741,#4742));
#1064=EDGE_LOOP('',(#4743,#4744,#4745,#4746));
#1065=EDGE_LOOP('',(#4747,#4748,#4749,#4750));
#1066=EDGE_LOOP('',(#4751,#4752,#4753,#4754));
#1067=EDGE_LOOP('',(#4755,#4756,#4757,#4758,#4759,#4760,#4761,#4762,#4763,
#4764,#4765));
#1068=EDGE_LOOP('',(#4766,#4767,#4768,#4769,#4770,#4771,#4772,#4773,#4774,
#4775,#4776,#4777,#4778,#4779,#4780,#4781,#4782,#4783,#4784,#4785,#4786,
#4787,#4788,#4789,#4790,#4791,#4792,#4793,#4794));
#1069=EDGE_LOOP('',(#4795,#4796,#4797,#4798));
#1070=EDGE_LOOP('',(#4799,#4800,#4801,#4802));
#1071=EDGE_LOOP('',(#4803,#4804,#4805,#4806));
#1072=EDGE_LOOP('',(#4807,#4808,#4809,#4810));
#1073=EDGE_LOOP('',(#4811,#4812,#4813,#4814));
#1074=EDGE_LOOP('',(#4815,#4816,#4817,#4818));
#1075=EDGE_LOOP('',(#4819,#4820,#4821,#4822));
#1076=EDGE_LOOP('',(#4823,#4824,#4825,#4826));
#1077=EDGE_LOOP('',(#4827,#4828,#4829,#4830));
#1078=EDGE_LOOP('',(#4831,#4832,#4833,#4834));
#1079=EDGE_LOOP('',(#4835,#4836,#4837,#4838));
#1080=EDGE_LOOP('',(#4839,#4840,#4841,#4842));
#1081=EDGE_LOOP('',(#4843,#4844,#4845,#4846));
#1082=EDGE_LOOP('',(#4847,#4848,#4849,#4850));
#1083=EDGE_LOOP('',(#4851,#4852,#4853,#4854));
#1084=EDGE_LOOP('',(#4855,#4856,#4857,#4858));
#1085=EDGE_LOOP('',(#4859,#4860,#4861,#4862));
#1086=EDGE_LOOP('',(#4863,#4864,#4865,#4866));
#1087=EDGE_LOOP('',(#4867,#4868,#4869,#4870));
#1088=EDGE_LOOP('',(#4871,#4872,#4873,#4874));
#1089=EDGE_LOOP('',(#4875,#4876,#4877,#4878));
#1090=EDGE_LOOP('',(#4879,#4880,#4881,#4882));
#1091=EDGE_LOOP('',(#4883,#4884,#4885,#4886));
#1092=EDGE_LOOP('',(#4887,#4888,#4889,#4890));
#1093=EDGE_LOOP('',(#4891,#4892,#4893,#4894));
#1094=EDGE_LOOP('',(#4895,#4896,#4897,#4898));
#1095=EDGE_LOOP('',(#4899,#4900,#4901,#4902));
#1096=EDGE_LOOP('',(#4903,#4904,#4905,#4906));
#1097=EDGE_LOOP('',(#4907,#4908,#4909,#4910));
#1098=EDGE_LOOP('',(#4911,#4912,#4913,#4914));
#1099=EDGE_LOOP('',(#4915,#4916,#4917,#4918));
#1100=EDGE_LOOP('',(#4919,#4920,#4921,#4922));
#1101=EDGE_LOOP('',(#4923,#4924,#4925,#4926));
#1102=EDGE_LOOP('',(#4927,#4928,#4929,#4930));
#1103=EDGE_LOOP('',(#4931,#4932,#4933,#4934));
#1104=EDGE_LOOP('',(#4935,#4936,#4937,#4938,#4939,#4940,#4941,#4942,#4943,
#4944,#4945,#4946,#4947,#4948,#4949,#4950,#4951,#4952,#4953,#4954,#4955,
#4956,#4957,#4958,#4959,#4960,#4961,#4962,#4963));
#1105=EDGE_LOOP('',(#4964,#4965,#4966,#4967));
#1106=EDGE_LOOP('',(#4968,#4969,#4970,#4971));
#1107=EDGE_LOOP('',(#4972,#4973,#4974,#4975));
#1108=EDGE_LOOP('',(#4976,#4977,#4978,#4979));
#1109=EDGE_LOOP('',(#4980,#4981,#4982,#4983));
#1110=EDGE_LOOP('',(#4984,#4985,#4986,#4987));
#1111=EDGE_LOOP('',(#4988,#4989,#4990,#4991));
#1112=EDGE_LOOP('',(#4992,#4993,#4994,#4995));
#1113=EDGE_LOOP('',(#4996,#4997,#4998,#4999));
#1114=EDGE_LOOP('',(#5000,#5001,#5002,#5003));
#1115=EDGE_LOOP('',(#5004,#5005,#5006,#5007));
#1116=EDGE_LOOP('',(#5008,#5009,#5010,#5011));
#1117=EDGE_LOOP('',(#5012,#5013,#5014,#5015));
#1118=EDGE_LOOP('',(#5016,#5017,#5018,#5019,#5020,#5021,#5022,#5023,#5024,
#5025,#5026));
#1119=EDGE_LOOP('',(#5027,#5028,#5029,#5030,#5031,#5032,#5033,#5034));
#1120=EDGE_LOOP('',(#5035,#5036,#5037,#5038));
#1121=EDGE_LOOP('',(#5039,#5040,#5041,#5042));
#1122=EDGE_LOOP('',(#5043,#5044,#5045,#5046));
#1123=EDGE_LOOP('',(#5047,#5048,#5049,#5050));
#1124=EDGE_LOOP('',(#5051,#5052,#5053,#5054));
#1125=EDGE_LOOP('',(#5055,#5056,#5057,#5058));
#1126=EDGE_LOOP('',(#5059,#5060,#5061,#5062,#5063,#5064,#5065,#5066));
#1127=EDGE_LOOP('',(#5067,#5068,#5069,#5070));
#1128=EDGE_LOOP('',(#5071,#5072,#5073,#5074,#5075,#5076,#5077,#5078));
#1129=EDGE_LOOP('',(#5079,#5080,#5081,#5082));
#1130=EDGE_LOOP('',(#5083,#5084,#5085,#5086,#5087,#5088,#5089,#5090));
#1131=EDGE_LOOP('',(#5091,#5092,#5093,#5094));
#1132=EDGE_LOOP('',(#5095,#5096,#5097,#5098));
#1133=EDGE_LOOP('',(#5099,#5100,#5101,#5102,#5103,#5104,#5105,#5106,#5107,
#5108,#5109,#5110,#5111,#5112,#5113,#5114));
#1134=EDGE_LOOP('',(#5115,#5116,#5117,#5118,#5119,#5120,#5121,#5122));
#1135=EDGE_LOOP('',(#5123,#5124,#5125,#5126));
#1136=EDGE_LOOP('',(#5127,#5128,#5129,#5130));
#1137=EDGE_LOOP('',(#5131,#5132,#5133,#5134));
#1138=EDGE_LOOP('',(#5135,#5136,#5137,#5138));
#1139=EDGE_LOOP('',(#5139,#5140,#5141,#5142,#5143));
#1140=EDGE_LOOP('',(#5144,#5145,#5146,#5147));
#1141=EDGE_LOOP('',(#5148,#5149,#5150,#5151,#5152));
#1142=EDGE_LOOP('',(#5153,#5154,#5155,#5156,#5157));
#1143=EDGE_LOOP('',(#5158,#5159,#5160,#5161));
#1144=EDGE_LOOP('',(#5162,#5163,#5164,#5165,#5166));
#1145=EDGE_LOOP('',(#5167,#5168,#5169,#5170,#5171,#5172,#5173,#5174));
#1146=EDGE_LOOP('',(#5175,#5176,#5177,#5178));
#1147=EDGE_LOOP('',(#5179,#5180,#5181,#5182));
#1148=EDGE_LOOP('',(#5183,#5184,#5185,#5186));
#1149=EDGE_LOOP('',(#5187,#5188,#5189,#5190));
#1150=EDGE_LOOP('',(#5191,#5192,#5193,#5194));
#1151=EDGE_LOOP('',(#5195,#5196,#5197,#5198));
#1152=EDGE_LOOP('',(#5199,#5200,#5201,#5202));
#1153=EDGE_LOOP('',(#5203,#5204,#5205,#5206));
#1154=EDGE_LOOP('',(#5207,#5208,#5209,#5210));
#1155=EDGE_LOOP('',(#5211,#5212,#5213,#5214));
#1156=EDGE_LOOP('',(#5215,#5216,#5217,#5218));
#1157=EDGE_LOOP('',(#5219,#5220,#5221,#5222,#5223,#5224));
#1158=EDGE_LOOP('',(#5225,#5226,#5227,#5228,#5229));
#1159=EDGE_LOOP('',(#5230,#5231,#5232,#5233));
#1160=EDGE_LOOP('',(#5234,#5235,#5236,#5237));
#1161=EDGE_LOOP('',(#5238,#5239,#5240));
#1162=EDGE_LOOP('',(#5241,#5242,#5243,#5244,#5245));
#1163=EDGE_LOOP('',(#5246,#5247,#5248,#5249));
#1164=EDGE_LOOP('',(#5250,#5251,#5252,#5253));
#1165=EDGE_LOOP('',(#5254,#5255,#5256));
#1166=EDGE_LOOP('',(#5257,#5258,#5259,#5260));
#1167=EDGE_LOOP('',(#5261,#5262,#5263,#5264,#5265));
#1168=EDGE_LOOP('',(#5266,#5267,#5268,#5269));
#1169=EDGE_LOOP('',(#5270,#5271,#5272,#5273));
#1170=EDGE_LOOP('',(#5274,#5275,#5276,#5277));
#1171=EDGE_LOOP('',(#5278,#5279,#5280,#5281));
#1172=EDGE_LOOP('',(#5282,#5283,#5284,#5285));
#1173=EDGE_LOOP('',(#5286,#5287,#5288,#5289));
#1174=EDGE_LOOP('',(#5290,#5291,#5292,#5293,#5294,#5295,#5296,#5297));
#1175=EDGE_LOOP('',(#5298,#5299,#5300,#5301));
#1176=EDGE_LOOP('',(#5302,#5303,#5304,#5305));
#1177=EDGE_LOOP('',(#5306,#5307,#5308,#5309));
#1178=EDGE_LOOP('',(#5310,#5311,#5312,#5313));
#1179=EDGE_LOOP('',(#5314,#5315,#5316,#5317));
#1180=EDGE_LOOP('',(#5318,#5319,#5320,#5321));
#1181=EDGE_LOOP('',(#5322,#5323,#5324,#5325));
#1182=EDGE_LOOP('',(#5326,#5327,#5328,#5329));
#1183=EDGE_LOOP('',(#5330,#5331,#5332,#5333));
#1184=EDGE_LOOP('',(#5334,#5335,#5336,#5337));
#1185=EDGE_LOOP('',(#5338,#5339,#5340,#5341));
#1186=EDGE_LOOP('',(#5342,#5343,#5344,#5345));
#1187=EDGE_LOOP('',(#5346,#5347,#5348,#5349));
#1188=EDGE_LOOP('',(#5350,#5351,#5352,#5353));
#1189=EDGE_LOOP('',(#5354,#5355,#5356,#5357));
#1190=EDGE_LOOP('',(#5358,#5359,#5360,#5361));
#1191=EDGE_LOOP('',(#5362,#5363,#5364,#5365));
#1192=EDGE_LOOP('',(#5366,#5367,#5368,#5369));
#1193=EDGE_LOOP('',(#5370,#5371,#5372,#5373));
#1194=EDGE_LOOP('',(#5374,#5375,#5376,#5377));
#1195=EDGE_LOOP('',(#5378,#5379,#5380,#5381));
#1196=EDGE_LOOP('',(#5382,#5383,#5384,#5385));
#1197=EDGE_LOOP('',(#5386,#5387,#5388,#5389));
#1198=EDGE_LOOP('',(#5390,#5391,#5392,#5393));
#1199=EDGE_LOOP('',(#5394,#5395,#5396,#5397));
#1200=EDGE_LOOP('',(#5398,#5399,#5400,#5401));
#1201=EDGE_LOOP('',(#5402,#5403,#5404,#5405));
#1202=EDGE_LOOP('',(#5406,#5407,#5408,#5409));
#1203=EDGE_LOOP('',(#5410,#5411,#5412,#5413));
#1204=EDGE_LOOP('',(#5414,#5415,#5416,#5417));
#1205=EDGE_LOOP('',(#5418,#5419,#5420,#5421));
#1206=EDGE_LOOP('',(#5422,#5423,#5424,#5425,#5426,#5427,#5428,#5429,#5430,
#5431,#5432,#5433,#5434,#5435,#5436,#5437,#5438,#5439,#5440,#5441,#5442,
#5443,#5444,#5445,#5446,#5447,#5448,#5449,#5450));
#1207=EDGE_LOOP('',(#5451,#5452,#5453,#5454));
#1208=EDGE_LOOP('',(#5455,#5456,#5457,#5458));
#1209=EDGE_LOOP('',(#5459,#5460,#5461,#5462));
#1210=EDGE_LOOP('',(#5463,#5464,#5465,#5466));
#1211=EDGE_LOOP('',(#5467,#5468,#5469,#5470));
#1212=EDGE_LOOP('',(#5471,#5472,#5473,#5474));
#1213=EDGE_LOOP('',(#5475,#5476,#5477,#5478));
#1214=EDGE_LOOP('',(#5479,#5480,#5481,#5482));
#1215=EDGE_LOOP('',(#5483,#5484,#5485,#5486));
#1216=EDGE_LOOP('',(#5487,#5488,#5489,#5490));
#1217=EDGE_LOOP('',(#5491,#5492,#5493,#5494));
#1218=EDGE_LOOP('',(#5495,#5496,#5497,#5498));
#1219=EDGE_LOOP('',(#5499,#5500,#5501,#5502));
#1220=EDGE_LOOP('',(#5503,#5504,#5505,#5506));
#1221=EDGE_LOOP('',(#5507,#5508,#5509,#5510));
#1222=EDGE_LOOP('',(#5511,#5512,#5513,#5514));
#1223=EDGE_LOOP('',(#5515,#5516,#5517,#5518));
#1224=EDGE_LOOP('',(#5519,#5520,#5521,#5522));
#1225=EDGE_LOOP('',(#5523,#5524,#5525,#5526));
#1226=EDGE_LOOP('',(#5527,#5528,#5529,#5530,#5531,#5532,#5533,#5534,#5535,
#5536,#5537));
#1227=EDGE_LOOP('',(#5538,#5539,#5540,#5541,#5542,#5543,#5544,#5545));
#1228=EDGE_LOOP('',(#5546,#5547,#5548,#5549,#5550,#5551,#5552,#5553,#5554,
#5555,#5556,#5557,#5558,#5559));
#1229=EDGE_LOOP('',(#5560,#5561,#5562,#5563,#5564,#5565,#5566,#5567,#5568,
#5569,#5570,#5571,#5572,#5573,#5574,#5575,#5576,#5577,#5578,#5579,#5580,
#5581,#5582,#5583,#5584,#5585,#5586,#5587,#5588));
#1230=EDGE_LOOP('',(#5589,#5590,#5591,#5592,#5593,#5594,#5595,#5596,#5597,
#5598,#5599));
#1231=EDGE_LOOP('',(#5600,#5601,#5602,#5603));
#1232=EDGE_LOOP('',(#5604));
#1233=EDGE_LOOP('',(#5605,#5606,#5607,#5608));
#1234=EDGE_LOOP('',(#5609));
#1235=EDGE_LOOP('',(#5610,#5611,#5612,#5613,#5614,#5615,#5616,#5617));
#1236=EDGE_LOOP('',(#5618,#5619,#5620,#5621));
#1237=EDGE_LOOP('',(#5622,#5623,#5624,#5625));
#1238=EDGE_LOOP('',(#5626,#5627,#5628,#5629));
#1239=EDGE_LOOP('',(#5630,#5631,#5632,#5633));
#1240=EDGE_LOOP('',(#5634,#5635,#5636,#5637));
#1241=EDGE_LOOP('',(#5638,#5639,#5640,#5641));
#1242=EDGE_LOOP('',(#5642));
#1243=EDGE_LOOP('',(#5643,#5644,#5645,#5646));
#1244=EDGE_LOOP('',(#5647,#5648,#5649,#5650));
#1245=EDGE_LOOP('',(#5651,#5652,#5653,#5654));
#1246=EDGE_LOOP('',(#5655,#5656,#5657,#5658));
#1247=EDGE_LOOP('',(#5659,#5660,#5661,#5662));
#1248=EDGE_LOOP('',(#5663));
#1249=EDGE_LOOP('',(#5664,#5665,#5666,#5667));
#1250=EDGE_LOOP('',(#5668,#5669,#5670,#5671));
#1251=EDGE_LOOP('',(#5672,#5673,#5674,#5675));
#1252=EDGE_LOOP('',(#5676,#5677,#5678,#5679,#5680,#5681,#5682,#5683,#5684,
#5685,#5686,#5687,#5688,#5689));
#1253=LINE('',#7978,#1793);
#1254=LINE('',#7981,#1794);
#1255=LINE('',#8008,#1795);
#1256=LINE('',#8023,#1796);
#1257=LINE('',#8025,#1797);
#1258=LINE('',#8029,#1798);
#1259=LINE('',#8033,#1799);
#1260=LINE('',#8037,#1800);
#1261=LINE('',#8038,#1801);
#1262=LINE('',#8057,#1802);
#1263=LINE('',#8058,#1803);
#1264=LINE('',#8074,#1804);
#1265=LINE('',#8086,#1805);
#1266=LINE('',#8090,#1806);
#1267=LINE('',#8094,#1807);
#1268=LINE('',#8100,#1808);
#1269=LINE('',#8126,#1809);
#1270=LINE('',#8141,#1810);
#1271=LINE('',#8143,#1811);
#1272=LINE('',#8147,#1812);
#1273=LINE('',#8151,#1813);
#1274=LINE('',#8155,#1814);
#1275=LINE('',#8156,#1815);
#1276=LINE('',#8175,#1816);
#1277=LINE('',#8176,#1817);
#1278=LINE('',#8192,#1818);
#1279=LINE('',#8206,#1819);
#1280=LINE('',#8208,#1820);
#1281=LINE('',#8210,#1821);
#1282=LINE('',#8212,#1822);
#1283=LINE('',#8215,#1823);
#1284=LINE('',#8216,#1824);
#1285=LINE('',#8226,#1825);
#1286=LINE('',#8251,#1826);
#1287=LINE('',#8261,#1827);
#1288=LINE('',#8262,#1828);
#1289=LINE('',#8266,#1829);
#1290=LINE('',#8289,#1830);
#1291=LINE('',#8293,#1831);
#1292=LINE('',#8295,#1832);
#1293=LINE('',#8297,#1833);
#1294=LINE('',#8299,#1834);
#1295=LINE('',#8301,#1835);
#1296=LINE('',#8302,#1836);
#1297=LINE('',#8304,#1837);
#1298=LINE('',#8308,#1838);
#1299=LINE('',#8311,#1839);
#1300=LINE('',#8315,#1840);
#1301=LINE('',#8316,#1841);
#1302=LINE('',#8328,#1842);
#1303=LINE('',#8333,#1843);
#1304=LINE('',#8379,#1844);
#1305=LINE('',#8382,#1845);
#1306=LINE('',#8383,#1846);
#1307=LINE('',#8385,#1847);
#1308=LINE('',#8386,#1848);
#1309=LINE('',#8393,#1849);
#1310=LINE('',#8394,#1850);
#1311=LINE('',#8395,#1851);
#1312=LINE('',#8398,#1852);
#1313=LINE('',#8400,#1853);
#1314=LINE('',#8401,#1854);
#1315=LINE('',#8405,#1855);
#1316=LINE('',#8407,#1856);
#1317=LINE('',#8409,#1857);
#1318=LINE('',#8410,#1858);
#1319=LINE('',#8414,#1859);
#1320=LINE('',#8415,#1860);
#1321=LINE('',#8416,#1861);
#1322=LINE('',#8419,#1862);
#1323=LINE('',#8420,#1863);
#1324=LINE('',#8423,#1864);
#1325=LINE('',#8425,#1865);
#1326=LINE('',#8426,#1866);
#1327=LINE('',#8429,#1867);
#1328=LINE('',#8430,#1868);
#1329=LINE('',#8433,#1869);
#1330=LINE('',#8434,#1870);
#1331=LINE('',#8437,#1871);
#1332=LINE('',#8438,#1872);
#1333=LINE('',#8442,#1873);
#1334=LINE('',#8443,#1874);
#1335=LINE('',#8444,#1875);
#1336=LINE('',#8447,#1876);
#1337=LINE('',#8448,#1877);
#1338=LINE('',#8449,#1878);
#1339=LINE('',#8452,#1879);
#1340=LINE('',#8453,#1880);
#1341=LINE('',#8455,#1881);
#1342=LINE('',#8462,#1882);
#1343=LINE('',#8465,#1883);
#1344=LINE('',#8468,#1884);
#1345=LINE('',#8470,#1885);
#1346=LINE('',#8472,#1886);
#1347=LINE('',#8474,#1887);
#1348=LINE('',#8476,#1888);
#1349=LINE('',#8478,#1889);
#1350=LINE('',#8479,#1890);
#1351=LINE('',#8485,#1891);
#1352=LINE('',#8488,#1892);
#1353=LINE('',#8491,#1893);
#1354=LINE('',#8493,#1894);
#1355=LINE('',#8495,#1895);
#1356=LINE('',#8496,#1896);
#1357=LINE('',#8500,#1897);
#1358=LINE('',#8502,#1898);
#1359=LINE('',#8504,#1899);
#1360=LINE('',#8505,#1900);
#1361=LINE('',#8509,#1901);
#1362=LINE('',#8511,#1902);
#1363=LINE('',#8513,#1903);
#1364=LINE('',#8514,#1904);
#1365=LINE('',#8516,#1905);
#1366=LINE('',#8521,#1906);
#1367=LINE('',#8526,#1907);
#1368=LINE('',#8528,#1908);
#1369=LINE('',#8533,#1909);
#1370=LINE('',#8535,#1910);
#1371=LINE('',#8539,#1911);
#1372=LINE('',#8543,#1912);
#1373=LINE('',#8544,#1913);
#1374=LINE('',#8549,#1914);
#1375=LINE('',#8571,#1915);
#1376=LINE('',#8576,#1916);
#1377=LINE('',#8577,#1917);
#1378=LINE('',#8578,#1918);
#1379=LINE('',#8593,#1919);
#1380=LINE('',#8595,#1920);
#1381=LINE('',#8596,#1921);
#1382=LINE('',#8604,#1922);
#1383=LINE('',#8609,#1923);
#1384=LINE('',#8610,#1924);
#1385=LINE('',#8611,#1925);
#1386=LINE('',#8628,#1926);
#1387=LINE('',#8630,#1927);
#1388=LINE('',#8631,#1928);
#1389=LINE('',#8634,#1929);
#1390=LINE('',#8635,#1930);
#1391=LINE('',#8638,#1931);
#1392=LINE('',#8641,#1932);
#1393=LINE('',#8642,#1933);
#1394=LINE('',#8646,#1934);
#1395=LINE('',#8647,#1935);
#1396=LINE('',#8650,#1936);
#1397=LINE('',#8667,#1937);
#1398=LINE('',#8672,#1938);
#1399=LINE('',#8675,#1939);
#1400=LINE('',#8676,#1940);
#1401=LINE('',#8695,#1941);
#1402=LINE('',#8713,#1942);
#1403=LINE('',#8716,#1943);
#1404=LINE('',#8718,#1944);
#1405=LINE('',#8720,#1945);
#1406=LINE('',#8722,#1946);
#1407=LINE('',#8723,#1947);
#1408=LINE('',#8726,#1948);
#1409=LINE('',#8730,#1949);
#1410=LINE('',#8734,#1950);
#1411=LINE('',#8739,#1951);
#1412=LINE('',#8756,#1952);
#1413=LINE('',#8757,#1953);
#1414=LINE('',#8768,#1954);
#1415=LINE('',#8769,#1955);
#1416=LINE('',#8780,#1956);
#1417=LINE('',#8781,#1957);
#1418=LINE('',#8789,#1958);
#1419=LINE('',#8790,#1959);
#1420=LINE('',#8793,#1960);
#1421=LINE('',#8795,#1961);
#1422=LINE('',#8796,#1962);
#1423=LINE('',#8799,#1963);
#1424=LINE('',#8803,#1964);
#1425=LINE('',#8804,#1965);
#1426=LINE('',#8807,#1966);
#1427=LINE('',#8814,#1967);
#1428=LINE('',#8817,#1968);
#1429=LINE('',#8819,#1969);
#1430=LINE('',#8823,#1970);
#1431=LINE('',#8833,#1971);
#1432=LINE('',#8839,#1972);
#1433=LINE('',#8846,#1973);
#1434=LINE('',#8852,#1974);
#1435=LINE('',#8854,#1975);
#1436=LINE('',#8856,#1976);
#1437=LINE('',#8857,#1977);
#1438=LINE('',#8861,#1978);
#1439=LINE('',#8863,#1979);
#1440=LINE('',#8865,#1980);
#1441=LINE('',#8866,#1981);
#1442=LINE('',#8868,#1982);
#1443=LINE('',#8869,#1983);
#1444=LINE('',#8873,#1984);
#1445=LINE('',#8875,#1985);
#1446=LINE('',#8877,#1986);
#1447=LINE('',#8878,#1987);
#1448=LINE('',#8882,#1988);
#1449=LINE('',#8884,#1989);
#1450=LINE('',#8886,#1990);
#1451=LINE('',#8887,#1991);
#1452=LINE('',#8889,#1992);
#1453=LINE('',#8890,#1993);
#1454=LINE('',#8893,#1994);
#1455=LINE('',#8895,#1995);
#1456=LINE('',#8897,#1996);
#1457=LINE('',#8899,#1997);
#1458=LINE('',#8900,#1998);
#1459=LINE('',#8903,#1999);
#1460=LINE('',#8905,#2000);
#1461=LINE('',#8906,#2001);
#1462=LINE('',#8908,#2002);
#1463=LINE('',#8909,#2003);
#1464=LINE('',#8912,#2004);
#1465=LINE('',#8913,#2005);
#1466=LINE('',#8915,#2006);
#1467=LINE('',#8917,#2007);
#1468=LINE('',#8918,#2008);
#1469=LINE('',#8921,#2009);
#1470=LINE('',#8922,#2010);
#1471=LINE('',#8923,#2011);
#1472=LINE('',#8925,#2012);
#1473=LINE('',#8927,#2013);
#1474=LINE('',#8933,#2014);
#1475=LINE('',#8945,#2015);
#1476=LINE('',#8964,#2016);
#1477=LINE('',#8965,#2017);
#1478=LINE('',#8993,#2018);
#1479=LINE('',#8994,#2019);
#1480=LINE('',#8996,#2020);
#1481=LINE('',#8997,#2021);
#1482=LINE('',#8999,#2022);
#1483=LINE('',#9001,#2023);
#1484=LINE('',#9003,#2024);
#1485=LINE('',#9005,#2025);
#1486=LINE('',#9012,#2026);
#1487=LINE('',#9024,#2027);
#1488=LINE('',#9029,#2028);
#1489=LINE('',#9031,#2029);
#1490=LINE('',#9033,#2030);
#1491=LINE('',#9034,#2031);
#1492=LINE('',#9037,#2032);
#1493=LINE('',#9039,#2033);
#1494=LINE('',#9040,#2034);
#1495=LINE('',#9043,#2035);
#1496=LINE('',#9045,#2036);
#1497=LINE('',#9046,#2037);
#1498=LINE('',#9048,#2038);
#1499=LINE('',#9049,#2039);
#1500=LINE('',#9054,#2040);
#1501=LINE('',#9056,#2041);
#1502=LINE('',#9058,#2042);
#1503=LINE('',#9059,#2043);
#1504=LINE('',#9062,#2044);
#1505=LINE('',#9064,#2045);
#1506=LINE('',#9065,#2046);
#1507=LINE('',#9068,#2047);
#1508=LINE('',#9070,#2048);
#1509=LINE('',#9071,#2049);
#1510=LINE('',#9073,#2050);
#1511=LINE('',#9074,#2051);
#1512=LINE('',#9079,#2052);
#1513=LINE('',#9081,#2053);
#1514=LINE('',#9083,#2054);
#1515=LINE('',#9084,#2055);
#1516=LINE('',#9087,#2056);
#1517=LINE('',#9089,#2057);
#1518=LINE('',#9090,#2058);
#1519=LINE('',#9093,#2059);
#1520=LINE('',#9095,#2060);
#1521=LINE('',#9096,#2061);
#1522=LINE('',#9098,#2062);
#1523=LINE('',#9099,#2063);
#1524=LINE('',#9104,#2064);
#1525=LINE('',#9106,#2065);
#1526=LINE('',#9108,#2066);
#1527=LINE('',#9109,#2067);
#1528=LINE('',#9112,#2068);
#1529=LINE('',#9114,#2069);
#1530=LINE('',#9115,#2070);
#1531=LINE('',#9118,#2071);
#1532=LINE('',#9120,#2072);
#1533=LINE('',#9121,#2073);
#1534=LINE('',#9123,#2074);
#1535=LINE('',#9124,#2075);
#1536=LINE('',#9129,#2076);
#1537=LINE('',#9131,#2077);
#1538=LINE('',#9133,#2078);
#1539=LINE('',#9134,#2079);
#1540=LINE('',#9137,#2080);
#1541=LINE('',#9139,#2081);
#1542=LINE('',#9140,#2082);
#1543=LINE('',#9143,#2083);
#1544=LINE('',#9145,#2084);
#1545=LINE('',#9146,#2085);
#1546=LINE('',#9148,#2086);
#1547=LINE('',#9149,#2087);
#1548=LINE('',#9153,#2088);
#1549=LINE('',#9155,#2089);
#1550=LINE('',#9157,#2090);
#1551=LINE('',#9239,#2091);
#1552=LINE('',#9345,#2092);
#1553=LINE('',#9451,#2093);
#1554=LINE('',#9458,#2094);
#1555=LINE('',#9470,#2095);
#1556=LINE('',#9487,#2096);
#1557=LINE('',#9504,#2097);
#1558=LINE('',#9521,#2098);
#1559=LINE('',#9538,#2099);
#1560=LINE('',#9555,#2100);
#1561=LINE('',#9572,#2101);
#1562=LINE('',#9589,#2102);
#1563=LINE('',#9606,#2103);
#1564=LINE('',#9623,#2104);
#1565=LINE('',#9640,#2105);
#1566=LINE('',#9657,#2106);
#1567=LINE('',#9665,#2107);
#1568=LINE('',#9666,#2108);
#1569=LINE('',#9678,#2109);
#1570=LINE('',#9695,#2110);
#1571=LINE('',#9702,#2111);
#1572=LINE('',#9714,#2112);
#1573=LINE('',#9731,#2113);
#1574=LINE('',#9748,#2114);
#1575=LINE('',#9756,#2115);
#1576=LINE('',#9757,#2116);
#1577=LINE('',#9760,#2117);
#1578=LINE('',#9761,#2118);
#1579=LINE('',#9764,#2119);
#1580=LINE('',#9765,#2120);
#1581=LINE('',#9782,#2121);
#1582=LINE('',#9799,#2122);
#1583=LINE('',#9816,#2123);
#1584=LINE('',#9833,#2124);
#1585=LINE('',#9850,#2125);
#1586=LINE('',#9867,#2126);
#1587=LINE('',#9884,#2127);
#1588=LINE('',#9901,#2128);
#1589=LINE('',#9918,#2129);
#1590=LINE('',#9935,#2130);
#1591=LINE('',#9952,#2131);
#1592=LINE('',#9969,#2132);
#1593=LINE('',#9989,#2133);
#1594=LINE('',#9991,#2134);
#1595=LINE('',#9993,#2135);
#1596=LINE('',#9994,#2136);
#1597=LINE('',#9997,#2137);
#1598=LINE('',#9999,#2138);
#1599=LINE('',#10000,#2139);
#1600=LINE('',#10023,#2140);
#1601=LINE('',#10046,#2141);
#1602=LINE('',#10069,#2142);
#1603=LINE('',#10092,#2143);
#1604=LINE('',#10115,#2144);
#1605=LINE('',#10117,#2145);
#1606=LINE('',#10118,#2146);
#1607=LINE('',#10135,#2147);
#1608=LINE('',#10152,#2148);
#1609=LINE('',#10169,#2149);
#1610=LINE('',#10186,#2150);
#1611=LINE('',#10188,#2151);
#1612=LINE('',#10193,#2152);
#1613=LINE('',#10195,#2153);
#1614=LINE('',#10197,#2154);
#1615=LINE('',#10198,#2155);
#1616=LINE('',#10200,#2156);
#1617=LINE('',#10201,#2157);
#1618=LINE('',#10203,#2158);
#1619=LINE('',#10205,#2159);
#1620=LINE('',#10211,#2160);
#1621=LINE('',#10213,#2161);
#1622=LINE('',#10215,#2162);
#1623=LINE('',#10216,#2163);
#1624=LINE('',#10219,#2164);
#1625=LINE('',#10221,#2165);
#1626=LINE('',#10222,#2166);
#1627=LINE('',#10225,#2167);
#1628=LINE('',#10227,#2168);
#1629=LINE('',#10231,#2169);
#1630=LINE('',#10233,#2170);
#1631=LINE('',#10235,#2171);
#1632=LINE('',#10239,#2172);
#1633=LINE('',#10241,#2173);
#1634=LINE('',#10243,#2174);
#1635=LINE('',#10245,#2175);
#1636=LINE('',#10247,#2176);
#1637=LINE('',#10249,#2177);
#1638=LINE('',#10251,#2178);
#1639=LINE('',#10252,#2179);
#1640=LINE('',#10255,#2180);
#1641=LINE('',#10256,#2181);
#1642=LINE('',#10258,#2182);
#1643=LINE('',#10260,#2183);
#1644=LINE('',#10261,#2184);
#1645=LINE('',#10265,#2185);
#1646=LINE('',#10266,#2186);
#1647=LINE('',#10267,#2187);
#1648=LINE('',#10270,#2188);
#1649=LINE('',#10272,#2189);
#1650=LINE('',#10273,#2190);
#1651=LINE('',#10276,#2191);
#1652=LINE('',#10277,#2192);
#1653=LINE('',#10280,#2193);
#1654=LINE('',#10281,#2194);
#1655=LINE('',#10284,#2195);
#1656=LINE('',#10285,#2196);
#1657=LINE('',#10287,#2197);
#1658=LINE('',#10291,#2198);
#1659=LINE('',#10292,#2199);
#1660=LINE('',#10295,#2200);
#1661=LINE('',#10296,#2201);
#1662=LINE('',#10298,#2202);
#1663=LINE('',#10301,#2203);
#1664=LINE('',#10303,#2204);
#1665=LINE('',#10304,#2205);
#1666=LINE('',#10306,#2206);
#1667=LINE('',#10308,#2207);
#1668=LINE('',#10311,#2208);
#1669=LINE('',#10316,#2209);
#1670=LINE('',#10318,#2210);
#1671=LINE('',#10320,#2211);
#1672=LINE('',#10323,#2212);
#1673=LINE('',#10324,#2213);
#1674=LINE('',#10327,#2214);
#1675=LINE('',#10328,#2215);
#1676=LINE('',#10330,#2216);
#1677=LINE('',#10337,#2217);
#1678=LINE('',#10360,#2218);
#1679=LINE('',#10362,#2219);
#1680=LINE('',#10364,#2220);
#1681=LINE('',#10371,#2221);
#1682=LINE('',#10373,#2222);
#1683=LINE('',#10377,#2223);
#1684=LINE('',#10379,#2224);
#1685=LINE('',#10388,#2225);
#1686=LINE('',#10390,#2226);
#1687=LINE('',#10392,#2227);
#1688=LINE('',#10393,#2228);
#1689=LINE('',#10416,#2229);
#1690=LINE('',#10439,#2230);
#1691=LINE('',#10462,#2231);
#1692=LINE('',#10485,#2232);
#1693=LINE('',#10508,#2233);
#1694=LINE('',#10531,#2234);
#1695=LINE('',#10554,#2235);
#1696=LINE('',#10577,#2236);
#1697=LINE('',#10600,#2237);
#1698=LINE('',#10623,#2238);
#1699=LINE('',#10646,#2239);
#1700=LINE('',#10669,#2240);
#1701=LINE('',#10692,#2241);
#1702=LINE('',#10695,#2242);
#1703=LINE('',#10697,#2243);
#1704=LINE('',#10698,#2244);
#1705=LINE('',#10721,#2245);
#1706=LINE('',#10744,#2246);
#1707=LINE('',#10767,#2247);
#1708=LINE('',#10790,#2248);
#1709=LINE('',#10813,#2249);
#1710=LINE('',#10836,#2250);
#1711=LINE('',#10859,#2251);
#1712=LINE('',#10882,#2252);
#1713=LINE('',#10905,#2253);
#1714=LINE('',#10928,#2254);
#1715=LINE('',#10951,#2255);
#1716=LINE('',#10974,#2256);
#1717=LINE('',#10997,#2257);
#1718=LINE('',#11022,#2258);
#1719=LINE('',#11024,#2259);
#1720=LINE('',#11026,#2260);
#1721=LINE('',#11027,#2261);
#1722=LINE('',#11030,#2262);
#1723=LINE('',#11032,#2263);
#1724=LINE('',#11033,#2264);
#1725=LINE('',#11056,#2265);
#1726=LINE('',#11079,#2266);
#1727=LINE('',#11102,#2267);
#1728=LINE('',#11125,#2268);
#1729=LINE('',#11148,#2269);
#1730=LINE('',#11150,#2270);
#1731=LINE('',#11151,#2271);
#1732=LINE('',#11155,#2272);
#1733=LINE('',#11157,#2273);
#1734=LINE('',#11159,#2274);
#1735=LINE('',#11160,#2275);
#1736=LINE('',#11183,#2276);
#1737=LINE('',#11206,#2277);
#1738=LINE('',#11229,#2278);
#1739=LINE('',#11252,#2279);
#1740=LINE('',#11275,#2280);
#1741=LINE('',#11298,#2281);
#1742=LINE('',#11321,#2282);
#1743=LINE('',#11344,#2283);
#1744=LINE('',#11347,#2284);
#1745=LINE('',#11349,#2285);
#1746=LINE('',#11350,#2286);
#1747=LINE('',#11352,#2287);
#1748=LINE('',#11353,#2288);
#1749=LINE('',#11358,#2289);
#1750=LINE('',#11360,#2290);
#1751=LINE('',#11362,#2291);
#1752=LINE('',#11364,#2292);
#1753=LINE('',#11366,#2293);
#1754=LINE('',#11368,#2294);
#1755=LINE('',#11370,#2295);
#1756=LINE('',#11372,#2296);
#1757=LINE('',#11374,#2297);
#1758=LINE('',#11376,#2298);
#1759=LINE('',#11378,#2299);
#1760=LINE('',#11380,#2300);
#1761=LINE('',#11382,#2301);
#1762=LINE('',#11383,#2302);
#1763=LINE('',#11388,#2303);
#1764=LINE('',#11395,#2304);
#1765=LINE('',#11401,#2305);
#1766=LINE('',#11403,#2306);
#1767=LINE('',#11404,#2307);
#1768=LINE('',#11407,#2308);
#1769=LINE('',#11408,#2309);
#1770=LINE('',#11411,#2310);
#1771=LINE('',#11412,#2311);
#1772=LINE('',#11415,#2312);
#1773=LINE('',#11416,#2313);
#1774=LINE('',#11419,#2314);
#1775=LINE('',#11420,#2315);
#1776=LINE('',#11423,#2316);
#1777=LINE('',#11424,#2317);
#1778=LINE('',#11427,#2318);
#1779=LINE('',#11428,#2319);
#1780=LINE('',#11431,#2320);
#1781=LINE('',#11432,#2321);
#1782=LINE('',#11435,#2322);
#1783=LINE('',#11436,#2323);
#1784=LINE('',#11439,#2324);
#1785=LINE('',#11440,#2325);
#1786=LINE('',#11443,#2326);
#1787=LINE('',#11444,#2327);
#1788=LINE('',#11447,#2328);
#1789=LINE('',#11448,#2329);
#1790=LINE('',#11451,#2330);
#1791=LINE('',#11452,#2331);
#1792=LINE('',#11454,#2332);
#1793=VECTOR('',#6576,10.);
#1794=VECTOR('',#6579,10.);
#1795=VECTOR('',#6588,10.);
#1796=VECTOR('',#6597,10.);
#1797=VECTOR('',#6598,10.);
#1798=VECTOR('',#6601,10.);
#1799=VECTOR('',#6604,10.);
#1800=VECTOR('',#6609,10.);
#1801=VECTOR('',#6610,10.);
#1802=VECTOR('',#6623,10.);
#1803=VECTOR('',#6624,10.);
#1804=VECTOR('',#6629,10.);
#1805=VECTOR('',#6634,10.);
#1806=VECTOR('',#6637,10.);
#1807=VECTOR('',#6640,10.);
#1808=VECTOR('',#6647,10.);
#1809=VECTOR('',#6656,10.);
#1810=VECTOR('',#6665,10.);
#1811=VECTOR('',#6666,10.);
#1812=VECTOR('',#6669,10.);
#1813=VECTOR('',#6672,10.);
#1814=VECTOR('',#6677,10.);
#1815=VECTOR('',#6678,10.);
#1816=VECTOR('',#6691,10.);
#1817=VECTOR('',#6692,10.);
#1818=VECTOR('',#6697,10.);
#1819=VECTOR('',#6704,10.);
#1820=VECTOR('',#6707,10.);
#1821=VECTOR('',#6710,0.0999999999999979);
#1822=VECTOR('',#6713,0.0999999999999979);
#1823=VECTOR('',#6716,10.);
#1824=VECTOR('',#6717,10.);
#1825=VECTOR('',#6730,10.);
#1826=VECTOR('',#6737,10.);
#1827=VECTOR('',#6750,10.);
#1828=VECTOR('',#6751,10.);
#1829=VECTOR('',#6756,10.);
#1830=VECTOR('',#6761,10.);
#1831=VECTOR('',#6764,10.);
#1832=VECTOR('',#6765,10.);
#1833=VECTOR('',#6766,10.);
#1834=VECTOR('',#6767,10.);
#1835=VECTOR('',#6768,10.);
#1836=VECTOR('',#6769,10.);
#1837=VECTOR('',#6770,10.);
#1838=VECTOR('',#6773,10.);
#1839=VECTOR('',#6776,10.);
#1840=VECTOR('',#6781,10.);
#1841=VECTOR('',#6782,10.);
#1842=VECTOR('',#6801,10.);
#1843=VECTOR('',#6808,10.);
#1844=VECTOR('',#6817,10.);
#1845=VECTOR('',#6822,10.);
#1846=VECTOR('',#6823,10.);
#1847=VECTOR('',#6826,10.);
#1848=VECTOR('',#6827,10.);
#1849=VECTOR('',#6836,10.);
#1850=VECTOR('',#6837,10.);
#1851=VECTOR('',#6838,10.);
#1852=VECTOR('',#6841,10.);
#1853=VECTOR('',#6842,10.);
#1854=VECTOR('',#6843,10.);
#1855=VECTOR('',#6846,10.);
#1856=VECTOR('',#6847,10.);
#1857=VECTOR('',#6848,10.);
#1858=VECTOR('',#6849,10.);
#1859=VECTOR('',#6852,10.);
#1860=VECTOR('',#6853,10.);
#1861=VECTOR('',#6854,10.);
#1862=VECTOR('',#6857,10.);
#1863=VECTOR('',#6858,10.);
#1864=VECTOR('',#6861,10.);
#1865=VECTOR('',#6862,10.);
#1866=VECTOR('',#6863,10.);
#1867=VECTOR('',#6866,10.);
#1868=VECTOR('',#6867,10.);
#1869=VECTOR('',#6870,10.);
#1870=VECTOR('',#6871,10.);
#1871=VECTOR('',#6874,10.);
#1872=VECTOR('',#6875,10.);
#1873=VECTOR('',#6878,10.);
#1874=VECTOR('',#6879,10.);
#1875=VECTOR('',#6880,10.);
#1876=VECTOR('',#6883,10.);
#1877=VECTOR('',#6884,10.);
#1878=VECTOR('',#6885,10.);
#1879=VECTOR('',#6888,10.);
#1880=VECTOR('',#6889,10.);
#1881=VECTOR('',#6892,10.);
#1882=VECTOR('',#6899,10.);
#1883=VECTOR('',#6902,10.);
#1884=VECTOR('',#6905,10.);
#1885=VECTOR('',#6906,10.);
#1886=VECTOR('',#6907,10.);
#1887=VECTOR('',#6908,10.);
#1888=VECTOR('',#6909,10.);
#1889=VECTOR('',#6910,10.);
#1890=VECTOR('',#6911,10.);
#1891=VECTOR('',#6916,10.);
#1892=VECTOR('',#6919,10.);
#1893=VECTOR('',#6922,10.);
#1894=VECTOR('',#6923,10.);
#1895=VECTOR('',#6924,10.);
#1896=VECTOR('',#6925,10.);
#1897=VECTOR('',#6928,2.);
#1898=VECTOR('',#6929,10.);
#1899=VECTOR('',#6930,2.);
#1900=VECTOR('',#6931,10.);
#1901=VECTOR('',#6934,2.);
#1902=VECTOR('',#6935,10.);
#1903=VECTOR('',#6936,2.);
#1904=VECTOR('',#6937,10.);
#1905=VECTOR('',#6940,10.);
#1906=VECTOR('',#6945,10.);
#1907=VECTOR('',#6950,10.);
#1908=VECTOR('',#6953,10.);
#1909=VECTOR('',#6958,10.);
#1910=VECTOR('',#6961,10.);
#1911=VECTOR('',#6966,10.);
#1912=VECTOR('',#6971,2.);
#1913=VECTOR('',#6972,10.);
#1914=VECTOR('',#6977,10.);
#1915=VECTOR('',#6980,10.);
#1916=VECTOR('',#6985,10.);
#1917=VECTOR('',#6986,10.);
#1918=VECTOR('',#6987,10.);
#1919=VECTOR('',#7004,10.);
#1920=VECTOR('',#7005,10.);
#1921=VECTOR('',#7006,10.);
#1922=VECTOR('',#7009,10.);
#1923=VECTOR('',#7014,10.);
#1924=VECTOR('',#7015,10.);
#1925=VECTOR('',#7016,10.);
#1926=VECTOR('',#7033,10.);
#1927=VECTOR('',#7034,10.);
#1928=VECTOR('',#7035,10.);
#1929=VECTOR('',#7038,10.);
#1930=VECTOR('',#7039,10.);
#1931=VECTOR('',#7044,10.);
#1932=VECTOR('',#7047,10.);
#1933=VECTOR('',#7048,10.);
#1934=VECTOR('',#7053,10.);
#1935=VECTOR('',#7054,10.);
#1936=VECTOR('',#7057,2.);
#1937=VECTOR('',#7062,10.);
#1938=VECTOR('',#7069,10.);
#1939=VECTOR('',#7072,10.);
#1940=VECTOR('',#7073,10.);
#1941=VECTOR('',#7078,10.);
#1942=VECTOR('',#7081,2.);
#1943=VECTOR('',#7084,10.);
#1944=VECTOR('',#7087,10.);
#1945=VECTOR('',#7088,10.);
#1946=VECTOR('',#7089,10.);
#1947=VECTOR('',#7090,10.);
#1948=VECTOR('',#7091,10.);
#1949=VECTOR('',#7094,10.);
#1950=VECTOR('',#7097,10.);
#1951=VECTOR('',#7104,10.);
#1952=VECTOR('',#7125,10.);
#1953=VECTOR('',#7126,10.);
#1954=VECTOR('',#7139,10.);
#1955=VECTOR('',#7140,10.);
#1956=VECTOR('',#7153,10.);
#1957=VECTOR('',#7154,10.);
#1958=VECTOR('',#7165,10.);
#1959=VECTOR('',#7166,10.);
#1960=VECTOR('',#7169,10.);
#1961=VECTOR('',#7170,10.);
#1962=VECTOR('',#7171,10.);
#1963=VECTOR('',#7174,10.);
#1964=VECTOR('',#7179,10.);
#1965=VECTOR('',#7180,10.);
#1966=VECTOR('',#7183,10.);
#1967=VECTOR('',#7192,10.);
#1968=VECTOR('',#7195,10.);
#1969=VECTOR('',#7198,10.);
#1970=VECTOR('',#7203,10.);
#1971=VECTOR('',#7216,1.6);
#1972=VECTOR('',#7223,0.0499999999999989);
#1973=VECTOR('',#7232,0.0499999999999989);
#1974=VECTOR('',#7239,10.);
#1975=VECTOR('',#7240,10.);
#1976=VECTOR('',#7241,10.);
#1977=VECTOR('',#7242,10.);
#1978=VECTOR('',#7245,10.);
#1979=VECTOR('',#7246,10.);
#1980=VECTOR('',#7247,10.);
#1981=VECTOR('',#7248,10.);
#1982=VECTOR('',#7251,10.);
#1983=VECTOR('',#7252,10.);
#1984=VECTOR('',#7255,10.);
#1985=VECTOR('',#7256,10.);
#1986=VECTOR('',#7257,10.);
#1987=VECTOR('',#7258,10.);
#1988=VECTOR('',#7261,10.);
#1989=VECTOR('',#7262,10.);
#1990=VECTOR('',#7263,10.);
#1991=VECTOR('',#7264,10.);
#1992=VECTOR('',#7267,10.);
#1993=VECTOR('',#7268,10.);
#1994=VECTOR('',#7271,10.);
#1995=VECTOR('',#7272,10.);
#1996=VECTOR('',#7273,10.);
#1997=VECTOR('',#7274,10.);
#1998=VECTOR('',#7275,10.);
#1999=VECTOR('',#7278,10.);
#2000=VECTOR('',#7279,10.);
#2001=VECTOR('',#7280,10.);
#2002=VECTOR('',#7281,10.);
#2003=VECTOR('',#7282,10.);
#2004=VECTOR('',#7285,10.);
#2005=VECTOR('',#7286,10.);
#2006=VECTOR('',#7287,10.);
#2007=VECTOR('',#7288,10.);
#2008=VECTOR('',#7289,10.);
#2009=VECTOR('',#7292,10.);
#2010=VECTOR('',#7293,10.);
#2011=VECTOR('',#7294,10.);
#2012=VECTOR('',#7297,10.);
#2013=VECTOR('',#7300,10.);
#2014=VECTOR('',#7305,10.);
#2015=VECTOR('',#7306,10.);
#2016=VECTOR('',#7317,10.);
#2017=VECTOR('',#7318,10.);
#2018=VECTOR('',#7327,10.);
#2019=VECTOR('',#7328,10.);
#2020=VECTOR('',#7331,10.);
#2021=VECTOR('',#7332,10.);
#2022=VECTOR('',#7335,10.);
#2023=VECTOR('',#7338,10.);
#2024=VECTOR('',#7341,10.);
#2025=VECTOR('',#7344,10.);
#2026=VECTOR('',#7353,3.74855825390408);
#2027=VECTOR('',#7370,7.3221020411313);
#2028=VECTOR('',#7375,10.);
#2029=VECTOR('',#7376,10.);
#2030=VECTOR('',#7377,10.);
#2031=VECTOR('',#7378,10.);
#2032=VECTOR('',#7381,10.);
#2033=VECTOR('',#7382,10.);
#2034=VECTOR('',#7383,10.);
#2035=VECTOR('',#7386,10.);
#2036=VECTOR('',#7387,10.);
#2037=VECTOR('',#7388,10.);
#2038=VECTOR('',#7391,10.);
#2039=VECTOR('',#7392,10.);
#2040=VECTOR('',#7397,10.);
#2041=VECTOR('',#7398,10.);
#2042=VECTOR('',#7399,10.);
#2043=VECTOR('',#7400,10.);
#2044=VECTOR('',#7403,10.);
#2045=VECTOR('',#7404,10.);
#2046=VECTOR('',#7405,10.);
#2047=VECTOR('',#7408,10.);
#2048=VECTOR('',#7409,10.);
#2049=VECTOR('',#7410,10.);
#2050=VECTOR('',#7413,10.);
#2051=VECTOR('',#7414,10.);
#2052=VECTOR('',#7419,10.);
#2053=VECTOR('',#7420,10.);
#2054=VECTOR('',#7421,10.);
#2055=VECTOR('',#7422,10.);
#2056=VECTOR('',#7425,10.);
#2057=VECTOR('',#7426,10.);
#2058=VECTOR('',#7427,10.);
#2059=VECTOR('',#7430,10.);
#2060=VECTOR('',#7431,10.);
#2061=VECTOR('',#7432,10.);
#2062=VECTOR('',#7435,10.);
#2063=VECTOR('',#7436,10.);
#2064=VECTOR('',#7441,10.);
#2065=VECTOR('',#7442,10.);
#2066=VECTOR('',#7443,10.);
#2067=VECTOR('',#7444,10.);
#2068=VECTOR('',#7447,10.);
#2069=VECTOR('',#7448,10.);
#2070=VECTOR('',#7449,10.);
#2071=VECTOR('',#7452,10.);
#2072=VECTOR('',#7453,10.);
#2073=VECTOR('',#7454,10.);
#2074=VECTOR('',#7457,10.);
#2075=VECTOR('',#7458,10.);
#2076=VECTOR('',#7463,10.);
#2077=VECTOR('',#7464,10.);
#2078=VECTOR('',#7465,10.);
#2079=VECTOR('',#7466,10.);
#2080=VECTOR('',#7469,10.);
#2081=VECTOR('',#7470,10.);
#2082=VECTOR('',#7471,10.);
#2083=VECTOR('',#7474,10.);
#2084=VECTOR('',#7475,10.);
#2085=VECTOR('',#7476,10.);
#2086=VECTOR('',#7479,10.);
#2087=VECTOR('',#7480,10.);
#2088=VECTOR('',#7483,10.);
#2089=VECTOR('',#7484,10.);
#2090=VECTOR('',#7485,10.);
#2091=VECTOR('',#7486,10.);
#2092=VECTOR('',#7487,10.);
#2093=VECTOR('',#7488,10.);
#2094=VECTOR('',#7489,10.);
#2095=VECTOR('',#7490,10.);
#2096=VECTOR('',#7491,10.);
#2097=VECTOR('',#7492,10.);
#2098=VECTOR('',#7493,10.);
#2099=VECTOR('',#7494,10.);
#2100=VECTOR('',#7495,10.);
#2101=VECTOR('',#7496,10.);
#2102=VECTOR('',#7497,10.);
#2103=VECTOR('',#7498,10.);
#2104=VECTOR('',#7499,10.);
#2105=VECTOR('',#7500,10.);
#2106=VECTOR('',#7501,10.);
#2107=VECTOR('',#7504,10.);
#2108=VECTOR('',#7505,10.);
#2109=VECTOR('',#7506,10.);
#2110=VECTOR('',#7507,10.);
#2111=VECTOR('',#7508,10.);
#2112=VECTOR('',#7509,10.);
#2113=VECTOR('',#7510,10.);
#2114=VECTOR('',#7511,10.);
#2115=VECTOR('',#7514,10.);
#2116=VECTOR('',#7515,10.);
#2117=VECTOR('',#7518,10.);
#2118=VECTOR('',#7519,10.);
#2119=VECTOR('',#7522,10.);
#2120=VECTOR('',#7523,10.);
#2121=VECTOR('',#7524,10.);
#2122=VECTOR('',#7525,10.);
#2123=VECTOR('',#7526,10.);
#2124=VECTOR('',#7527,10.);
#2125=VECTOR('',#7528,10.);
#2126=VECTOR('',#7529,10.);
#2127=VECTOR('',#7530,10.);
#2128=VECTOR('',#7531,10.);
#2129=VECTOR('',#7532,10.);
#2130=VECTOR('',#7533,10.);
#2131=VECTOR('',#7534,10.);
#2132=VECTOR('',#7535,10.);
#2133=VECTOR('',#7540,10.);
#2134=VECTOR('',#7541,10.);
#2135=VECTOR('',#7542,10.);
#2136=VECTOR('',#7543,10.);
#2137=VECTOR('',#7546,10.);
#2138=VECTOR('',#7547,10.);
#2139=VECTOR('',#7548,10.);
#2140=VECTOR('',#7549,10.);
#2141=VECTOR('',#7550,10.);
#2142=VECTOR('',#7551,10.);
#2143=VECTOR('',#7552,10.);
#2144=VECTOR('',#7553,10.);
#2145=VECTOR('',#7556,10.);
#2146=VECTOR('',#7557,10.);
#2147=VECTOR('',#7558,10.);
#2148=VECTOR('',#7559,10.);
#2149=VECTOR('',#7560,10.);
#2150=VECTOR('',#7561,10.);
#2151=VECTOR('',#7564,10.);
#2152=VECTOR('',#7569,10.);
#2153=VECTOR('',#7570,10.);
#2154=VECTOR('',#7571,10.);
#2155=VECTOR('',#7572,10.);
#2156=VECTOR('',#7575,10.);
#2157=VECTOR('',#7576,10.);
#2158=VECTOR('',#7579,10.);
#2159=VECTOR('',#7582,10.);
#2160=VECTOR('',#7589,10.);
#2161=VECTOR('',#7590,10.);
#2162=VECTOR('',#7591,10.);
#2163=VECTOR('',#7592,10.);
#2164=VECTOR('',#7595,10.);
#2165=VECTOR('',#7596,10.);
#2166=VECTOR('',#7597,10.);
#2167=VECTOR('',#7600,10.);
#2168=VECTOR('',#7601,10.);
#2169=VECTOR('',#7604,10.);
#2170=VECTOR('',#7605,10.);
#2171=VECTOR('',#7606,10.);
#2172=VECTOR('',#7609,10.);
#2173=VECTOR('',#7610,10.);
#2174=VECTOR('',#7611,10.);
#2175=VECTOR('',#7612,10.);
#2176=VECTOR('',#7613,10.);
#2177=VECTOR('',#7614,10.);
#2178=VECTOR('',#7615,10.);
#2179=VECTOR('',#7616,10.);
#2180=VECTOR('',#7619,10.);
#2181=VECTOR('',#7620,10.);
#2182=VECTOR('',#7621,10.);
#2183=VECTOR('',#7622,10.);
#2184=VECTOR('',#7623,10.);
#2185=VECTOR('',#7626,10.);
#2186=VECTOR('',#7627,10.);
#2187=VECTOR('',#7628,10.);
#2188=VECTOR('',#7631,10.);
#2189=VECTOR('',#7632,10.);
#2190=VECTOR('',#7633,10.);
#2191=VECTOR('',#7636,10.);
#2192=VECTOR('',#7637,10.);
#2193=VECTOR('',#7640,10.);
#2194=VECTOR('',#7641,10.);
#2195=VECTOR('',#7644,10.);
#2196=VECTOR('',#7645,10.);
#2197=VECTOR('',#7648,10.);
#2198=VECTOR('',#7653,10.);
#2199=VECTOR('',#7654,10.);
#2200=VECTOR('',#7657,10.);
#2201=VECTOR('',#7658,10.);
#2202=VECTOR('',#7661,10.);
#2203=VECTOR('',#7664,10.);
#2204=VECTOR('',#7665,10.);
#2205=VECTOR('',#7666,10.);
#2206=VECTOR('',#7669,10.);
#2207=VECTOR('',#7672,10.);
#2208=VECTOR('',#7675,10.);
#2209=VECTOR('',#7682,10.);
#2210=VECTOR('',#7685,10.);
#2211=VECTOR('',#7688,10.);
#2212=VECTOR('',#7691,10.);
#2213=VECTOR('',#7692,10.);
#2214=VECTOR('',#7695,10.);
#2215=VECTOR('',#7696,10.);
#2216=VECTOR('',#7699,10.);
#2217=VECTOR('',#7710,10.);
#2218=VECTOR('',#7747,10.);
#2219=VECTOR('',#7750,10.);
#2220=VECTOR('',#7753,10.);
#2221=VECTOR('',#7764,10.);
#2222=VECTOR('',#7767,10.);
#2223=VECTOR('',#7774,10.);
#2224=VECTOR('',#7777,10.);
#2225=VECTOR('',#7790,10.);
#2226=VECTOR('',#7791,10.);
#2227=VECTOR('',#7792,10.);
#2228=VECTOR('',#7793,10.);
#2229=VECTOR('',#7794,10.);
#2230=VECTOR('',#7795,10.);
#2231=VECTOR('',#7796,10.);
#2232=VECTOR('',#7797,10.);
#2233=VECTOR('',#7798,10.);
#2234=VECTOR('',#7799,10.);
#2235=VECTOR('',#7800,10.);
#2236=VECTOR('',#7801,10.);
#2237=VECTOR('',#7802,10.);
#2238=VECTOR('',#7803,10.);
#2239=VECTOR('',#7804,10.);
#2240=VECTOR('',#7805,10.);
#2241=VECTOR('',#7806,10.);
#2242=VECTOR('',#7809,10.);
#2243=VECTOR('',#7810,10.);
#2244=VECTOR('',#7811,10.);
#2245=VECTOR('',#7812,10.);
#2246=VECTOR('',#7813,10.);
#2247=VECTOR('',#7814,10.);
#2248=VECTOR('',#7815,10.);
#2249=VECTOR('',#7816,10.);
#2250=VECTOR('',#7817,10.);
#2251=VECTOR('',#7818,10.);
#2252=VECTOR('',#7819,10.);
#2253=VECTOR('',#7820,10.);
#2254=VECTOR('',#7821,10.);
#2255=VECTOR('',#7822,10.);
#2256=VECTOR('',#7823,10.);
#2257=VECTOR('',#7824,10.);
#2258=VECTOR('',#7829,10.);
#2259=VECTOR('',#7830,10.);
#2260=VECTOR('',#7831,10.);
#2261=VECTOR('',#7832,10.);
#2262=VECTOR('',#7835,10.);
#2263=VECTOR('',#7836,10.);
#2264=VECTOR('',#7837,10.);
#2265=VECTOR('',#7838,10.);
#2266=VECTOR('',#7839,10.);
#2267=VECTOR('',#7840,10.);
#2268=VECTOR('',#7841,10.);
#2269=VECTOR('',#7842,10.);
#2270=VECTOR('',#7845,10.);
#2271=VECTOR('',#7846,10.);
#2272=VECTOR('',#7849,10.);
#2273=VECTOR('',#7850,10.);
#2274=VECTOR('',#7851,10.);
#2275=VECTOR('',#7852,10.);
#2276=VECTOR('',#7853,10.);
#2277=VECTOR('',#7854,10.);
#2278=VECTOR('',#7855,10.);
#2279=VECTOR('',#7856,10.);
#2280=VECTOR('',#7857,10.);
#2281=VECTOR('',#7858,10.);
#2282=VECTOR('',#7859,10.);
#2283=VECTOR('',#7860,10.);
#2284=VECTOR('',#7863,10.);
#2285=VECTOR('',#7864,10.);
#2286=VECTOR('',#7865,10.);
#2287=VECTOR('',#7868,10.);
#2288=VECTOR('',#7869,10.);
#2289=VECTOR('',#7874,10.);
#2290=VECTOR('',#7875,10.);
#2291=VECTOR('',#7876,10.);
#2292=VECTOR('',#7877,10.);
#2293=VECTOR('',#7878,10.);
#2294=VECTOR('',#7879,10.);
#2295=VECTOR('',#7880,10.);
#2296=VECTOR('',#7881,10.);
#2297=VECTOR('',#7882,10.);
#2298=VECTOR('',#7883,10.);
#2299=VECTOR('',#7884,10.);
#2300=VECTOR('',#7885,10.);
#2301=VECTOR('',#7886,10.);
#2302=VECTOR('',#7887,10.);
#2303=VECTOR('',#7892,0.0471032696795248);
#2304=VECTOR('',#7901,0.0450000000000017);
#2305=VECTOR('',#7910,10.);
#2306=VECTOR('',#7911,10.);
#2307=VECTOR('',#7912,10.);
#2308=VECTOR('',#7915,10.);
#2309=VECTOR('',#7916,10.);
#2310=VECTOR('',#7919,10.);
#2311=VECTOR('',#7920,10.);
#2312=VECTOR('',#7923,10.);
#2313=VECTOR('',#7924,10.);
#2314=VECTOR('',#7927,10.);
#2315=VECTOR('',#7928,10.);
#2316=VECTOR('',#7931,10.);
#2317=VECTOR('',#7932,10.);
#2318=VECTOR('',#7935,10.);
#2319=VECTOR('',#7936,10.);
#2320=VECTOR('',#7939,10.);
#2321=VECTOR('',#7940,10.);
#2322=VECTOR('',#7943,10.);
#2323=VECTOR('',#7944,10.);
#2324=VECTOR('',#7947,10.);
#2325=VECTOR('',#7948,10.);
#2326=VECTOR('',#7951,10.);
#2327=VECTOR('',#7952,10.);
#2328=VECTOR('',#7955,10.);
#2329=VECTOR('',#7956,10.);
#2330=VECTOR('',#7959,10.);
#2331=VECTOR('',#7960,10.);
#2332=VECTOR('',#7963,10.);
#2333=CIRCLE('',#6138,0.1);
#2334=CIRCLE('',#6139,0.1);
#2335=CIRCLE('',#6141,0.1);
#2336=CIRCLE('',#6142,0.2);
#2337=CIRCLE('',#6144,0.1);
#2338=CIRCLE('',#6146,0.5);
#2339=CIRCLE('',#6150,0.5);
#2340=CIRCLE('',#6153,0.1);
#2341=CIRCLE('',#6154,0.1);
#2342=CIRCLE('',#6155,0.2);
#2343=CIRCLE('',#6157,0.1);
#2344=CIRCLE('',#6159,0.1);
#2345=CIRCLE('',#6162,0.2);
#2346=CIRCLE('',#6163,0.0999999999999979);
#2347=CIRCLE('',#6164,0.0999999999999979);
#2348=CIRCLE('',#6166,0.1);
#2349=CIRCLE('',#6167,0.1);
#2350=CIRCLE('',#6169,0.1);
#2351=CIRCLE('',#6171,0.1);
#2352=CIRCLE('',#6173,0.5);
#2353=CIRCLE('',#6177,0.5);
#2354=CIRCLE('',#6180,0.1);
#2355=CIRCLE('',#6181,0.1);
#2356=CIRCLE('',#6182,0.2);
#2357=CIRCLE('',#6184,0.1);
#2358=CIRCLE('',#6186,0.1);
#2359=CIRCLE('',#6189,0.0999999999999979);
#2360=CIRCLE('',#6190,0.0999999999999979);
#2361=CIRCLE('',#6195,0.2);
#2362=CIRCLE('',#6196,0.1);
#2363=CIRCLE('',#6197,0.1);
#2364=CIRCLE('',#6198,0.0999999999999979);
#2365=CIRCLE('',#6200,0.0999999999999995);
#2366=CIRCLE('',#6204,0.2);
#2367=CIRCLE('',#6205,0.1);
#2368=CIRCLE('',#6206,0.1);
#2369=CIRCLE('',#6207,0.0999999999999979);
#2370=CIRCLE('',#6210,0.1);
#2371=CIRCLE('',#6214,0.2);
#2372=CIRCLE('',#6215,0.2);
#2373=CIRCLE('',#6219,0.1);
#2374=CIRCLE('',#6220,0.1);
#2375=CIRCLE('',#6221,0.0999999999999979);
#2376=CIRCLE('',#6223,0.1);
#2377=CIRCLE('',#6224,0.0999999999999979);
#2378=CIRCLE('',#6225,0.1);
#2379=CIRCLE('',#6229,0.1);
#2380=CIRCLE('',#6231,0.1);
#2381=CIRCLE('',#6255,0.6);
#2382=CIRCLE('',#6256,0.6);
#2383=CIRCLE('',#6259,0.6);
#2384=CIRCLE('',#6260,0.6);
#2385=CIRCLE('',#6265,2.);
#2386=CIRCLE('',#6267,2.);
#2387=CIRCLE('',#6268,2.);
#2388=CIRCLE('',#6269,2.);
#2389=CIRCLE('',#6270,2.);
#2390=CIRCLE('',#6272,2.);
#2391=CIRCLE('',#6273,2.);
#2392=CIRCLE('',#6275,2.);
#2393=CIRCLE('',#6280,1.9775);
#2394=CIRCLE('',#6283,1.9775);
#2395=CIRCLE('',#6285,1.56416910850458);
#2396=CIRCLE('',#6286,2.);
#2397=CIRCLE('',#6287,2.);
#2398=CIRCLE('',#6288,2.);
#2399=CIRCLE('',#6291,1.9775);
#2400=CIRCLE('',#6294,1.9775);
#2401=CIRCLE('',#6296,1.56416910850458);
#2402=CIRCLE('',#6297,2.);
#2403=CIRCLE('',#6298,2.);
#2404=CIRCLE('',#6299,2.);
#2405=CIRCLE('',#6302,1.56416910850458);
#2406=CIRCLE('',#6305,1.56416910850458);
#2407=CIRCLE('',#6312,2.);
#2408=CIRCLE('',#6319,1.5);
#2409=CIRCLE('',#6320,1.5);
#2410=CIRCLE('',#6321,7.3221020411313);
#2411=CIRCLE('',#6322,7.3221020411313);
#2412=CIRCLE('',#6325,2.);
#2413=CIRCLE('',#6328,0.1);
#2414=CIRCLE('',#6329,1.3);
#2415=CIRCLE('',#6330,0.0999999999999979);
#2416=CIRCLE('',#6331,1.4);
#2417=CIRCLE('',#6333,0.0999999999999979);
#2418=CIRCLE('',#6335,0.0999999999999979);
#2419=CIRCLE('',#6336,1.4);
#2420=CIRCLE('',#6337,1.3);
#2421=CIRCLE('',#6339,0.0999999999999979);
#2422=CIRCLE('',#6341,0.0999999999999979);
#2423=CIRCLE('',#6342,1.4);
#2424=CIRCLE('',#6343,1.3);
#2425=CIRCLE('',#6345,0.0999999999999979);
#2426=CIRCLE('',#6347,0.0999999999999979);
#2427=CIRCLE('',#6348,1.4);
#2428=CIRCLE('',#6349,1.3);
#2429=CIRCLE('',#6353,1.4);
#2430=CIRCLE('',#6356,1.4);
#2431=CIRCLE('',#6358,1.6);
#2432=CIRCLE('',#6360,1.4);
#2433=CIRCLE('',#6363,1.4);
#2434=CIRCLE('',#6365,1.);
#2435=CIRCLE('',#6366,0.6);
#2436=CIRCLE('',#6367,1.6);
#2437=CIRCLE('',#6368,1.6);
#2438=CIRCLE('',#6372,0.0499999999999989);
#2439=CIRCLE('',#6373,0.0499999999999989);
#2440=CIRCLE('',#6376,0.0499999999999989);
#2441=CIRCLE('',#6377,0.0499999999999989);
#2442=CIRCLE('',#6392,1.);
#2443=CIRCLE('',#6393,1.);
#2444=CIRCLE('',#6394,0.500000000000001);
#2445=CIRCLE('',#6395,1.5);
#2446=CIRCLE('',#6397,1.);
#2447=CIRCLE('',#6398,1.);
#2448=CIRCLE('',#6399,0.5);
#2449=CIRCLE('',#6400,1.5);
#2450=CIRCLE('',#6408,7.3221020411313);
#2451=CIRCLE('',#6410,3.74855825390408);
#2452=CIRCLE('',#6411,3.74855825390408);
#2453=CIRCLE('',#6414,5.3221020411313);
#2454=CIRCLE('',#6415,2.);
#2455=CIRCLE('',#6416,7.3221020411313);
#2456=CIRCLE('',#6417,7.3221020411313);
#2457=CIRCLE('',#6464,0.8);
#2458=CIRCLE('',#6465,0.8);
#2459=CIRCLE('',#6490,2.);
#2460=CIRCLE('',#6491,2.);
#2461=CIRCLE('',#6492,2.);
#2462=CIRCLE('',#6495,2.);
#2463=CIRCLE('',#6496,2.);
#2464=CIRCLE('',#6497,2.);
#2465=CIRCLE('',#6499,2.);
#2466=CIRCLE('',#6500,2.);
#2467=CIRCLE('',#6501,2.);
#2468=CIRCLE('',#6503,2.);
#2469=CIRCLE('',#6504,2.);
#2470=CIRCLE('',#6505,2.);
#2471=CIRCLE('',#6508,2.);
#2472=CIRCLE('',#6509,2.);
#2473=CIRCLE('',#6510,2.);
#2474=CIRCLE('',#6515,2.);
#2475=CIRCLE('',#6516,2.);
#2476=CIRCLE('',#6517,2.);
#2477=CIRCLE('',#6541,0.0471032696795248);
#2478=CIRCLE('',#6542,0.0471032696795248);
#2479=CIRCLE('',#6545,0.0450000000000017);
#2480=CIRCLE('',#6546,0.0450000000000017);
#2481=VERTEX_POINT('',#7974);
#2482=VERTEX_POINT('',#7975);
#2483=VERTEX_POINT('',#7977);
#2484=VERTEX_POINT('',#7979);
#2485=VERTEX_POINT('',#7983);
#2486=VERTEX_POINT('',#7984);
#2487=VERTEX_POINT('',#7994);
#2488=VERTEX_POINT('',#8007);
#2489=VERTEX_POINT('',#8011);
#2490=VERTEX_POINT('',#8022);
#2491=VERTEX_POINT('',#8024);
#2492=VERTEX_POINT('',#8026);
#2493=VERTEX_POINT('',#8028);
#2494=VERTEX_POINT('',#8030);
#2495=VERTEX_POINT('',#8032);
#2496=VERTEX_POINT('',#8036);
#2497=VERTEX_POINT('',#8040);
#2498=VERTEX_POINT('',#8041);
#2499=VERTEX_POINT('',#8043);
#2500=VERTEX_POINT('',#8045);
#2501=VERTEX_POINT('',#8054);
#2502=VERTEX_POINT('',#8055);
#2503=VERTEX_POINT('',#8060);
#2504=VERTEX_POINT('',#8085);
#2505=VERTEX_POINT('',#8087);
#2506=VERTEX_POINT('',#8089);
#2507=VERTEX_POINT('',#8091);
#2508=VERTEX_POINT('',#8093);
#2509=VERTEX_POINT('',#8097);
#2510=VERTEX_POINT('',#8099);
#2511=VERTEX_POINT('',#8103);
#2512=VERTEX_POINT('',#8112);
#2513=VERTEX_POINT('',#8125);
#2514=VERTEX_POINT('',#8129);
#2515=VERTEX_POINT('',#8140);
#2516=VERTEX_POINT('',#8142);
#2517=VERTEX_POINT('',#8144);
#2518=VERTEX_POINT('',#8146);
#2519=VERTEX_POINT('',#8148);
#2520=VERTEX_POINT('',#8150);
#2521=VERTEX_POINT('',#8154);
#2522=VERTEX_POINT('',#8158);
#2523=VERTEX_POINT('',#8159);
#2524=VERTEX_POINT('',#8161);
#2525=VERTEX_POINT('',#8163);
#2526=VERTEX_POINT('',#8172);
#2527=VERTEX_POINT('',#8173);
#2528=VERTEX_POINT('',#8178);
#2529=VERTEX_POINT('',#8203);
#2530=VERTEX_POINT('',#8205);
#2531=VERTEX_POINT('',#8214);
#2532=VERTEX_POINT('',#8218);
#2533=VERTEX_POINT('',#8219);
#2534=VERTEX_POINT('',#8222);
#2535=VERTEX_POINT('',#8247);
#2536=VERTEX_POINT('',#8253);
#2537=VERTEX_POINT('',#8254);
#2538=VERTEX_POINT('',#8256);
#2539=VERTEX_POINT('',#8264);
#2540=VERTEX_POINT('',#8291);
#2541=VERTEX_POINT('',#8292);
#2542=VERTEX_POINT('',#8294);
#2543=VERTEX_POINT('',#8296);
#2544=VERTEX_POINT('',#8298);
#2545=VERTEX_POINT('',#8300);
#2546=VERTEX_POINT('',#8303);
#2547=VERTEX_POINT('',#8305);
#2548=VERTEX_POINT('',#8307);
#2549=VERTEX_POINT('',#8309);
#2550=VERTEX_POINT('',#8314);
#2551=VERTEX_POINT('',#8318);
#2552=VERTEX_POINT('',#8323);
#2553=VERTEX_POINT('',#8331);
#2554=VERTEX_POINT('',#8375);
#2555=VERTEX_POINT('',#8391);
#2556=VERTEX_POINT('',#8392);
#2557=VERTEX_POINT('',#8397);
#2558=VERTEX_POINT('',#8399);
#2559=VERTEX_POINT('',#8403);
#2560=VERTEX_POINT('',#8404);
#2561=VERTEX_POINT('',#8406);
#2562=VERTEX_POINT('',#8408);
#2563=VERTEX_POINT('',#8412);
#2564=VERTEX_POINT('',#8413);
#2565=VERTEX_POINT('',#8418);
#2566=VERTEX_POINT('',#8422);
#2567=VERTEX_POINT('',#8424);
#2568=VERTEX_POINT('',#8428);
#2569=VERTEX_POINT('',#8432);
#2570=VERTEX_POINT('',#8436);
#2571=VERTEX_POINT('',#8440);
#2572=VERTEX_POINT('',#8441);
#2573=VERTEX_POINT('',#8446);
#2574=VERTEX_POINT('',#8451);
#2575=VERTEX_POINT('',#8458);
#2576=VERTEX_POINT('',#8459);
#2577=VERTEX_POINT('',#8461);
#2578=VERTEX_POINT('',#8463);
#2579=VERTEX_POINT('',#8467);
#2580=VERTEX_POINT('',#8469);
#2581=VERTEX_POINT('',#8471);
#2582=VERTEX_POINT('',#8473);
#2583=VERTEX_POINT('',#8475);
#2584=VERTEX_POINT('',#8477);
#2585=VERTEX_POINT('',#8481);
#2586=VERTEX_POINT('',#8482);
#2587=VERTEX_POINT('',#8484);
#2588=VERTEX_POINT('',#8486);
#2589=VERTEX_POINT('',#8490);
#2590=VERTEX_POINT('',#8492);
#2591=VERTEX_POINT('',#8494);
#2592=VERTEX_POINT('',#8498);
#2593=VERTEX_POINT('',#8499);
#2594=VERTEX_POINT('',#8501);
#2595=VERTEX_POINT('',#8503);
#2596=VERTEX_POINT('',#8507);
#2597=VERTEX_POINT('',#8508);
#2598=VERTEX_POINT('',#8510);
#2599=VERTEX_POINT('',#8512);
#2600=VERTEX_POINT('',#8519);
#2601=VERTEX_POINT('',#8520);
#2602=VERTEX_POINT('',#8523);
#2603=VERTEX_POINT('',#8525);
#2604=VERTEX_POINT('',#8531);
#2605=VERTEX_POINT('',#8532);
#2606=VERTEX_POINT('',#8538);
#2607=VERTEX_POINT('',#8542);
#2608=VERTEX_POINT('',#8546);
#2609=VERTEX_POINT('',#8548);
#2610=VERTEX_POINT('',#8565);
#2611=VERTEX_POINT('',#8566);
#2612=VERTEX_POINT('',#8570);
#2613=VERTEX_POINT('',#8574);
#2614=VERTEX_POINT('',#8575);
#2615=VERTEX_POINT('',#8580);
#2616=VERTEX_POINT('',#8586);
#2617=VERTEX_POINT('',#8588);
#2618=VERTEX_POINT('',#8594);
#2619=VERTEX_POINT('',#8598);
#2620=VERTEX_POINT('',#8599);
#2621=VERTEX_POINT('',#8603);
#2622=VERTEX_POINT('',#8607);
#2623=VERTEX_POINT('',#8608);
#2624=VERTEX_POINT('',#8613);
#2625=VERTEX_POINT('',#8619);
#2626=VERTEX_POINT('',#8621);
#2627=VERTEX_POINT('',#8623);
#2628=VERTEX_POINT('',#8627);
#2629=VERTEX_POINT('',#8629);
#2630=VERTEX_POINT('',#8633);
#2631=VERTEX_POINT('',#8640);
#2632=VERTEX_POINT('',#8645);
#2633=VERTEX_POINT('',#8649);
#2634=VERTEX_POINT('',#8670);
#2635=VERTEX_POINT('',#8674);
#2636=VERTEX_POINT('',#8678);
#2637=VERTEX_POINT('',#8680);
#2638=VERTEX_POINT('',#8697);
#2639=VERTEX_POINT('',#8698);
#2640=VERTEX_POINT('',#8714);
#2641=VERTEX_POINT('',#8719);
#2642=VERTEX_POINT('',#8721);
#2643=VERTEX_POINT('',#8724);
#2644=VERTEX_POINT('',#8725);
#2645=VERTEX_POINT('',#8727);
#2646=VERTEX_POINT('',#8729);
#2647=VERTEX_POINT('',#8731);
#2648=VERTEX_POINT('',#8733);
#2649=VERTEX_POINT('',#8735);
#2650=VERTEX_POINT('',#8744);
#2651=VERTEX_POINT('',#8745);
#2652=VERTEX_POINT('',#8747);
#2653=VERTEX_POINT('',#8749);
#2654=VERTEX_POINT('',#8753);
#2655=VERTEX_POINT('',#8754);
#2656=VERTEX_POINT('',#8759);
#2657=VERTEX_POINT('',#8760);
#2658=VERTEX_POINT('',#8765);
#2659=VERTEX_POINT('',#8766);
#2660=VERTEX_POINT('',#8771);
#2661=VERTEX_POINT('',#8772);
#2662=VERTEX_POINT('',#8777);
#2663=VERTEX_POINT('',#8778);
#2664=VERTEX_POINT('',#8783);
#2665=VERTEX_POINT('',#8784);
#2666=VERTEX_POINT('',#8792);
#2667=VERTEX_POINT('',#8794);
#2668=VERTEX_POINT('',#8798);
#2669=VERTEX_POINT('',#8802);
#2670=VERTEX_POINT('',#8806);
#2671=VERTEX_POINT('',#8810);
#2672=VERTEX_POINT('',#8813);
#2673=VERTEX_POINT('',#8815);
#2674=VERTEX_POINT('',#8821);
#2675=VERTEX_POINT('',#8825);
#2676=VERTEX_POINT('',#8827);
#2677=VERTEX_POINT('',#8829);
#2678=VERTEX_POINT('',#8836);
#2679=VERTEX_POINT('',#8838);
#2680=VERTEX_POINT('',#8843);
#2681=VERTEX_POINT('',#8845);
#2682=VERTEX_POINT('',#8850);
#2683=VERTEX_POINT('',#8851);
#2684=VERTEX_POINT('',#8853);
#2685=VERTEX_POINT('',#8855);
#2686=VERTEX_POINT('',#8859);
#2687=VERTEX_POINT('',#8860);
#2688=VERTEX_POINT('',#8862);
#2689=VERTEX_POINT('',#8864);
#2690=VERTEX_POINT('',#8871);
#2691=VERTEX_POINT('',#8872);
#2692=VERTEX_POINT('',#8874);
#2693=VERTEX_POINT('',#8876);
#2694=VERTEX_POINT('',#8880);
#2695=VERTEX_POINT('',#8881);
#2696=VERTEX_POINT('',#8883);
#2697=VERTEX_POINT('',#8885);
#2698=VERTEX_POINT('',#8892);
#2699=VERTEX_POINT('',#8894);
#2700=VERTEX_POINT('',#8896);
#2701=VERTEX_POINT('',#8898);
#2702=VERTEX_POINT('',#8902);
#2703=VERTEX_POINT('',#8904);
#2704=VERTEX_POINT('',#8907);
#2705=VERTEX_POINT('',#8911);
#2706=VERTEX_POINT('',#8914);
#2707=VERTEX_POINT('',#8916);
#2708=VERTEX_POINT('',#8920);
#2709=VERTEX_POINT('',#8929);
#2710=VERTEX_POINT('',#8930);
#2711=VERTEX_POINT('',#8932);
#2712=VERTEX_POINT('',#8934);
#2713=VERTEX_POINT('',#8955);
#2714=VERTEX_POINT('',#8956);
#2715=VERTEX_POINT('',#8961);
#2716=VERTEX_POINT('',#8962);
#2717=VERTEX_POINT('',#8975);
#2718=VERTEX_POINT('',#8976);
#2719=VERTEX_POINT('',#8981);
#2720=VERTEX_POINT('',#8982);
#2721=VERTEX_POINT('',#9009);
#2722=VERTEX_POINT('',#9011);
#2723=VERTEX_POINT('',#9016);
#2724=VERTEX_POINT('',#9018);
#2725=VERTEX_POINT('',#9020);
#2726=VERTEX_POINT('',#9027);
#2727=VERTEX_POINT('',#9028);
#2728=VERTEX_POINT('',#9030);
#2729=VERTEX_POINT('',#9032);
#2730=VERTEX_POINT('',#9036);
#2731=VERTEX_POINT('',#9038);
#2732=VERTEX_POINT('',#9042);
#2733=VERTEX_POINT('',#9044);
#2734=VERTEX_POINT('',#9052);
#2735=VERTEX_POINT('',#9053);
#2736=VERTEX_POINT('',#9055);
#2737=VERTEX_POINT('',#9057);
#2738=VERTEX_POINT('',#9061);
#2739=VERTEX_POINT('',#9063);
#2740=VERTEX_POINT('',#9067);
#2741=VERTEX_POINT('',#9069);
#2742=VERTEX_POINT('',#9077);
#2743=VERTEX_POINT('',#9078);
#2744=VERTEX_POINT('',#9080);
#2745=VERTEX_POINT('',#9082);
#2746=VERTEX_POINT('',#9086);
#2747=VERTEX_POINT('',#9088);
#2748=VERTEX_POINT('',#9092);
#2749=VERTEX_POINT('',#9094);
#2750=VERTEX_POINT('',#9102);
#2751=VERTEX_POINT('',#9103);
#2752=VERTEX_POINT('',#9105);
#2753=VERTEX_POINT('',#9107);
#2754=VERTEX_POINT('',#9111);
#2755=VERTEX_POINT('',#9113);
#2756=VERTEX_POINT('',#9117);
#2757=VERTEX_POINT('',#9119);
#2758=VERTEX_POINT('',#9127);
#2759=VERTEX_POINT('',#9128);
#2760=VERTEX_POINT('',#9130);
#2761=VERTEX_POINT('',#9132);
#2762=VERTEX_POINT('',#9136);
#2763=VERTEX_POINT('',#9138);
#2764=VERTEX_POINT('',#9142);
#2765=VERTEX_POINT('',#9144);
#2766=VERTEX_POINT('',#9151);
#2767=VERTEX_POINT('',#9152);
#2768=VERTEX_POINT('',#9154);
#2769=VERTEX_POINT('',#9156);
#2770=VERTEX_POINT('',#9158);
#2771=VERTEX_POINT('',#9166);
#2772=VERTEX_POINT('',#9174);
#2773=VERTEX_POINT('',#9182);
#2774=VERTEX_POINT('',#9190);
#2775=VERTEX_POINT('',#9198);
#2776=VERTEX_POINT('',#9206);
#2777=VERTEX_POINT('',#9221);
#2778=VERTEX_POINT('',#9222);
#2779=VERTEX_POINT('',#9230);
#2780=VERTEX_POINT('',#9238);
#2781=VERTEX_POINT('',#9240);
#2782=VERTEX_POINT('',#9248);
#2783=VERTEX_POINT('',#9256);
#2784=VERTEX_POINT('',#9264);
#2785=VERTEX_POINT('',#9272);
#2786=VERTEX_POINT('',#9280);
#2787=VERTEX_POINT('',#9288);
#2788=VERTEX_POINT('',#9296);
#2789=VERTEX_POINT('',#9304);
#2790=VERTEX_POINT('',#9312);
#2791=VERTEX_POINT('',#9320);
#2792=VERTEX_POINT('',#9328);
#2793=VERTEX_POINT('',#9336);
#2794=VERTEX_POINT('',#9344);
#2795=VERTEX_POINT('',#9346);
#2796=VERTEX_POINT('',#9354);
#2797=VERTEX_POINT('',#9362);
#2798=VERTEX_POINT('',#9370);
#2799=VERTEX_POINT('',#9377);
#2800=VERTEX_POINT('',#9385);
#2801=VERTEX_POINT('',#9393);
#2802=VERTEX_POINT('',#9401);
#2803=VERTEX_POINT('',#9409);
#2804=VERTEX_POINT('',#9417);
#2805=VERTEX_POINT('',#9425);
#2806=VERTEX_POINT('',#9450);
#2807=VERTEX_POINT('',#9452);
#2808=VERTEX_POINT('',#9469);
#2809=VERTEX_POINT('',#9486);
#2810=VERTEX_POINT('',#9503);
#2811=VERTEX_POINT('',#9520);
#2812=VERTEX_POINT('',#9537);
#2813=VERTEX_POINT('',#9554);
#2814=VERTEX_POINT('',#9571);
#2815=VERTEX_POINT('',#9588);
#2816=VERTEX_POINT('',#9605);
#2817=VERTEX_POINT('',#9622);
#2818=VERTEX_POINT('',#9639);
#2819=VERTEX_POINT('',#9656);
#2820=VERTEX_POINT('',#9664);
#2821=VERTEX_POINT('',#9677);
#2822=VERTEX_POINT('',#9694);
#2823=VERTEX_POINT('',#9696);
#2824=VERTEX_POINT('',#9713);
#2825=VERTEX_POINT('',#9730);
#2826=VERTEX_POINT('',#9747);
#2827=VERTEX_POINT('',#9755);
#2828=VERTEX_POINT('',#9759);
#2829=VERTEX_POINT('',#9763);
#2830=VERTEX_POINT('',#9776);
#2831=VERTEX_POINT('',#9793);
#2832=VERTEX_POINT('',#9810);
#2833=VERTEX_POINT('',#9827);
#2834=VERTEX_POINT('',#9844);
#2835=VERTEX_POINT('',#9861);
#2836=VERTEX_POINT('',#9878);
#2837=VERTEX_POINT('',#9895);
#2838=VERTEX_POINT('',#9912);
#2839=VERTEX_POINT('',#9929);
#2840=VERTEX_POINT('',#9946);
#2841=VERTEX_POINT('',#9963);
#2842=VERTEX_POINT('',#9987);
#2843=VERTEX_POINT('',#9988);
#2844=VERTEX_POINT('',#9990);
#2845=VERTEX_POINT('',#9992);
#2846=VERTEX_POINT('',#9996);
#2847=VERTEX_POINT('',#9998);
#2848=VERTEX_POINT('',#10011);
#2849=VERTEX_POINT('',#10017);
#2850=VERTEX_POINT('',#10034);
#2851=VERTEX_POINT('',#10040);
#2852=VERTEX_POINT('',#10057);
#2853=VERTEX_POINT('',#10063);
#2854=VERTEX_POINT('',#10080);
#2855=VERTEX_POINT('',#10086);
#2856=VERTEX_POINT('',#10103);
#2857=VERTEX_POINT('',#10109);
#2858=VERTEX_POINT('',#10129);
#2859=VERTEX_POINT('',#10146);
#2860=VERTEX_POINT('',#10163);
#2861=VERTEX_POINT('',#10180);
#2862=VERTEX_POINT('',#10191);
#2863=VERTEX_POINT('',#10192);
#2864=VERTEX_POINT('',#10194);
#2865=VERTEX_POINT('',#10196);
#2866=VERTEX_POINT('',#10209);
#2867=VERTEX_POINT('',#10210);
#2868=VERTEX_POINT('',#10212);
#2869=VERTEX_POINT('',#10214);
#2870=VERTEX_POINT('',#10218);
#2871=VERTEX_POINT('',#10220);
#2872=VERTEX_POINT('',#10224);
#2873=VERTEX_POINT('',#10226);
#2874=VERTEX_POINT('',#10228);
#2875=VERTEX_POINT('',#10230);
#2876=VERTEX_POINT('',#10232);
#2877=VERTEX_POINT('',#10234);
#2878=VERTEX_POINT('',#10236);
#2879=VERTEX_POINT('',#10238);
#2880=VERTEX_POINT('',#10240);
#2881=VERTEX_POINT('',#10242);
#2882=VERTEX_POINT('',#10244);
#2883=VERTEX_POINT('',#10246);
#2884=VERTEX_POINT('',#10248);
#2885=VERTEX_POINT('',#10250);
#2886=VERTEX_POINT('',#10254);
#2887=VERTEX_POINT('',#10257);
#2888=VERTEX_POINT('',#10259);
#2889=VERTEX_POINT('',#10263);
#2890=VERTEX_POINT('',#10264);
#2891=VERTEX_POINT('',#10269);
#2892=VERTEX_POINT('',#10271);
#2893=VERTEX_POINT('',#10275);
#2894=VERTEX_POINT('',#10279);
#2895=VERTEX_POINT('',#10283);
#2896=VERTEX_POINT('',#10290);
#2897=VERTEX_POINT('',#10294);
#2898=VERTEX_POINT('',#10300);
#2899=VERTEX_POINT('',#10302);
#2900=VERTEX_POINT('',#10310);
#2901=VERTEX_POINT('',#10314);
#2902=VERTEX_POINT('',#10322);
#2903=VERTEX_POINT('',#10326);
#2904=VERTEX_POINT('',#10332);
#2905=VERTEX_POINT('',#10340);
#2906=VERTEX_POINT('',#10345);
#2907=VERTEX_POINT('',#10349);
#2908=VERTEX_POINT('',#10356);
#2909=VERTEX_POINT('',#10367);
#2910=VERTEX_POINT('',#10386);
#2911=VERTEX_POINT('',#10387);
#2912=VERTEX_POINT('',#10389);
#2913=VERTEX_POINT('',#10391);
#2914=VERTEX_POINT('',#10404);
#2915=VERTEX_POINT('',#10410);
#2916=VERTEX_POINT('',#10427);
#2917=VERTEX_POINT('',#10433);
#2918=VERTEX_POINT('',#10450);
#2919=VERTEX_POINT('',#10456);
#2920=VERTEX_POINT('',#10473);
#2921=VERTEX_POINT('',#10479);
#2922=VERTEX_POINT('',#10496);
#2923=VERTEX_POINT('',#10502);
#2924=VERTEX_POINT('',#10519);
#2925=VERTEX_POINT('',#10525);
#2926=VERTEX_POINT('',#10542);
#2927=VERTEX_POINT('',#10548);
#2928=VERTEX_POINT('',#10565);
#2929=VERTEX_POINT('',#10571);
#2930=VERTEX_POINT('',#10588);
#2931=VERTEX_POINT('',#10594);
#2932=VERTEX_POINT('',#10611);
#2933=VERTEX_POINT('',#10617);
#2934=VERTEX_POINT('',#10634);
#2935=VERTEX_POINT('',#10640);
#2936=VERTEX_POINT('',#10657);
#2937=VERTEX_POINT('',#10663);
#2938=VERTEX_POINT('',#10680);
#2939=VERTEX_POINT('',#10686);
#2940=VERTEX_POINT('',#10694);
#2941=VERTEX_POINT('',#10696);
#2942=VERTEX_POINT('',#10709);
#2943=VERTEX_POINT('',#10715);
#2944=VERTEX_POINT('',#10732);
#2945=VERTEX_POINT('',#10738);
#2946=VERTEX_POINT('',#10755);
#2947=VERTEX_POINT('',#10761);
#2948=VERTEX_POINT('',#10778);
#2949=VERTEX_POINT('',#10784);
#2950=VERTEX_POINT('',#10801);
#2951=VERTEX_POINT('',#10807);
#2952=VERTEX_POINT('',#10824);
#2953=VERTEX_POINT('',#10830);
#2954=VERTEX_POINT('',#10847);
#2955=VERTEX_POINT('',#10853);
#2956=VERTEX_POINT('',#10870);
#2957=VERTEX_POINT('',#10876);
#2958=VERTEX_POINT('',#10893);
#2959=VERTEX_POINT('',#10899);
#2960=VERTEX_POINT('',#10916);
#2961=VERTEX_POINT('',#10922);
#2962=VERTEX_POINT('',#10939);
#2963=VERTEX_POINT('',#10945);
#2964=VERTEX_POINT('',#10962);
#2965=VERTEX_POINT('',#10968);
#2966=VERTEX_POINT('',#10985);
#2967=VERTEX_POINT('',#10991);
#2968=VERTEX_POINT('',#11020);
#2969=VERTEX_POINT('',#11021);
#2970=VERTEX_POINT('',#11023);
#2971=VERTEX_POINT('',#11025);
#2972=VERTEX_POINT('',#11029);
#2973=VERTEX_POINT('',#11031);
#2974=VERTEX_POINT('',#11044);
#2975=VERTEX_POINT('',#11050);
#2976=VERTEX_POINT('',#11067);
#2977=VERTEX_POINT('',#11073);
#2978=VERTEX_POINT('',#11090);
#2979=VERTEX_POINT('',#11096);
#2980=VERTEX_POINT('',#11113);
#2981=VERTEX_POINT('',#11119);
#2982=VERTEX_POINT('',#11136);
#2983=VERTEX_POINT('',#11142);
#2984=VERTEX_POINT('',#11153);
#2985=VERTEX_POINT('',#11154);
#2986=VERTEX_POINT('',#11156);
#2987=VERTEX_POINT('',#11158);
#2988=VERTEX_POINT('',#11171);
#2989=VERTEX_POINT('',#11177);
#2990=VERTEX_POINT('',#11194);
#2991=VERTEX_POINT('',#11200);
#2992=VERTEX_POINT('',#11217);
#2993=VERTEX_POINT('',#11223);
#2994=VERTEX_POINT('',#11240);
#2995=VERTEX_POINT('',#11246);
#2996=VERTEX_POINT('',#11263);
#2997=VERTEX_POINT('',#11269);
#2998=VERTEX_POINT('',#11286);
#2999=VERTEX_POINT('',#11292);
#3000=VERTEX_POINT('',#11309);
#3001=VERTEX_POINT('',#11315);
#3002=VERTEX_POINT('',#11332);
#3003=VERTEX_POINT('',#11338);
#3004=VERTEX_POINT('',#11346);
#3005=VERTEX_POINT('',#11348);
#3006=VERTEX_POINT('',#11356);
#3007=VERTEX_POINT('',#11357);
#3008=VERTEX_POINT('',#11359);
#3009=VERTEX_POINT('',#11361);
#3010=VERTEX_POINT('',#11363);
#3011=VERTEX_POINT('',#11365);
#3012=VERTEX_POINT('',#11367);
#3013=VERTEX_POINT('',#11369);
#3014=VERTEX_POINT('',#11371);
#3015=VERTEX_POINT('',#11373);
#3016=VERTEX_POINT('',#11375);
#3017=VERTEX_POINT('',#11377);
#3018=VERTEX_POINT('',#11379);
#3019=VERTEX_POINT('',#11381);
#3020=VERTEX_POINT('',#11385);
#3021=VERTEX_POINT('',#11387);
#3022=VERTEX_POINT('',#11392);
#3023=VERTEX_POINT('',#11394);
#3024=VERTEX_POINT('',#11400);
#3025=VERTEX_POINT('',#11402);
#3026=VERTEX_POINT('',#11406);
#3027=VERTEX_POINT('',#11410);
#3028=VERTEX_POINT('',#11414);
#3029=VERTEX_POINT('',#11418);
#3030=VERTEX_POINT('',#11422);
#3031=VERTEX_POINT('',#11426);
#3032=VERTEX_POINT('',#11430);
#3033=VERTEX_POINT('',#11434);
#3034=VERTEX_POINT('',#11438);
#3035=VERTEX_POINT('',#11442);
#3036=VERTEX_POINT('',#11446);
#3037=VERTEX_POINT('',#11450);
#3038=EDGE_CURVE('',#2481,#2482,#2333,.T.);
#3039=EDGE_CURVE('',#2482,#2483,#1253,.T.);
#3040=EDGE_CURVE('',#2483,#2484,#2334,.T.);
#3041=EDGE_CURVE('',#2484,#2481,#1254,.T.);
#3042=EDGE_CURVE('',#2485,#2486,#337,.F.);
#3043=EDGE_CURVE('',#2486,#2482,#2335,.T.);
#3044=EDGE_CURVE('',#2481,#2485,#2336,.T.);
#3045=EDGE_CURVE('',#2487,#2484,#338,.F.);
#3046=EDGE_CURVE('',#2483,#2488,#1255,.T.);
#3047=EDGE_CURVE('',#2488,#2487,#2337,.T.);
#3048=EDGE_CURVE('',#2489,#2487,#339,.F.);
#3049=EDGE_CURVE('',#2488,#2489,#2338,.T.);
#3050=EDGE_CURVE('',#2489,#2490,#1256,.T.);
#3051=EDGE_CURVE('',#2488,#2491,#1257,.T.);
#3052=EDGE_CURVE('',#2492,#2491,#323,.T.);
#3053=EDGE_CURVE('',#2492,#2493,#1258,.T.);
#3054=EDGE_CURVE('',#2494,#2493,#324,.T.);
#3055=EDGE_CURVE('',#2494,#2495,#1259,.T.);
#3056=EDGE_CURVE('',#2490,#2495,#2339,.T.);
#3057=EDGE_CURVE('',#2496,#2482,#1260,.T.);
#3058=EDGE_CURVE('',#2491,#2496,#1261,.T.);
#3059=EDGE_CURVE('',#2497,#2498,#2340,.T.);
#3060=EDGE_CURVE('',#2498,#2499,#2341,.T.);
#3061=EDGE_CURVE('',#2499,#2500,#340,.F.);
#3062=EDGE_CURVE('',#2500,#2497,#2342,.T.);
#3063=EDGE_CURVE('',#2501,#2502,#2343,.T.);
#3064=EDGE_CURVE('',#2502,#2498,#1262,.T.);
#3065=EDGE_CURVE('',#2497,#2501,#1263,.T.);
#3066=EDGE_CURVE('',#2503,#2501,#341,.T.);
#3067=EDGE_CURVE('',#2503,#2495,#2344,.T.);
#3068=EDGE_CURVE('',#2495,#2502,#1264,.T.);
#3069=EDGE_CURVE('',#2490,#2503,#342,.T.);
#3070=EDGE_CURVE('',#2504,#2500,#1265,.T.);
#3071=EDGE_CURVE('',#2505,#2504,#2345,.T.);
#3072=EDGE_CURVE('',#2506,#2505,#1266,.T.);
#3073=EDGE_CURVE('',#2506,#2507,#2346,.T.);
#3074=EDGE_CURVE('',#2507,#2508,#1267,.T.);
#3075=EDGE_CURVE('',#2501,#2508,#2347,.F.);
#3076=EDGE_CURVE('',#2505,#2509,#2348,.T.);
#3077=EDGE_CURVE('',#2509,#2510,#1268,.T.);
#3078=EDGE_CURVE('',#2510,#2506,#2349,.T.);
#3079=EDGE_CURVE('',#2504,#2511,#343,.F.);
#3080=EDGE_CURVE('',#2511,#2509,#2350,.T.);
#3081=EDGE_CURVE('',#2512,#2506,#344,.F.);
#3082=EDGE_CURVE('',#2510,#2513,#1269,.T.);
#3083=EDGE_CURVE('',#2513,#2512,#2351,.T.);
#3084=EDGE_CURVE('',#2514,#2512,#345,.F.);
#3085=EDGE_CURVE('',#2513,#2514,#2352,.T.);
#3086=EDGE_CURVE('',#2514,#2515,#1270,.T.);
#3087=EDGE_CURVE('',#2513,#2516,#1271,.T.);
#3088=EDGE_CURVE('',#2517,#2516,#325,.T.);
#3089=EDGE_CURVE('',#2517,#2518,#1272,.T.);
#3090=EDGE_CURVE('',#2519,#2518,#326,.T.);
#3091=EDGE_CURVE('',#2519,#2520,#1273,.T.);
#3092=EDGE_CURVE('',#2515,#2520,#2353,.T.);
#3093=EDGE_CURVE('',#2521,#2509,#1274,.T.);
#3094=EDGE_CURVE('',#2516,#2521,#1275,.T.);
#3095=EDGE_CURVE('',#2522,#2523,#2354,.T.);
#3096=EDGE_CURVE('',#2523,#2524,#2355,.T.);
#3097=EDGE_CURVE('',#2524,#2525,#346,.F.);
#3098=EDGE_CURVE('',#2525,#2522,#2356,.T.);
#3099=EDGE_CURVE('',#2526,#2527,#2357,.T.);
#3100=EDGE_CURVE('',#2527,#2523,#1276,.T.);
#3101=EDGE_CURVE('',#2522,#2526,#1277,.T.);
#3102=EDGE_CURVE('',#2528,#2526,#347,.T.);
#3103=EDGE_CURVE('',#2528,#2520,#2358,.T.);
#3104=EDGE_CURVE('',#2520,#2527,#1278,.T.);
#3105=EDGE_CURVE('',#2515,#2528,#348,.T.);
#3106=EDGE_CURVE('',#2484,#2529,#2359,.T.);
#3107=EDGE_CURVE('',#2529,#2530,#1279,.T.);
#3108=EDGE_CURVE('',#2526,#2530,#2360,.F.);
#3109=EDGE_CURVE('',#2485,#2525,#1280,.T.);
#3110=EDGE_CURVE('',#2508,#2529,#1281,.T.);
#3111=EDGE_CURVE('',#2530,#2507,#1282,.T.);
#3112=EDGE_CURVE('',#2531,#2494,#1283,.T.);
#3113=EDGE_CURVE('',#2498,#2531,#1284,.T.);
#3114=EDGE_CURVE('',#2532,#2533,#2361,.T.);
#3115=EDGE_CURVE('',#2531,#2533,#2362,.T.);
#3116=EDGE_CURVE('',#2534,#2531,#2363,.F.);
#3117=EDGE_CURVE('',#2532,#2534,#2364,.T.);
#3118=EDGE_CURVE('',#2533,#2499,#1285,.T.);
#3119=EDGE_CURVE('',#2535,#2494,#2365,.T.);
#3120=EDGE_CURVE('',#2493,#2535,#327,.T.);
#3121=EDGE_CURVE('',#2535,#2534,#1286,.T.);
#3122=EDGE_CURVE('',#2536,#2537,#2366,.T.);
#3123=EDGE_CURVE('',#2538,#2537,#2367,.T.);
#3124=EDGE_CURVE('',#2521,#2538,#2368,.F.);
#3125=EDGE_CURVE('',#2536,#2521,#2369,.T.);
#3126=EDGE_CURVE('',#2537,#2532,#1287,.T.);
#3127=EDGE_CURVE('',#2534,#2538,#1288,.T.);
#3128=EDGE_CURVE('',#2539,#2516,#2370,.T.);
#3129=EDGE_CURVE('',#2538,#2539,#1289,.T.);
#3130=EDGE_CURVE('',#2539,#2517,#328,.T.);
#3131=EDGE_CURVE('',#2511,#2536,#1290,.T.);
#3132=EDGE_CURVE('',#2540,#2541,#1291,.T.);
#3133=EDGE_CURVE('',#2541,#2542,#1292,.T.);
#3134=EDGE_CURVE('',#2542,#2543,#1293,.T.);
#3135=EDGE_CURVE('',#2543,#2544,#1294,.T.);
#3136=EDGE_CURVE('',#2544,#2545,#1295,.T.);
#3137=EDGE_CURVE('',#2545,#2540,#1296,.T.);
#3138=EDGE_CURVE('',#2546,#2524,#1297,.T.);
#3139=EDGE_CURVE('',#2547,#2546,#2371,.T.);
#3140=EDGE_CURVE('',#2548,#2547,#1298,.T.);
#3141=EDGE_CURVE('',#2549,#2548,#2372,.T.);
#3142=EDGE_CURVE('',#2486,#2549,#1299,.T.);
#3143=EDGE_CURVE('',#2550,#2519,#1300,.T.);
#3144=EDGE_CURVE('',#2523,#2550,#1301,.T.);
#3145=EDGE_CURVE('',#2551,#2548,#2373,.T.);
#3146=EDGE_CURVE('',#2496,#2551,#2374,.F.);
#3147=EDGE_CURVE('',#2549,#2496,#2375,.T.);
#3148=EDGE_CURVE('',#2552,#2550,#2376,.F.);
#3149=EDGE_CURVE('',#2547,#2552,#2377,.T.);
#3150=EDGE_CURVE('',#2550,#2546,#2378,.T.);
#3151=EDGE_CURVE('',#2552,#2551,#1302,.T.);
#3152=EDGE_CURVE('',#2519,#2553,#2379,.T.);
#3153=EDGE_CURVE('',#2553,#2552,#1303,.T.);
#3154=EDGE_CURVE('',#2518,#2553,#329,.T.);
#3155=EDGE_CURVE('',#2491,#2554,#2380,.T.);
#3156=EDGE_CURVE('',#2554,#2492,#330,.T.);
#3157=EDGE_CURVE('',#2551,#2554,#1304,.T.);
#3158=EDGE_CURVE('',#2493,#2517,#1305,.T.);
#3159=EDGE_CURVE('',#2539,#2535,#1306,.T.);
#3160=EDGE_CURVE('',#2518,#2492,#1307,.T.);
#3161=EDGE_CURVE('',#2554,#2553,#1308,.T.);
#3162=EDGE_CURVE('',#2555,#2556,#1309,.T.);
#3163=EDGE_CURVE('',#2555,#2540,#1310,.T.);
#3164=EDGE_CURVE('',#2556,#2545,#1311,.T.);
#3165=EDGE_CURVE('',#2556,#2557,#1312,.T.);
#3166=EDGE_CURVE('',#2557,#2558,#1313,.T.);
#3167=EDGE_CURVE('',#2558,#2555,#1314,.T.);
#3168=EDGE_CURVE('',#2559,#2560,#1315,.T.);
#3169=EDGE_CURVE('',#2560,#2561,#1316,.T.);
#3170=EDGE_CURVE('',#2561,#2562,#1317,.T.);
#3171=EDGE_CURVE('',#2562,#2559,#1318,.T.);
#3172=EDGE_CURVE('',#2563,#2564,#1319,.T.);
#3173=EDGE_CURVE('',#2563,#2541,#1320,.T.);
#3174=EDGE_CURVE('',#2564,#2558,#1321,.T.);
#3175=EDGE_CURVE('',#2564,#2565,#1322,.T.);
#3176=EDGE_CURVE('',#2565,#2557,#1323,.T.);
#3177=EDGE_CURVE('',#2561,#2566,#1324,.T.);
#3178=EDGE_CURVE('',#2567,#2566,#1325,.T.);
#3179=EDGE_CURVE('',#2562,#2567,#1326,.T.);
#3180=EDGE_CURVE('',#2568,#2567,#1327,.T.);
#3181=EDGE_CURVE('',#2559,#2568,#1328,.T.);
#3182=EDGE_CURVE('',#2569,#2568,#1329,.T.);
#3183=EDGE_CURVE('',#2566,#2569,#1330,.T.);
#3184=EDGE_CURVE('',#2570,#2563,#1331,.T.);
#3185=EDGE_CURVE('',#2565,#2570,#1332,.T.);
#3186=EDGE_CURVE('',#2571,#2572,#1333,.T.);
#3187=EDGE_CURVE('',#2572,#2542,#1334,.T.);
#3188=EDGE_CURVE('',#2571,#2570,#1335,.T.);
#3189=EDGE_CURVE('',#2573,#2571,#1336,.T.);
#3190=EDGE_CURVE('',#2569,#2544,#1337,.T.);
#3191=EDGE_CURVE('',#2573,#2560,#1338,.T.);
#3192=EDGE_CURVE('',#2574,#2573,#1339,.T.);
#3193=EDGE_CURVE('',#2574,#2543,#1340,.T.);
#3194=EDGE_CURVE('',#2572,#2574,#1341,.T.);
#3195=EDGE_CURVE('',#2575,#2576,#2381,.T.);
#3196=EDGE_CURVE('',#2575,#2577,#1342,.T.);
#3197=EDGE_CURVE('',#2577,#2578,#2382,.F.);
#3198=EDGE_CURVE('',#2578,#2576,#1343,.T.);
#3199=EDGE_CURVE('',#2578,#2579,#1344,.T.);
#3200=EDGE_CURVE('',#2579,#2580,#1345,.T.);
#3201=EDGE_CURVE('',#2581,#2580,#1346,.T.);
#3202=EDGE_CURVE('',#2582,#2581,#1347,.T.);
#3203=EDGE_CURVE('',#2583,#2582,#1348,.T.);
#3204=EDGE_CURVE('',#2583,#2584,#1349,.T.);
#3205=EDGE_CURVE('',#2576,#2584,#1350,.T.);
#3206=EDGE_CURVE('',#2585,#2586,#2383,.T.);
#3207=EDGE_CURVE('',#2585,#2587,#1351,.T.);
#3208=EDGE_CURVE('',#2587,#2588,#2384,.F.);
#3209=EDGE_CURVE('',#2588,#2586,#1352,.T.);
#3210=EDGE_CURVE('',#2588,#2589,#1353,.T.);
#3211=EDGE_CURVE('',#2589,#2590,#1354,.T.);
#3212=EDGE_CURVE('',#2590,#2591,#1355,.T.);
#3213=EDGE_CURVE('',#2586,#2591,#1356,.T.);
#3214=EDGE_CURVE('',#2592,#2593,#1357,.T.);
#3215=EDGE_CURVE('',#2592,#2594,#1358,.T.);
#3216=EDGE_CURVE('',#2594,#2595,#1359,.T.);
#3217=EDGE_CURVE('',#2593,#2595,#1360,.T.);
#3218=EDGE_CURVE('',#2596,#2597,#1361,.T.);
#3219=EDGE_CURVE('',#2596,#2598,#1362,.T.);
#3220=EDGE_CURVE('',#2598,#2599,#1363,.T.);
#3221=EDGE_CURVE('',#2597,#2599,#1364,.T.);
#3222=EDGE_CURVE('',#2584,#2599,#1365,.T.);
#3223=EDGE_CURVE('',#2597,#2583,#2385,.T.);
#3224=EDGE_CURVE('',#2600,#2601,#1366,.T.);
#3225=EDGE_CURVE('',#2600,#2575,#2386,.F.);
#3226=EDGE_CURVE('',#2602,#2598,#2387,.T.);
#3227=EDGE_CURVE('',#2603,#2602,#1367,.T.);
#3228=EDGE_CURVE('',#2595,#2603,#2388,.T.);
#3229=EDGE_CURVE('',#2589,#2594,#1368,.T.);
#3230=EDGE_CURVE('',#2587,#2601,#2389,.F.);
#3231=EDGE_CURVE('',#2604,#2605,#1369,.T.);
#3232=EDGE_CURVE('',#2604,#2585,#2390,.F.);
#3233=EDGE_CURVE('',#2591,#2579,#1370,.T.);
#3234=EDGE_CURVE('',#2577,#2605,#2391,.F.);
#3235=EDGE_CURVE('',#2590,#2606,#1371,.T.);
#3236=EDGE_CURVE('',#2580,#2606,#2392,.T.);
#3237=EDGE_CURVE('',#2607,#2592,#1372,.T.);
#3238=EDGE_CURVE('',#2607,#2590,#1373,.T.);
#3239=EDGE_CURVE('',#2608,#2582,#331,.T.);
#3240=EDGE_CURVE('',#2609,#2608,#1374,.T.);
#3241=EDGE_CURVE('',#2609,#2596,#349,.F.);
#3242=EDGE_CURVE('',#2610,#2611,#33,.F.);
#3243=EDGE_CURVE('',#2611,#2612,#1375,.T.);
#3244=EDGE_CURVE('',#2612,#2610,#2393,.T.);
#3245=EDGE_CURVE('',#2613,#2614,#1376,.T.);
#3246=EDGE_CURVE('',#2614,#2612,#1377,.T.);
#3247=EDGE_CURVE('',#2611,#2613,#1378,.T.);
#3248=EDGE_CURVE('',#2615,#2613,#34,.T.);
#3249=EDGE_CURVE('',#2615,#2614,#2394,.T.);
#3250=EDGE_CURVE('',#2616,#2615,#2395,.T.);
#3251=EDGE_CURVE('',#2617,#2616,#2396,.F.);
#3252=EDGE_CURVE('',#2605,#2617,#2397,.F.);
#3253=EDGE_CURVE('',#2614,#2577,#2398,.F.);
#3254=EDGE_CURVE('',#2611,#2608,#1379,.T.);
#3255=EDGE_CURVE('',#2608,#2618,#1380,.T.);
#3256=EDGE_CURVE('',#2613,#2618,#1381,.T.);
#3257=EDGE_CURVE('',#2619,#2620,#35,.F.);
#3258=EDGE_CURVE('',#2620,#2621,#1382,.T.);
#3259=EDGE_CURVE('',#2621,#2619,#2399,.T.);
#3260=EDGE_CURVE('',#2622,#2623,#1383,.T.);
#3261=EDGE_CURVE('',#2623,#2621,#1384,.T.);
#3262=EDGE_CURVE('',#2620,#2622,#1385,.T.);
#3263=EDGE_CURVE('',#2624,#2622,#36,.T.);
#3264=EDGE_CURVE('',#2624,#2623,#2400,.T.);
#3265=EDGE_CURVE('',#2625,#2624,#2401,.T.);
#3266=EDGE_CURVE('',#2626,#2625,#2402,.F.);
#3267=EDGE_CURVE('',#2627,#2626,#2403,.F.);
#3268=EDGE_CURVE('',#2623,#2627,#2404,.F.);
#3269=EDGE_CURVE('',#2620,#2628,#1386,.T.);
#3270=EDGE_CURVE('',#2628,#2629,#1387,.T.);
#3271=EDGE_CURVE('',#2622,#2629,#1388,.T.);
#3272=EDGE_CURVE('',#2630,#2625,#1389,.T.);
#3273=EDGE_CURVE('',#2622,#2611,#1390,.T.);
#3274=EDGE_CURVE('',#2610,#2630,#2405,.T.);
#3275=EDGE_CURVE('',#2629,#2609,#1391,.T.);
#3276=EDGE_CURVE('',#2631,#2616,#1392,.T.);
#3277=EDGE_CURVE('',#2613,#2620,#1393,.T.);
#3278=EDGE_CURVE('',#2619,#2631,#2406,.T.);
#3279=EDGE_CURVE('',#2618,#2632,#1394,.T.);
#3280=EDGE_CURVE('',#2632,#2628,#1395,.T.);
#3281=EDGE_CURVE('',#2606,#2633,#1396,.T.);
#3282=EDGE_CURVE('',#2632,#2633,#350,.T.);
#3283=EDGE_CURVE('',#2618,#2581,#332,.F.);
#3284=EDGE_CURVE('',#2632,#2609,#1397,.T.);
#3285=EDGE_CURVE('',#2633,#2634,#2407,.F.);
#3286=EDGE_CURVE('',#2634,#2602,#1398,.T.);
#3287=EDGE_CURVE('',#2635,#2634,#1399,.T.);
#3288=EDGE_CURVE('',#2635,#2603,#1400,.T.);
#3289=EDGE_CURVE('',#2636,#2592,#333,.F.);
#3290=EDGE_CURVE('',#2637,#2593,#351,.T.);
#3291=EDGE_CURVE('',#2636,#2637,#1401,.T.);
#3292=EDGE_CURVE('',#2638,#2639,#352,.F.);
#3293=EDGE_CURVE('',#2639,#2607,#1402,.T.);
#3294=EDGE_CURVE('',#2640,#2607,#334,.T.);
#3295=EDGE_CURVE('',#2638,#2640,#1403,.T.);
#3296=EDGE_CURVE('',#2637,#2638,#1404,.T.);
#3297=EDGE_CURVE('',#2641,#2638,#1405,.T.);
#3298=EDGE_CURVE('',#2642,#2641,#1406,.T.);
#3299=EDGE_CURVE('',#2637,#2642,#1407,.T.);
#3300=EDGE_CURVE('',#2643,#2644,#1408,.T.);
#3301=EDGE_CURVE('',#2644,#2645,#2408,.T.);
#3302=EDGE_CURVE('',#2645,#2646,#1409,.T.);
#3303=EDGE_CURVE('',#2646,#2647,#2409,.T.);
#3304=EDGE_CURVE('',#2647,#2648,#1410,.T.);
#3305=EDGE_CURVE('',#2648,#2649,#2410,.T.);
#3306=EDGE_CURVE('',#2649,#2643,#2411,.T.);
#3307=EDGE_CURVE('',#2640,#2636,#1411,.T.);
#3308=EDGE_CURVE('',#2635,#2639,#2412,.F.);
#3309=EDGE_CURVE('',#2650,#2651,#2413,.T.);
#3310=EDGE_CURVE('',#2651,#2652,#2414,.T.);
#3311=EDGE_CURVE('',#2652,#2653,#2415,.T.);
#3312=EDGE_CURVE('',#2653,#2650,#2416,.T.);
#3313=EDGE_CURVE('',#2654,#2655,#2417,.T.);
#3314=EDGE_CURVE('',#2655,#2653,#1412,.T.);
#3315=EDGE_CURVE('',#2652,#2654,#1413,.T.);
#3316=EDGE_CURVE('',#2656,#2657,#2418,.T.);
#3317=EDGE_CURVE('',#2657,#2655,#2419,.T.);
#3318=EDGE_CURVE('',#2654,#2656,#2420,.T.);
#3319=EDGE_CURVE('',#2658,#2659,#2421,.T.);
#3320=EDGE_CURVE('',#2659,#2657,#1414,.T.);
#3321=EDGE_CURVE('',#2656,#2658,#1415,.T.);
#3322=EDGE_CURVE('',#2660,#2661,#2422,.T.);
#3323=EDGE_CURVE('',#2661,#2659,#2423,.T.);
#3324=EDGE_CURVE('',#2658,#2660,#2424,.T.);
#3325=EDGE_CURVE('',#2662,#2663,#2425,.T.);
#3326=EDGE_CURVE('',#2663,#2661,#1416,.T.);
#3327=EDGE_CURVE('',#2660,#2662,#1417,.T.);
#3328=EDGE_CURVE('',#2664,#2665,#2426,.T.);
#3329=EDGE_CURVE('',#2665,#2663,#2427,.T.);
#3330=EDGE_CURVE('',#2662,#2664,#2428,.T.);
#3331=EDGE_CURVE('',#2650,#2665,#1418,.T.);
#3332=EDGE_CURVE('',#2664,#2651,#1419,.T.);
#3333=EDGE_CURVE('',#2666,#2663,#1420,.T.);
#3334=EDGE_CURVE('',#2667,#2666,#1421,.T.);
#3335=EDGE_CURVE('',#2661,#2667,#1422,.T.);
#3336=EDGE_CURVE('',#2665,#2668,#1423,.T.);
#3337=EDGE_CURVE('',#2668,#2666,#2429,.F.);
#3338=EDGE_CURVE('',#2669,#2650,#1424,.T.);
#3339=EDGE_CURVE('',#2668,#2669,#1425,.T.);
#3340=EDGE_CURVE('',#2653,#2670,#1426,.T.);
#3341=EDGE_CURVE('',#2670,#2669,#2430,.F.);
#3342=EDGE_CURVE('',#2671,#2671,#2431,.T.);
#3343=EDGE_CURVE('',#2657,#2672,#1427,.T.);
#3344=EDGE_CURVE('',#2672,#2673,#2432,.F.);
#3345=EDGE_CURVE('',#2673,#2655,#1428,.T.);
#3346=EDGE_CURVE('',#2670,#2673,#1429,.T.);
#3347=EDGE_CURVE('',#2667,#2674,#2433,.F.);
#3348=EDGE_CURVE('',#2674,#2659,#1430,.T.);
#3349=EDGE_CURVE('',#2675,#2675,#2434,.T.);
#3350=EDGE_CURVE('',#2675,#2676,#2435,.T.);
#3351=EDGE_CURVE('',#2676,#2677,#2436,.T.);
#3352=EDGE_CURVE('',#2677,#2676,#2437,.T.);
#3353=EDGE_CURVE('',#2677,#2671,#1431,.T.);
#3354=EDGE_CURVE('',#2678,#2678,#2438,.T.);
#3355=EDGE_CURVE('',#2678,#2679,#1432,.T.);
#3356=EDGE_CURVE('',#2679,#2679,#2439,.T.);
#3357=EDGE_CURVE('',#2680,#2680,#2440,.T.);
#3358=EDGE_CURVE('',#2680,#2681,#1433,.T.);
#3359=EDGE_CURVE('',#2681,#2681,#2441,.T.);
#3360=EDGE_CURVE('',#2682,#2683,#1434,.T.);
#3361=EDGE_CURVE('',#2684,#2682,#1435,.T.);
#3362=EDGE_CURVE('',#2684,#2685,#1436,.T.);
#3363=EDGE_CURVE('',#2683,#2685,#1437,.T.);
#3364=EDGE_CURVE('',#2686,#2687,#1438,.T.);
#3365=EDGE_CURVE('',#2688,#2686,#1439,.T.);
#3366=EDGE_CURVE('',#2688,#2689,#1440,.T.);
#3367=EDGE_CURVE('',#2687,#2689,#1441,.T.);
#3368=EDGE_CURVE('',#2685,#2688,#1442,.T.);
#3369=EDGE_CURVE('',#2689,#2684,#1443,.T.);
#3370=EDGE_CURVE('',#2690,#2691,#1444,.T.);
#3371=EDGE_CURVE('',#2692,#2690,#1445,.T.);
#3372=EDGE_CURVE('',#2692,#2693,#1446,.T.);
#3373=EDGE_CURVE('',#2691,#2693,#1447,.T.);
#3374=EDGE_CURVE('',#2694,#2695,#1448,.T.);
#3375=EDGE_CURVE('',#2696,#2694,#1449,.T.);
#3376=EDGE_CURVE('',#2696,#2697,#1450,.T.);
#3377=EDGE_CURVE('',#2695,#2697,#1451,.T.);
#3378=EDGE_CURVE('',#2693,#2696,#1452,.T.);
#3379=EDGE_CURVE('',#2697,#2692,#1453,.T.);
#3380=EDGE_CURVE('',#2698,#2682,#1454,.T.);
#3381=EDGE_CURVE('',#2699,#2698,#1455,.T.);
#3382=EDGE_CURVE('',#2700,#2699,#1456,.T.);
#3383=EDGE_CURVE('',#2700,#2701,#1457,.T.);
#3384=EDGE_CURVE('',#2687,#2701,#1458,.T.);
#3385=EDGE_CURVE('',#2683,#2702,#1459,.T.);
#3386=EDGE_CURVE('',#2702,#2703,#1460,.T.);
#3387=EDGE_CURVE('',#2703,#2694,#1461,.T.);
#3388=EDGE_CURVE('',#2695,#2704,#1462,.T.);
#3389=EDGE_CURVE('',#2704,#2698,#1463,.T.);
#3390=EDGE_CURVE('',#2701,#2705,#1464,.T.);
#3391=EDGE_CURVE('',#2705,#2690,#1465,.T.);
#3392=EDGE_CURVE('',#2691,#2706,#1466,.T.);
#3393=EDGE_CURVE('',#2706,#2707,#1467,.T.);
#3394=EDGE_CURVE('',#2707,#2686,#1468,.T.);
#3395=EDGE_CURVE('',#2708,#2705,#1469,.T.);
#3396=EDGE_CURVE('',#2627,#2708,#1470,.T.);
#3397=EDGE_CURVE('',#2627,#2704,#1471,.T.);
#3398=EDGE_CURVE('',#2708,#2700,#1472,.T.);
#3399=EDGE_CURVE('',#2699,#2627,#1473,.T.);
#3400=EDGE_CURVE('',#2709,#2710,#2442,.T.);
#3401=EDGE_CURVE('',#2710,#2711,#1474,.T.);
#3402=EDGE_CURVE('',#2711,#2712,#353,.F.);
#3403=EDGE_CURVE('',#2712,#2709,#1475,.T.);
#3404=EDGE_CURVE('',#2713,#2714,#2443,.T.);
#3405=EDGE_CURVE('',#2714,#2710,#2444,.T.);
#3406=EDGE_CURVE('',#2709,#2713,#2445,.T.);
#3407=EDGE_CURVE('',#2715,#2716,#2446,.T.);
#3408=EDGE_CURVE('',#2716,#2714,#1476,.T.);
#3409=EDGE_CURVE('',#2713,#2715,#1477,.T.);
#3410=EDGE_CURVE('',#2717,#2718,#2447,.T.);
#3411=EDGE_CURVE('',#2718,#2716,#2448,.T.);
#3412=EDGE_CURVE('',#2715,#2717,#2449,.T.);
#3413=EDGE_CURVE('',#2719,#2720,#354,.F.);
#3414=EDGE_CURVE('',#2720,#2718,#1478,.T.);
#3415=EDGE_CURVE('',#2717,#2719,#1479,.T.);
#3416=EDGE_CURVE('',#2644,#2717,#1480,.T.);
#3417=EDGE_CURVE('',#2719,#2643,#1481,.T.);
#3418=EDGE_CURVE('',#2645,#2715,#1482,.T.);
#3419=EDGE_CURVE('',#2646,#2713,#1483,.T.);
#3420=EDGE_CURVE('',#2647,#2709,#1484,.T.);
#3421=EDGE_CURVE('',#2648,#2712,#1485,.T.);
#3422=EDGE_CURVE('',#2711,#2720,#2450,.T.);
#3423=EDGE_CURVE('',#2721,#2721,#2451,.T.);
#3424=EDGE_CURVE('',#2721,#2722,#1486,.T.);
#3425=EDGE_CURVE('',#2722,#2722,#2452,.T.);
#3426=EDGE_CURVE('',#2723,#2723,#2453,.T.);
#3427=EDGE_CURVE('',#2723,#2724,#2454,.T.);
#3428=EDGE_CURVE('',#2724,#2725,#2455,.T.);
#3429=EDGE_CURVE('',#2725,#2724,#2456,.T.);
#3430=EDGE_CURVE('',#2725,#2649,#1487,.T.);
#3431=EDGE_CURVE('',#2726,#2727,#1488,.T.);
#3432=EDGE_CURVE('',#2726,#2728,#1489,.T.);
#3433=EDGE_CURVE('',#2728,#2729,#1490,.T.);
#3434=EDGE_CURVE('',#2727,#2729,#1491,.T.);
#3435=EDGE_CURVE('',#2730,#2726,#1492,.T.);
#3436=EDGE_CURVE('',#2730,#2731,#1493,.T.);
#3437=EDGE_CURVE('',#2731,#2728,#1494,.T.);
#3438=EDGE_CURVE('',#2732,#2730,#1495,.T.);
#3439=EDGE_CURVE('',#2732,#2733,#1496,.T.);
#3440=EDGE_CURVE('',#2733,#2731,#1497,.T.);
#3441=EDGE_CURVE('',#2727,#2732,#1498,.T.);
#3442=EDGE_CURVE('',#2729,#2733,#1499,.T.);
#3443=EDGE_CURVE('',#2734,#2735,#1500,.T.);
#3444=EDGE_CURVE('',#2734,#2736,#1501,.T.);
#3445=EDGE_CURVE('',#2736,#2737,#1502,.T.);
#3446=EDGE_CURVE('',#2735,#2737,#1503,.T.);
#3447=EDGE_CURVE('',#2738,#2734,#1504,.T.);
#3448=EDGE_CURVE('',#2738,#2739,#1505,.T.);
#3449=EDGE_CURVE('',#2739,#2736,#1506,.T.);
#3450=EDGE_CURVE('',#2740,#2738,#1507,.T.);
#3451=EDGE_CURVE('',#2740,#2741,#1508,.T.);
#3452=EDGE_CURVE('',#2741,#2739,#1509,.T.);
#3453=EDGE_CURVE('',#2735,#2740,#1510,.T.);
#3454=EDGE_CURVE('',#2737,#2741,#1511,.T.);
#3455=EDGE_CURVE('',#2742,#2743,#1512,.T.);
#3456=EDGE_CURVE('',#2742,#2744,#1513,.T.);
#3457=EDGE_CURVE('',#2744,#2745,#1514,.T.);
#3458=EDGE_CURVE('',#2743,#2745,#1515,.T.);
#3459=EDGE_CURVE('',#2746,#2742,#1516,.T.);
#3460=EDGE_CURVE('',#2746,#2747,#1517,.T.);
#3461=EDGE_CURVE('',#2747,#2744,#1518,.T.);
#3462=EDGE_CURVE('',#2748,#2746,#1519,.T.);
#3463=EDGE_CURVE('',#2748,#2749,#1520,.T.);
#3464=EDGE_CURVE('',#2749,#2747,#1521,.T.);
#3465=EDGE_CURVE('',#2743,#2748,#1522,.T.);
#3466=EDGE_CURVE('',#2745,#2749,#1523,.T.);
#3467=EDGE_CURVE('',#2750,#2751,#1524,.T.);
#3468=EDGE_CURVE('',#2750,#2752,#1525,.T.);
#3469=EDGE_CURVE('',#2752,#2753,#1526,.T.);
#3470=EDGE_CURVE('',#2751,#2753,#1527,.T.);
#3471=EDGE_CURVE('',#2754,#2750,#1528,.T.);
#3472=EDGE_CURVE('',#2754,#2755,#1529,.T.);
#3473=EDGE_CURVE('',#2755,#2752,#1530,.T.);
#3474=EDGE_CURVE('',#2756,#2754,#1531,.T.);
#3475=EDGE_CURVE('',#2756,#2757,#1532,.T.);
#3476=EDGE_CURVE('',#2757,#2755,#1533,.T.);
#3477=EDGE_CURVE('',#2751,#2756,#1534,.T.);
#3478=EDGE_CURVE('',#2753,#2757,#1535,.T.);
#3479=EDGE_CURVE('',#2758,#2759,#1536,.T.);
#3480=EDGE_CURVE('',#2758,#2760,#1537,.T.);
#3481=EDGE_CURVE('',#2761,#2760,#1538,.T.);
#3482=EDGE_CURVE('',#2759,#2761,#1539,.T.);
#3483=EDGE_CURVE('',#2759,#2762,#1540,.T.);
#3484=EDGE_CURVE('',#2763,#2761,#1541,.T.);
#3485=EDGE_CURVE('',#2762,#2763,#1542,.T.);
#3486=EDGE_CURVE('',#2762,#2764,#1543,.T.);
#3487=EDGE_CURVE('',#2765,#2763,#1544,.T.);
#3488=EDGE_CURVE('',#2764,#2765,#1545,.T.);
#3489=EDGE_CURVE('',#2764,#2758,#1546,.T.);
#3490=EDGE_CURVE('',#2760,#2765,#1547,.T.);
#3491=EDGE_CURVE('',#2766,#2767,#1548,.T.);
#3492=EDGE_CURVE('',#2768,#2766,#1549,.T.);
#3493=EDGE_CURVE('',#2769,#2768,#1550,.T.);
#3494=EDGE_CURVE('',#2770,#2769,#355,.T.);
#3495=EDGE_CURVE('',#2771,#2770,#356,.T.);
#3496=EDGE_CURVE('',#2772,#2771,#357,.T.);
#3497=EDGE_CURVE('',#2773,#2772,#358,.T.);
#3498=EDGE_CURVE('',#2774,#2773,#359,.T.);
#3499=EDGE_CURVE('',#2775,#2774,#360,.T.);
#3500=EDGE_CURVE('',#2776,#2775,#361,.T.);
#3501=EDGE_CURVE('',#2767,#2776,#362,.T.);
#3502=EDGE_CURVE('',#2777,#2778,#363,.T.);
#3503=EDGE_CURVE('',#2779,#2777,#364,.T.);
#3504=EDGE_CURVE('',#2780,#2779,#1551,.T.);
#3505=EDGE_CURVE('',#2781,#2780,#365,.T.);
#3506=EDGE_CURVE('',#2782,#2781,#366,.T.);
#3507=EDGE_CURVE('',#2783,#2782,#367,.T.);
#3508=EDGE_CURVE('',#2784,#2783,#368,.T.);
#3509=EDGE_CURVE('',#2785,#2784,#369,.T.);
#3510=EDGE_CURVE('',#2786,#2785,#370,.T.);
#3511=EDGE_CURVE('',#2787,#2786,#371,.T.);
#3512=EDGE_CURVE('',#2788,#2787,#372,.T.);
#3513=EDGE_CURVE('',#2789,#2788,#373,.T.);
#3514=EDGE_CURVE('',#2790,#2789,#374,.T.);
#3515=EDGE_CURVE('',#2791,#2790,#375,.T.);
#3516=EDGE_CURVE('',#2792,#2791,#376,.T.);
#3517=EDGE_CURVE('',#2793,#2792,#377,.T.);
#3518=EDGE_CURVE('',#2794,#2793,#1552,.T.);
#3519=EDGE_CURVE('',#2795,#2794,#378,.T.);
#3520=EDGE_CURVE('',#2796,#2795,#379,.T.);
#3521=EDGE_CURVE('',#2797,#2796,#380,.T.);
#3522=EDGE_CURVE('',#2798,#2797,#381,.T.);
#3523=EDGE_CURVE('',#2799,#2798,#382,.T.);
#3524=EDGE_CURVE('',#2800,#2799,#383,.T.);
#3525=EDGE_CURVE('',#2801,#2800,#384,.T.);
#3526=EDGE_CURVE('',#2802,#2801,#385,.T.);
#3527=EDGE_CURVE('',#2803,#2802,#386,.T.);
#3528=EDGE_CURVE('',#2804,#2803,#387,.T.);
#3529=EDGE_CURVE('',#2805,#2804,#388,.T.);
#3530=EDGE_CURVE('',#2778,#2805,#389,.T.);
#3531=EDGE_CURVE('',#2792,#2806,#1553,.T.);
#3532=EDGE_CURVE('',#2807,#2806,#390,.T.);
#3533=EDGE_CURVE('',#2793,#2807,#1554,.T.);
#3534=EDGE_CURVE('',#2791,#2808,#1555,.T.);
#3535=EDGE_CURVE('',#2806,#2808,#391,.T.);
#3536=EDGE_CURVE('',#2790,#2809,#1556,.T.);
#3537=EDGE_CURVE('',#2808,#2809,#392,.T.);
#3538=EDGE_CURVE('',#2789,#2810,#1557,.T.);
#3539=EDGE_CURVE('',#2809,#2810,#393,.T.);
#3540=EDGE_CURVE('',#2788,#2811,#1558,.T.);
#3541=EDGE_CURVE('',#2810,#2811,#394,.T.);
#3542=EDGE_CURVE('',#2787,#2812,#1559,.T.);
#3543=EDGE_CURVE('',#2811,#2812,#395,.T.);
#3544=EDGE_CURVE('',#2786,#2813,#1560,.T.);
#3545=EDGE_CURVE('',#2812,#2813,#396,.T.);
#3546=EDGE_CURVE('',#2785,#2814,#1561,.T.);
#3547=EDGE_CURVE('',#2813,#2814,#397,.T.);
#3548=EDGE_CURVE('',#2784,#2815,#1562,.T.);
#3549=EDGE_CURVE('',#2814,#2815,#398,.T.);
#3550=EDGE_CURVE('',#2783,#2816,#1563,.T.);
#3551=EDGE_CURVE('',#2815,#2816,#399,.T.);
#3552=EDGE_CURVE('',#2782,#2817,#1564,.T.);
#3553=EDGE_CURVE('',#2816,#2817,#400,.T.);
#3554=EDGE_CURVE('',#2781,#2818,#1565,.T.);
#3555=EDGE_CURVE('',#2817,#2818,#401,.T.);
#3556=EDGE_CURVE('',#2780,#2819,#1566,.T.);
#3557=EDGE_CURVE('',#2818,#2819,#402,.T.);
#3558=EDGE_CURVE('',#2779,#2820,#1567,.T.);
#3559=EDGE_CURVE('',#2819,#2820,#1568,.T.);
#3560=EDGE_CURVE('',#2777,#2821,#1569,.T.);
#3561=EDGE_CURVE('',#2820,#2821,#403,.T.);
#3562=EDGE_CURVE('',#2772,#2822,#1570,.T.);
#3563=EDGE_CURVE('',#2823,#2822,#404,.T.);
#3564=EDGE_CURVE('',#2773,#2823,#1571,.T.);
#3565=EDGE_CURVE('',#2771,#2824,#1572,.T.);
#3566=EDGE_CURVE('',#2822,#2824,#405,.T.);
#3567=EDGE_CURVE('',#2770,#2825,#1573,.T.);
#3568=EDGE_CURVE('',#2824,#2825,#406,.T.);
#3569=EDGE_CURVE('',#2769,#2826,#1574,.T.);
#3570=EDGE_CURVE('',#2825,#2826,#407,.T.);
#3571=EDGE_CURVE('',#2768,#2827,#1575,.T.);
#3572=EDGE_CURVE('',#2826,#2827,#1576,.T.);
#3573=EDGE_CURVE('',#2766,#2828,#1577,.T.);
#3574=EDGE_CURVE('',#2827,#2828,#1578,.T.);
#3575=EDGE_CURVE('',#2829,#2807,#1579,.T.);
#3576=EDGE_CURVE('',#2794,#2829,#1580,.T.);
#3577=EDGE_CURVE('',#2830,#2829,#408,.T.);
#3578=EDGE_CURVE('',#2795,#2830,#1581,.T.);
#3579=EDGE_CURVE('',#2831,#2830,#409,.T.);
#3580=EDGE_CURVE('',#2796,#2831,#1582,.T.);
#3581=EDGE_CURVE('',#2832,#2831,#410,.T.);
#3582=EDGE_CURVE('',#2797,#2832,#1583,.T.);
#3583=EDGE_CURVE('',#2833,#2832,#411,.T.);
#3584=EDGE_CURVE('',#2798,#2833,#1584,.T.);
#3585=EDGE_CURVE('',#2834,#2833,#412,.T.);
#3586=EDGE_CURVE('',#2799,#2834,#1585,.T.);
#3587=EDGE_CURVE('',#2835,#2834,#413,.T.);
#3588=EDGE_CURVE('',#2800,#2835,#1586,.T.);
#3589=EDGE_CURVE('',#2836,#2835,#414,.T.);
#3590=EDGE_CURVE('',#2801,#2836,#1587,.T.);
#3591=EDGE_CURVE('',#2837,#2836,#415,.T.);
#3592=EDGE_CURVE('',#2802,#2837,#1588,.T.);
#3593=EDGE_CURVE('',#2838,#2837,#416,.T.);
#3594=EDGE_CURVE('',#2803,#2838,#1589,.T.);
#3595=EDGE_CURVE('',#2839,#2838,#417,.T.);
#3596=EDGE_CURVE('',#2804,#2839,#1590,.T.);
#3597=EDGE_CURVE('',#2840,#2839,#418,.T.);
#3598=EDGE_CURVE('',#2805,#2840,#1591,.T.);
#3599=EDGE_CURVE('',#2841,#2840,#419,.T.);
#3600=EDGE_CURVE('',#2778,#2841,#1592,.T.);
#3601=EDGE_CURVE('',#2821,#2841,#420,.T.);
#3602=EDGE_CURVE('',#2842,#2843,#1593,.T.);
#3603=EDGE_CURVE('',#2842,#2844,#1594,.T.);
#3604=EDGE_CURVE('',#2845,#2844,#1595,.T.);
#3605=EDGE_CURVE('',#2843,#2845,#1596,.T.);
#3606=EDGE_CURVE('',#2843,#2846,#1597,.T.);
#3607=EDGE_CURVE('',#2847,#2845,#1598,.T.);
#3608=EDGE_CURVE('',#2846,#2847,#1599,.T.);
#3609=EDGE_CURVE('',#2846,#2848,#421,.T.);
#3610=EDGE_CURVE('',#2849,#2847,#422,.T.);
#3611=EDGE_CURVE('',#2848,#2849,#1600,.T.);
#3612=EDGE_CURVE('',#2848,#2850,#423,.T.);
#3613=EDGE_CURVE('',#2851,#2849,#424,.T.);
#3614=EDGE_CURVE('',#2850,#2851,#1601,.T.);
#3615=EDGE_CURVE('',#2850,#2852,#425,.T.);
#3616=EDGE_CURVE('',#2853,#2851,#426,.T.);
#3617=EDGE_CURVE('',#2852,#2853,#1602,.T.);
#3618=EDGE_CURVE('',#2852,#2854,#427,.T.);
#3619=EDGE_CURVE('',#2855,#2853,#428,.T.);
#3620=EDGE_CURVE('',#2854,#2855,#1603,.T.);
#3621=EDGE_CURVE('',#2854,#2856,#429,.T.);
#3622=EDGE_CURVE('',#2857,#2855,#430,.T.);
#3623=EDGE_CURVE('',#2856,#2857,#1604,.T.);
#3624=EDGE_CURVE('',#2856,#2842,#1605,.T.);
#3625=EDGE_CURVE('',#2844,#2857,#1606,.T.);
#3626=EDGE_CURVE('',#2858,#2823,#431,.T.);
#3627=EDGE_CURVE('',#2774,#2858,#1607,.T.);
#3628=EDGE_CURVE('',#2859,#2858,#432,.T.);
#3629=EDGE_CURVE('',#2775,#2859,#1608,.T.);
#3630=EDGE_CURVE('',#2860,#2859,#433,.T.);
#3631=EDGE_CURVE('',#2776,#2860,#1609,.T.);
#3632=EDGE_CURVE('',#2861,#2860,#434,.T.);
#3633=EDGE_CURVE('',#2767,#2861,#1610,.T.);
#3634=EDGE_CURVE('',#2828,#2861,#1611,.T.);
#3635=EDGE_CURVE('',#2862,#2863,#1612,.T.);
#3636=EDGE_CURVE('',#2864,#2862,#1613,.T.);
#3637=EDGE_CURVE('',#2865,#2864,#1614,.T.);
#3638=EDGE_CURVE('',#2863,#2865,#1615,.T.);
#3639=EDGE_CURVE('',#2707,#2864,#1616,.T.);
#3640=EDGE_CURVE('',#2862,#2702,#1617,.T.);
#3641=EDGE_CURVE('',#2706,#2865,#1618,.T.);
#3642=EDGE_CURVE('',#2703,#2863,#1619,.T.);
#3643=EDGE_CURVE('',#2866,#2867,#1620,.T.);
#3644=EDGE_CURVE('',#2867,#2868,#1621,.F.);
#3645=EDGE_CURVE('',#2868,#2869,#1622,.T.);
#3646=EDGE_CURVE('',#2869,#2866,#1623,.T.);
#3647=EDGE_CURVE('',#2869,#2870,#1624,.T.);
#3648=EDGE_CURVE('',#2870,#2871,#1625,.F.);
#3649=EDGE_CURVE('',#2871,#2866,#1626,.T.);
#3650=EDGE_CURVE('',#2872,#2867,#1627,.T.);
#3651=EDGE_CURVE('',#2866,#2873,#1628,.T.);
#3652=EDGE_CURVE('',#2874,#2873,#2457,.T.);
#3653=EDGE_CURVE('',#2875,#2874,#1629,.T.);
#3654=EDGE_CURVE('',#2876,#2875,#1630,.T.);
#3655=EDGE_CURVE('',#2876,#2877,#1631,.T.);
#3656=EDGE_CURVE('',#2878,#2877,#2458,.T.);
#3657=EDGE_CURVE('',#2878,#2879,#1632,.T.);
#3658=EDGE_CURVE('',#2880,#2879,#1633,.T.);
#3659=EDGE_CURVE('',#2880,#2881,#1634,.T.);
#3660=EDGE_CURVE('',#2881,#2882,#1635,.T.);
#3661=EDGE_CURVE('',#2882,#2883,#1636,.T.);
#3662=EDGE_CURVE('',#2883,#2884,#1637,.T.);
#3663=EDGE_CURVE('',#2884,#2885,#1638,.T.);
#3664=EDGE_CURVE('',#2885,#2872,#1639,.T.);
#3665=EDGE_CURVE('',#2871,#2886,#1640,.T.);
#3666=EDGE_CURVE('',#2886,#2885,#1641,.T.);
#3667=EDGE_CURVE('',#2884,#2887,#1642,.T.);
#3668=EDGE_CURVE('',#2888,#2887,#1643,.T.);
#3669=EDGE_CURVE('',#2873,#2888,#1644,.T.);
#3670=EDGE_CURVE('',#2889,#2890,#1645,.T.);
#3671=EDGE_CURVE('',#2890,#2880,#1646,.F.);
#3672=EDGE_CURVE('',#2879,#2889,#1647,.T.);
#3673=EDGE_CURVE('',#2879,#2891,#1648,.T.);
#3674=EDGE_CURVE('',#2891,#2892,#1649,.F.);
#3675=EDGE_CURVE('',#2892,#2889,#1650,.T.);
#3676=EDGE_CURVE('',#2892,#2893,#1651,.T.);
#3677=EDGE_CURVE('',#2890,#2893,#1652,.T.);
#3678=EDGE_CURVE('',#2868,#2894,#1653,.T.);
#3679=EDGE_CURVE('',#2894,#2870,#1654,.T.);
#3680=EDGE_CURVE('',#2872,#2895,#1655,.T.);
#3681=EDGE_CURVE('',#2895,#2894,#1656,.T.);
#3682=EDGE_CURVE('',#2886,#2895,#1657,.T.);
#3683=EDGE_CURVE('',#2893,#2896,#1658,.T.);
#3684=EDGE_CURVE('',#2881,#2896,#1659,.T.);
#3685=EDGE_CURVE('',#2896,#2897,#1660,.T.);
#3686=EDGE_CURVE('',#2882,#2897,#1661,.T.);
#3687=EDGE_CURVE('',#2897,#2891,#1662,.T.);
#3688=EDGE_CURVE('',#2898,#2878,#1663,.T.);
#3689=EDGE_CURVE('',#2898,#2899,#1664,.T.);
#3690=EDGE_CURVE('',#2899,#2883,#1665,.T.);
#3691=EDGE_CURVE('',#2887,#2899,#1666,.T.);
#3692=EDGE_CURVE('',#2888,#2898,#1667,.T.);
#3693=EDGE_CURVE('',#2900,#2874,#1668,.T.);
#3694=EDGE_CURVE('',#2888,#2900,#335,.T.);
#3695=EDGE_CURVE('',#2898,#2901,#336,.T.);
#3696=EDGE_CURVE('',#2901,#2900,#1669,.T.);
#3697=EDGE_CURVE('',#2877,#2901,#1670,.T.);
#3698=EDGE_CURVE('',#2672,#2674,#1671,.T.);
#3699=EDGE_CURVE('',#2902,#2876,#1672,.T.);
#3700=EDGE_CURVE('',#2902,#2901,#1673,.T.);
#3701=EDGE_CURVE('',#2903,#2900,#1674,.T.);
#3702=EDGE_CURVE('',#2875,#2903,#1675,.T.);
#3703=EDGE_CURVE('',#2903,#2902,#1676,.T.);
#3704=EDGE_CURVE('',#2904,#2604,#2459,.F.);
#3705=EDGE_CURVE('',#2640,#2904,#2460,.F.);
#3706=EDGE_CURVE('',#2585,#2640,#2461,.F.);
#3707=EDGE_CURVE('',#2617,#2904,#1677,.T.);
#3708=EDGE_CURVE('',#2575,#2612,#2462,.F.);
#3709=EDGE_CURVE('',#2905,#2600,#2463,.F.);
#3710=EDGE_CURVE('',#2630,#2905,#2464,.F.);
#3711=EDGE_CURVE('',#2708,#2621,#2465,.F.);
#3712=EDGE_CURVE('',#2906,#2708,#2466,.F.);
#3713=EDGE_CURVE('',#2631,#2906,#2467,.F.);
#3714=EDGE_CURVE('',#2601,#2907,#2468,.F.);
#3715=EDGE_CURVE('',#2636,#2587,#2469,.F.);
#3716=EDGE_CURVE('',#2907,#2636,#2470,.F.);
#3717=EDGE_CURVE('',#2641,#2700,#2471,.F.);
#3718=EDGE_CURVE('',#2908,#2641,#2472,.F.);
#3719=EDGE_CURVE('',#2700,#2908,#2473,.F.);
#3720=EDGE_CURVE('',#2904,#2908,#1678,.T.);
#3721=EDGE_CURVE('',#2908,#2906,#1679,.T.);
#3722=EDGE_CURVE('',#2905,#2626,#1680,.T.);
#3723=EDGE_CURVE('',#2699,#2642,#2474,.F.);
#3724=EDGE_CURVE('',#2909,#2699,#2475,.F.);
#3725=EDGE_CURVE('',#2642,#2909,#2476,.F.);
#3726=EDGE_CURVE('',#2626,#2909,#1681,.T.);
#3727=EDGE_CURVE('',#2909,#2907,#1682,.T.);
#3728=EDGE_CURVE('',#2907,#2905,#1683,.T.);
#3729=EDGE_CURVE('',#2906,#2617,#1684,.T.);
#3730=EDGE_CURVE('',#2910,#2911,#1685,.T.);
#3731=EDGE_CURVE('',#2910,#2912,#1686,.T.);
#3732=EDGE_CURVE('',#2913,#2912,#1687,.T.);
#3733=EDGE_CURVE('',#2911,#2913,#1688,.T.);
#3734=EDGE_CURVE('',#2911,#2914,#435,.T.);
#3735=EDGE_CURVE('',#2915,#2913,#436,.T.);
#3736=EDGE_CURVE('',#2914,#2915,#1689,.T.);
#3737=EDGE_CURVE('',#2914,#2916,#437,.T.);
#3738=EDGE_CURVE('',#2917,#2915,#438,.T.);
#3739=EDGE_CURVE('',#2916,#2917,#1690,.T.);
#3740=EDGE_CURVE('',#2916,#2918,#439,.T.);
#3741=EDGE_CURVE('',#2919,#2917,#440,.T.);
#3742=EDGE_CURVE('',#2918,#2919,#1691,.T.);
#3743=EDGE_CURVE('',#2918,#2920,#441,.T.);
#3744=EDGE_CURVE('',#2921,#2919,#442,.T.);
#3745=EDGE_CURVE('',#2920,#2921,#1692,.T.);
#3746=EDGE_CURVE('',#2920,#2922,#443,.T.);
#3747=EDGE_CURVE('',#2923,#2921,#444,.T.);
#3748=EDGE_CURVE('',#2922,#2923,#1693,.T.);
#3749=EDGE_CURVE('',#2922,#2924,#445,.T.);
#3750=EDGE_CURVE('',#2925,#2923,#446,.T.);
#3751=EDGE_CURVE('',#2924,#2925,#1694,.T.);
#3752=EDGE_CURVE('',#2924,#2926,#447,.T.);
#3753=EDGE_CURVE('',#2927,#2925,#448,.T.);
#3754=EDGE_CURVE('',#2926,#2927,#1695,.T.);
#3755=EDGE_CURVE('',#2926,#2928,#449,.T.);
#3756=EDGE_CURVE('',#2929,#2927,#450,.T.);
#3757=EDGE_CURVE('',#2928,#2929,#1696,.T.);
#3758=EDGE_CURVE('',#2928,#2930,#451,.T.);
#3759=EDGE_CURVE('',#2931,#2929,#452,.T.);
#3760=EDGE_CURVE('',#2930,#2931,#1697,.T.);
#3761=EDGE_CURVE('',#2930,#2932,#453,.T.);
#3762=EDGE_CURVE('',#2933,#2931,#454,.T.);
#3763=EDGE_CURVE('',#2932,#2933,#1698,.T.);
#3764=EDGE_CURVE('',#2932,#2934,#455,.T.);
#3765=EDGE_CURVE('',#2935,#2933,#456,.T.);
#3766=EDGE_CURVE('',#2934,#2935,#1699,.T.);
#3767=EDGE_CURVE('',#2934,#2936,#457,.T.);
#3768=EDGE_CURVE('',#2937,#2935,#458,.T.);
#3769=EDGE_CURVE('',#2936,#2937,#1700,.T.);
#3770=EDGE_CURVE('',#2936,#2938,#459,.T.);
#3771=EDGE_CURVE('',#2939,#2937,#460,.T.);
#3772=EDGE_CURVE('',#2938,#2939,#1701,.T.);
#3773=EDGE_CURVE('',#2938,#2940,#1702,.T.);
#3774=EDGE_CURVE('',#2941,#2939,#1703,.T.);
#3775=EDGE_CURVE('',#2940,#2941,#1704,.T.);
#3776=EDGE_CURVE('',#2940,#2942,#461,.T.);
#3777=EDGE_CURVE('',#2943,#2941,#462,.T.);
#3778=EDGE_CURVE('',#2942,#2943,#1705,.T.);
#3779=EDGE_CURVE('',#2942,#2944,#463,.T.);
#3780=EDGE_CURVE('',#2945,#2943,#464,.T.);
#3781=EDGE_CURVE('',#2944,#2945,#1706,.T.);
#3782=EDGE_CURVE('',#2944,#2946,#465,.T.);
#3783=EDGE_CURVE('',#2947,#2945,#466,.T.);
#3784=EDGE_CURVE('',#2946,#2947,#1707,.T.);
#3785=EDGE_CURVE('',#2946,#2948,#467,.T.);
#3786=EDGE_CURVE('',#2949,#2947,#468,.T.);
#3787=EDGE_CURVE('',#2948,#2949,#1708,.T.);
#3788=EDGE_CURVE('',#2948,#2950,#469,.T.);
#3789=EDGE_CURVE('',#2951,#2949,#470,.T.);
#3790=EDGE_CURVE('',#2950,#2951,#1709,.T.);
#3791=EDGE_CURVE('',#2950,#2952,#471,.T.);
#3792=EDGE_CURVE('',#2953,#2951,#472,.T.);
#3793=EDGE_CURVE('',#2952,#2953,#1710,.T.);
#3794=EDGE_CURVE('',#2952,#2954,#473,.T.);
#3795=EDGE_CURVE('',#2955,#2953,#474,.T.);
#3796=EDGE_CURVE('',#2954,#2955,#1711,.T.);
#3797=EDGE_CURVE('',#2954,#2956,#475,.T.);
#3798=EDGE_CURVE('',#2957,#2955,#476,.T.);
#3799=EDGE_CURVE('',#2956,#2957,#1712,.T.);
#3800=EDGE_CURVE('',#2956,#2958,#477,.T.);
#3801=EDGE_CURVE('',#2959,#2957,#478,.T.);
#3802=EDGE_CURVE('',#2958,#2959,#1713,.T.);
#3803=EDGE_CURVE('',#2958,#2960,#479,.T.);
#3804=EDGE_CURVE('',#2961,#2959,#480,.T.);
#3805=EDGE_CURVE('',#2960,#2961,#1714,.T.);
#3806=EDGE_CURVE('',#2960,#2962,#481,.T.);
#3807=EDGE_CURVE('',#2963,#2961,#482,.T.);
#3808=EDGE_CURVE('',#2962,#2963,#1715,.T.);
#3809=EDGE_CURVE('',#2962,#2964,#483,.T.);
#3810=EDGE_CURVE('',#2965,#2963,#484,.T.);
#3811=EDGE_CURVE('',#2964,#2965,#1716,.T.);
#3812=EDGE_CURVE('',#2964,#2966,#485,.T.);
#3813=EDGE_CURVE('',#2967,#2965,#486,.T.);
#3814=EDGE_CURVE('',#2966,#2967,#1717,.T.);
#3815=EDGE_CURVE('',#2966,#2910,#487,.T.);
#3816=EDGE_CURVE('',#2912,#2967,#488,.T.);
#3817=EDGE_CURVE('',#2968,#2969,#1718,.T.);
#3818=EDGE_CURVE('',#2968,#2970,#1719,.T.);
#3819=EDGE_CURVE('',#2971,#2970,#1720,.T.);
#3820=EDGE_CURVE('',#2969,#2971,#1721,.T.);
#3821=EDGE_CURVE('',#2969,#2972,#1722,.T.);
#3822=EDGE_CURVE('',#2973,#2971,#1723,.T.);
#3823=EDGE_CURVE('',#2972,#2973,#1724,.T.);
#3824=EDGE_CURVE('',#2972,#2974,#489,.T.);
#3825=EDGE_CURVE('',#2975,#2973,#490,.T.);
#3826=EDGE_CURVE('',#2974,#2975,#1725,.T.);
#3827=EDGE_CURVE('',#2974,#2976,#491,.T.);
#3828=EDGE_CURVE('',#2977,#2975,#492,.T.);
#3829=EDGE_CURVE('',#2976,#2977,#1726,.T.);
#3830=EDGE_CURVE('',#2976,#2978,#493,.T.);
#3831=EDGE_CURVE('',#2979,#2977,#494,.T.);
#3832=EDGE_CURVE('',#2978,#2979,#1727,.T.);
#3833=EDGE_CURVE('',#2978,#2980,#495,.T.);
#3834=EDGE_CURVE('',#2981,#2979,#496,.T.);
#3835=EDGE_CURVE('',#2980,#2981,#1728,.T.);
#3836=EDGE_CURVE('',#2980,#2982,#497,.T.);
#3837=EDGE_CURVE('',#2983,#2981,#498,.T.);
#3838=EDGE_CURVE('',#2982,#2983,#1729,.T.);
#3839=EDGE_CURVE('',#2982,#2968,#1730,.T.);
#3840=EDGE_CURVE('',#2970,#2983,#1731,.T.);
#3841=EDGE_CURVE('',#2984,#2985,#1732,.T.);
#3842=EDGE_CURVE('',#2984,#2986,#1733,.T.);
#3843=EDGE_CURVE('',#2987,#2986,#1734,.T.);
#3844=EDGE_CURVE('',#2985,#2987,#1735,.T.);
#3845=EDGE_CURVE('',#2985,#2988,#499,.T.);
#3846=EDGE_CURVE('',#2989,#2987,#500,.T.);
#3847=EDGE_CURVE('',#2988,#2989,#1736,.T.);
#3848=EDGE_CURVE('',#2988,#2990,#501,.T.);
#3849=EDGE_CURVE('',#2991,#2989,#502,.T.);
#3850=EDGE_CURVE('',#2990,#2991,#1737,.T.);
#3851=EDGE_CURVE('',#2990,#2992,#503,.T.);
#3852=EDGE_CURVE('',#2993,#2991,#504,.T.);
#3853=EDGE_CURVE('',#2992,#2993,#1738,.T.);
#3854=EDGE_CURVE('',#2992,#2994,#505,.T.);
#3855=EDGE_CURVE('',#2995,#2993,#506,.T.);
#3856=EDGE_CURVE('',#2994,#2995,#1739,.T.);
#3857=EDGE_CURVE('',#2994,#2996,#507,.T.);
#3858=EDGE_CURVE('',#2997,#2995,#508,.T.);
#3859=EDGE_CURVE('',#2996,#2997,#1740,.T.);
#3860=EDGE_CURVE('',#2996,#2998,#509,.T.);
#3861=EDGE_CURVE('',#2999,#2997,#510,.T.);
#3862=EDGE_CURVE('',#2998,#2999,#1741,.T.);
#3863=EDGE_CURVE('',#2998,#3000,#511,.T.);
#3864=EDGE_CURVE('',#3001,#2999,#512,.T.);
#3865=EDGE_CURVE('',#3000,#3001,#1742,.T.);
#3866=EDGE_CURVE('',#3000,#3002,#513,.T.);
#3867=EDGE_CURVE('',#3003,#3001,#514,.T.);
#3868=EDGE_CURVE('',#3002,#3003,#1743,.T.);
#3869=EDGE_CURVE('',#3002,#3004,#1744,.T.);
#3870=EDGE_CURVE('',#3005,#3003,#1745,.T.);
#3871=EDGE_CURVE('',#3004,#3005,#1746,.T.);
#3872=EDGE_CURVE('',#3004,#2984,#1747,.T.);
#3873=EDGE_CURVE('',#2986,#3005,#1748,.T.);
#3874=EDGE_CURVE('',#3006,#3007,#1749,.T.);
#3875=EDGE_CURVE('',#3008,#3006,#1750,.T.);
#3876=EDGE_CURVE('',#3009,#3008,#1751,.T.);
#3877=EDGE_CURVE('',#3010,#3009,#1752,.T.);
#3878=EDGE_CURVE('',#3011,#3010,#1753,.T.);
#3879=EDGE_CURVE('',#3012,#3011,#1754,.T.);
#3880=EDGE_CURVE('',#3013,#3012,#1755,.T.);
#3881=EDGE_CURVE('',#3014,#3013,#1756,.T.);
#3882=EDGE_CURVE('',#3015,#3014,#1757,.T.);
#3883=EDGE_CURVE('',#3016,#3015,#1758,.T.);
#3884=EDGE_CURVE('',#3017,#3016,#1759,.T.);
#3885=EDGE_CURVE('',#3018,#3017,#1760,.T.);
#3886=EDGE_CURVE('',#3019,#3018,#1761,.T.);
#3887=EDGE_CURVE('',#3007,#3019,#1762,.T.);
#3888=EDGE_CURVE('',#3020,#3020,#2477,.T.);
#3889=EDGE_CURVE('',#3020,#3021,#1763,.T.);
#3890=EDGE_CURVE('',#3021,#3021,#2478,.T.);
#3891=EDGE_CURVE('',#3022,#3022,#2479,.T.);
#3892=EDGE_CURVE('',#3022,#3023,#1764,.T.);
#3893=EDGE_CURVE('',#3023,#3023,#2480,.T.);
#3894=EDGE_CURVE('',#3024,#3012,#1765,.T.);
#3895=EDGE_CURVE('',#3025,#3024,#1766,.T.);
#3896=EDGE_CURVE('',#3025,#3013,#1767,.T.);
#3897=EDGE_CURVE('',#3026,#3011,#1768,.T.);
#3898=EDGE_CURVE('',#3024,#3026,#1769,.T.);
#3899=EDGE_CURVE('',#3027,#3010,#1770,.T.);
#3900=EDGE_CURVE('',#3026,#3027,#1771,.T.);
#3901=EDGE_CURVE('',#3028,#3009,#1772,.T.);
#3902=EDGE_CURVE('',#3028,#3027,#1773,.T.);
#3903=EDGE_CURVE('',#3029,#3008,#1774,.T.);
#3904=EDGE_CURVE('',#3029,#3028,#1775,.T.);
#3905=EDGE_CURVE('',#3030,#3006,#1776,.T.);
#3906=EDGE_CURVE('',#3030,#3029,#1777,.T.);
#3907=EDGE_CURVE('',#3031,#3007,#1778,.T.);
#3908=EDGE_CURVE('',#3030,#3031,#1779,.T.);
#3909=EDGE_CURVE('',#3032,#3019,#1780,.T.);
#3910=EDGE_CURVE('',#3031,#3032,#1781,.T.);
#3911=EDGE_CURVE('',#3033,#3018,#1782,.T.);
#3912=EDGE_CURVE('',#3033,#3032,#1783,.T.);
#3913=EDGE_CURVE('',#3034,#3017,#1784,.T.);
#3914=EDGE_CURVE('',#3034,#3033,#1785,.T.);
#3915=EDGE_CURVE('',#3035,#3016,#1786,.T.);
#3916=EDGE_CURVE('',#3034,#3035,#1787,.T.);
#3917=EDGE_CURVE('',#3036,#3015,#1788,.T.);
#3918=EDGE_CURVE('',#3035,#3036,#1789,.T.);
#3919=EDGE_CURVE('',#3037,#3014,#1790,.T.);
#3920=EDGE_CURVE('',#3036,#3037,#1791,.T.);
#3921=EDGE_CURVE('',#3037,#3025,#1792,.T.);
#3922=ORIENTED_EDGE('',*,*,#3038,.T.);
#3923=ORIENTED_EDGE('',*,*,#3039,.T.);
#3924=ORIENTED_EDGE('',*,*,#3040,.T.);
#3925=ORIENTED_EDGE('',*,*,#3041,.T.);
#3926=ORIENTED_EDGE('',*,*,#3042,.T.);
#3927=ORIENTED_EDGE('',*,*,#3043,.T.);
#3928=ORIENTED_EDGE('',*,*,#3038,.F.);
#3929=ORIENTED_EDGE('',*,*,#3044,.T.);
#3930=ORIENTED_EDGE('',*,*,#3045,.T.);
#3931=ORIENTED_EDGE('',*,*,#3040,.F.);
#3932=ORIENTED_EDGE('',*,*,#3046,.T.);
#3933=ORIENTED_EDGE('',*,*,#3047,.T.);
#3934=ORIENTED_EDGE('',*,*,#3048,.T.);
#3935=ORIENTED_EDGE('',*,*,#3047,.F.);
#3936=ORIENTED_EDGE('',*,*,#3049,.T.);
#3937=ORIENTED_EDGE('',*,*,#3050,.F.);
#3938=ORIENTED_EDGE('',*,*,#3049,.F.);
#3939=ORIENTED_EDGE('',*,*,#3051,.T.);
#3940=ORIENTED_EDGE('',*,*,#3052,.F.);
#3941=ORIENTED_EDGE('',*,*,#3053,.T.);
#3942=ORIENTED_EDGE('',*,*,#3054,.F.);
#3943=ORIENTED_EDGE('',*,*,#3055,.T.);
#3944=ORIENTED_EDGE('',*,*,#3056,.F.);
#3945=ORIENTED_EDGE('',*,*,#3046,.F.);
#3946=ORIENTED_EDGE('',*,*,#3039,.F.);
#3947=ORIENTED_EDGE('',*,*,#3057,.F.);
#3948=ORIENTED_EDGE('',*,*,#3058,.F.);
#3949=ORIENTED_EDGE('',*,*,#3051,.F.);
#3950=ORIENTED_EDGE('',*,*,#3059,.T.);
#3951=ORIENTED_EDGE('',*,*,#3060,.T.);
#3952=ORIENTED_EDGE('',*,*,#3061,.T.);
#3953=ORIENTED_EDGE('',*,*,#3062,.T.);
#3954=ORIENTED_EDGE('',*,*,#3063,.T.);
#3955=ORIENTED_EDGE('',*,*,#3064,.T.);
#3956=ORIENTED_EDGE('',*,*,#3059,.F.);
#3957=ORIENTED_EDGE('',*,*,#3065,.T.);
#3958=ORIENTED_EDGE('',*,*,#3066,.F.);
#3959=ORIENTED_EDGE('',*,*,#3067,.T.);
#3960=ORIENTED_EDGE('',*,*,#3068,.T.);
#3961=ORIENTED_EDGE('',*,*,#3063,.F.);
#3962=ORIENTED_EDGE('',*,*,#3069,.F.);
#3963=ORIENTED_EDGE('',*,*,#3056,.T.);
#3964=ORIENTED_EDGE('',*,*,#3067,.F.);
#3965=ORIENTED_EDGE('',*,*,#3065,.F.);
#3966=ORIENTED_EDGE('',*,*,#3062,.F.);
#3967=ORIENTED_EDGE('',*,*,#3070,.F.);
#3968=ORIENTED_EDGE('',*,*,#3071,.F.);
#3969=ORIENTED_EDGE('',*,*,#3072,.F.);
#3970=ORIENTED_EDGE('',*,*,#3073,.T.);
#3971=ORIENTED_EDGE('',*,*,#3074,.T.);
#3972=ORIENTED_EDGE('',*,*,#3075,.F.);
#3973=ORIENTED_EDGE('',*,*,#3076,.T.);
#3974=ORIENTED_EDGE('',*,*,#3077,.T.);
#3975=ORIENTED_EDGE('',*,*,#3078,.T.);
#3976=ORIENTED_EDGE('',*,*,#3072,.T.);
#3977=ORIENTED_EDGE('',*,*,#3079,.T.);
#3978=ORIENTED_EDGE('',*,*,#3080,.T.);
#3979=ORIENTED_EDGE('',*,*,#3076,.F.);
#3980=ORIENTED_EDGE('',*,*,#3071,.T.);
#3981=ORIENTED_EDGE('',*,*,#3081,.T.);
#3982=ORIENTED_EDGE('',*,*,#3078,.F.);
#3983=ORIENTED_EDGE('',*,*,#3082,.T.);
#3984=ORIENTED_EDGE('',*,*,#3083,.T.);
#3985=ORIENTED_EDGE('',*,*,#3084,.T.);
#3986=ORIENTED_EDGE('',*,*,#3083,.F.);
#3987=ORIENTED_EDGE('',*,*,#3085,.T.);
#3988=ORIENTED_EDGE('',*,*,#3086,.F.);
#3989=ORIENTED_EDGE('',*,*,#3085,.F.);
#3990=ORIENTED_EDGE('',*,*,#3087,.T.);
#3991=ORIENTED_EDGE('',*,*,#3088,.F.);
#3992=ORIENTED_EDGE('',*,*,#3089,.T.);
#3993=ORIENTED_EDGE('',*,*,#3090,.F.);
#3994=ORIENTED_EDGE('',*,*,#3091,.T.);
#3995=ORIENTED_EDGE('',*,*,#3092,.F.);
#3996=ORIENTED_EDGE('',*,*,#3082,.F.);
#3997=ORIENTED_EDGE('',*,*,#3077,.F.);
#3998=ORIENTED_EDGE('',*,*,#3093,.F.);
#3999=ORIENTED_EDGE('',*,*,#3094,.F.);
#4000=ORIENTED_EDGE('',*,*,#3087,.F.);
#4001=ORIENTED_EDGE('',*,*,#3095,.T.);
#4002=ORIENTED_EDGE('',*,*,#3096,.T.);
#4003=ORIENTED_EDGE('',*,*,#3097,.T.);
#4004=ORIENTED_EDGE('',*,*,#3098,.T.);
#4005=ORIENTED_EDGE('',*,*,#3099,.T.);
#4006=ORIENTED_EDGE('',*,*,#3100,.T.);
#4007=ORIENTED_EDGE('',*,*,#3095,.F.);
#4008=ORIENTED_EDGE('',*,*,#3101,.T.);
#4009=ORIENTED_EDGE('',*,*,#3102,.F.);
#4010=ORIENTED_EDGE('',*,*,#3103,.T.);
#4011=ORIENTED_EDGE('',*,*,#3104,.T.);
#4012=ORIENTED_EDGE('',*,*,#3099,.F.);
#4013=ORIENTED_EDGE('',*,*,#3105,.F.);
#4014=ORIENTED_EDGE('',*,*,#3092,.T.);
#4015=ORIENTED_EDGE('',*,*,#3103,.F.);
#4016=ORIENTED_EDGE('',*,*,#3041,.F.);
#4017=ORIENTED_EDGE('',*,*,#3106,.T.);
#4018=ORIENTED_EDGE('',*,*,#3107,.T.);
#4019=ORIENTED_EDGE('',*,*,#3108,.F.);
#4020=ORIENTED_EDGE('',*,*,#3101,.F.);
#4021=ORIENTED_EDGE('',*,*,#3098,.F.);
#4022=ORIENTED_EDGE('',*,*,#3109,.F.);
#4023=ORIENTED_EDGE('',*,*,#3044,.F.);
#4024=ORIENTED_EDGE('',*,*,#3050,.T.);
#4025=ORIENTED_EDGE('',*,*,#3069,.T.);
#4026=ORIENTED_EDGE('',*,*,#3066,.T.);
#4027=ORIENTED_EDGE('',*,*,#3075,.T.);
#4028=ORIENTED_EDGE('',*,*,#3110,.T.);
#4029=ORIENTED_EDGE('',*,*,#3106,.F.);
#4030=ORIENTED_EDGE('',*,*,#3045,.F.);
#4031=ORIENTED_EDGE('',*,*,#3048,.F.);
#4032=ORIENTED_EDGE('',*,*,#3110,.F.);
#4033=ORIENTED_EDGE('',*,*,#3074,.F.);
#4034=ORIENTED_EDGE('',*,*,#3111,.F.);
#4035=ORIENTED_EDGE('',*,*,#3107,.F.);
#4036=ORIENTED_EDGE('',*,*,#3068,.F.);
#4037=ORIENTED_EDGE('',*,*,#3055,.F.);
#4038=ORIENTED_EDGE('',*,*,#3112,.F.);
#4039=ORIENTED_EDGE('',*,*,#3113,.F.);
#4040=ORIENTED_EDGE('',*,*,#3064,.F.);
#4041=ORIENTED_EDGE('',*,*,#3114,.T.);
#4042=ORIENTED_EDGE('',*,*,#3115,.F.);
#4043=ORIENTED_EDGE('',*,*,#3116,.F.);
#4044=ORIENTED_EDGE('',*,*,#3117,.F.);
#4045=ORIENTED_EDGE('',*,*,#3060,.F.);
#4046=ORIENTED_EDGE('',*,*,#3113,.T.);
#4047=ORIENTED_EDGE('',*,*,#3115,.T.);
#4048=ORIENTED_EDGE('',*,*,#3118,.T.);
#4049=ORIENTED_EDGE('',*,*,#3119,.T.);
#4050=ORIENTED_EDGE('',*,*,#3054,.T.);
#4051=ORIENTED_EDGE('',*,*,#3120,.T.);
#4052=ORIENTED_EDGE('',*,*,#3119,.F.);
#4053=ORIENTED_EDGE('',*,*,#3121,.T.);
#4054=ORIENTED_EDGE('',*,*,#3116,.T.);
#4055=ORIENTED_EDGE('',*,*,#3112,.T.);
#4056=ORIENTED_EDGE('',*,*,#3122,.T.);
#4057=ORIENTED_EDGE('',*,*,#3123,.F.);
#4058=ORIENTED_EDGE('',*,*,#3124,.F.);
#4059=ORIENTED_EDGE('',*,*,#3125,.F.);
#4060=ORIENTED_EDGE('',*,*,#3123,.T.);
#4061=ORIENTED_EDGE('',*,*,#3126,.T.);
#4062=ORIENTED_EDGE('',*,*,#3117,.T.);
#4063=ORIENTED_EDGE('',*,*,#3127,.T.);
#4064=ORIENTED_EDGE('',*,*,#3128,.T.);
#4065=ORIENTED_EDGE('',*,*,#3094,.T.);
#4066=ORIENTED_EDGE('',*,*,#3124,.T.);
#4067=ORIENTED_EDGE('',*,*,#3129,.T.);
#4068=ORIENTED_EDGE('',*,*,#3128,.F.);
#4069=ORIENTED_EDGE('',*,*,#3130,.T.);
#4070=ORIENTED_EDGE('',*,*,#3088,.T.);
#4071=ORIENTED_EDGE('',*,*,#3080,.F.);
#4072=ORIENTED_EDGE('',*,*,#3131,.T.);
#4073=ORIENTED_EDGE('',*,*,#3125,.T.);
#4074=ORIENTED_EDGE('',*,*,#3093,.T.);
#4075=ORIENTED_EDGE('',*,*,#3132,.T.);
#4076=ORIENTED_EDGE('',*,*,#3133,.T.);
#4077=ORIENTED_EDGE('',*,*,#3134,.T.);
#4078=ORIENTED_EDGE('',*,*,#3135,.T.);
#4079=ORIENTED_EDGE('',*,*,#3136,.T.);
#4080=ORIENTED_EDGE('',*,*,#3137,.T.);
#4081=ORIENTED_EDGE('',*,*,#3070,.T.);
#4082=ORIENTED_EDGE('',*,*,#3061,.F.);
#4083=ORIENTED_EDGE('',*,*,#3118,.F.);
#4084=ORIENTED_EDGE('',*,*,#3114,.F.);
#4085=ORIENTED_EDGE('',*,*,#3126,.F.);
#4086=ORIENTED_EDGE('',*,*,#3122,.F.);
#4087=ORIENTED_EDGE('',*,*,#3131,.F.);
#4088=ORIENTED_EDGE('',*,*,#3079,.F.);
#4089=ORIENTED_EDGE('',*,*,#3109,.T.);
#4090=ORIENTED_EDGE('',*,*,#3097,.F.);
#4091=ORIENTED_EDGE('',*,*,#3138,.F.);
#4092=ORIENTED_EDGE('',*,*,#3139,.F.);
#4093=ORIENTED_EDGE('',*,*,#3140,.F.);
#4094=ORIENTED_EDGE('',*,*,#3141,.F.);
#4095=ORIENTED_EDGE('',*,*,#3142,.F.);
#4096=ORIENTED_EDGE('',*,*,#3042,.F.);
#4097=ORIENTED_EDGE('',*,*,#3086,.T.);
#4098=ORIENTED_EDGE('',*,*,#3105,.T.);
#4099=ORIENTED_EDGE('',*,*,#3102,.T.);
#4100=ORIENTED_EDGE('',*,*,#3108,.T.);
#4101=ORIENTED_EDGE('',*,*,#3111,.T.);
#4102=ORIENTED_EDGE('',*,*,#3073,.F.);
#4103=ORIENTED_EDGE('',*,*,#3081,.F.);
#4104=ORIENTED_EDGE('',*,*,#3084,.F.);
#4105=ORIENTED_EDGE('',*,*,#3104,.F.);
#4106=ORIENTED_EDGE('',*,*,#3091,.F.);
#4107=ORIENTED_EDGE('',*,*,#3143,.F.);
#4108=ORIENTED_EDGE('',*,*,#3144,.F.);
#4109=ORIENTED_EDGE('',*,*,#3100,.F.);
#4110=ORIENTED_EDGE('',*,*,#3141,.T.);
#4111=ORIENTED_EDGE('',*,*,#3145,.F.);
#4112=ORIENTED_EDGE('',*,*,#3146,.F.);
#4113=ORIENTED_EDGE('',*,*,#3147,.F.);
#4114=ORIENTED_EDGE('',*,*,#3148,.F.);
#4115=ORIENTED_EDGE('',*,*,#3149,.F.);
#4116=ORIENTED_EDGE('',*,*,#3139,.T.);
#4117=ORIENTED_EDGE('',*,*,#3150,.F.);
#4118=ORIENTED_EDGE('',*,*,#3145,.T.);
#4119=ORIENTED_EDGE('',*,*,#3140,.T.);
#4120=ORIENTED_EDGE('',*,*,#3149,.T.);
#4121=ORIENTED_EDGE('',*,*,#3151,.T.);
#4122=ORIENTED_EDGE('',*,*,#3096,.F.);
#4123=ORIENTED_EDGE('',*,*,#3144,.T.);
#4124=ORIENTED_EDGE('',*,*,#3150,.T.);
#4125=ORIENTED_EDGE('',*,*,#3138,.T.);
#4126=ORIENTED_EDGE('',*,*,#3152,.T.);
#4127=ORIENTED_EDGE('',*,*,#3153,.T.);
#4128=ORIENTED_EDGE('',*,*,#3148,.T.);
#4129=ORIENTED_EDGE('',*,*,#3143,.T.);
#4130=ORIENTED_EDGE('',*,*,#3152,.F.);
#4131=ORIENTED_EDGE('',*,*,#3090,.T.);
#4132=ORIENTED_EDGE('',*,*,#3154,.T.);
#4133=ORIENTED_EDGE('',*,*,#3155,.T.);
#4134=ORIENTED_EDGE('',*,*,#3156,.T.);
#4135=ORIENTED_EDGE('',*,*,#3052,.T.);
#4136=ORIENTED_EDGE('',*,*,#3155,.F.);
#4137=ORIENTED_EDGE('',*,*,#3058,.T.);
#4138=ORIENTED_EDGE('',*,*,#3146,.T.);
#4139=ORIENTED_EDGE('',*,*,#3157,.T.);
#4140=ORIENTED_EDGE('',*,*,#3043,.F.);
#4141=ORIENTED_EDGE('',*,*,#3142,.T.);
#4142=ORIENTED_EDGE('',*,*,#3147,.T.);
#4143=ORIENTED_EDGE('',*,*,#3057,.T.);
#4144=ORIENTED_EDGE('',*,*,#3120,.F.);
#4145=ORIENTED_EDGE('',*,*,#3158,.T.);
#4146=ORIENTED_EDGE('',*,*,#3130,.F.);
#4147=ORIENTED_EDGE('',*,*,#3159,.T.);
#4148=ORIENTED_EDGE('',*,*,#3154,.F.);
#4149=ORIENTED_EDGE('',*,*,#3160,.T.);
#4150=ORIENTED_EDGE('',*,*,#3156,.F.);
#4151=ORIENTED_EDGE('',*,*,#3161,.T.);
#4152=ORIENTED_EDGE('',*,*,#3153,.F.);
#4153=ORIENTED_EDGE('',*,*,#3161,.F.);
#4154=ORIENTED_EDGE('',*,*,#3157,.F.);
#4155=ORIENTED_EDGE('',*,*,#3151,.F.);
#4156=ORIENTED_EDGE('',*,*,#3053,.F.);
#4157=ORIENTED_EDGE('',*,*,#3160,.F.);
#4158=ORIENTED_EDGE('',*,*,#3089,.F.);
#4159=ORIENTED_EDGE('',*,*,#3158,.F.);
#4160=ORIENTED_EDGE('',*,*,#3121,.F.);
#4161=ORIENTED_EDGE('',*,*,#3159,.F.);
#4162=ORIENTED_EDGE('',*,*,#3129,.F.);
#4163=ORIENTED_EDGE('',*,*,#3127,.F.);
#4164=ORIENTED_EDGE('',*,*,#3162,.F.);
#4165=ORIENTED_EDGE('',*,*,#3163,.T.);
#4166=ORIENTED_EDGE('',*,*,#3137,.F.);
#4167=ORIENTED_EDGE('',*,*,#3164,.F.);
#4168=ORIENTED_EDGE('',*,*,#3162,.T.);
#4169=ORIENTED_EDGE('',*,*,#3165,.T.);
#4170=ORIENTED_EDGE('',*,*,#3166,.T.);
#4171=ORIENTED_EDGE('',*,*,#3167,.T.);
#4172=ORIENTED_EDGE('',*,*,#3168,.T.);
#4173=ORIENTED_EDGE('',*,*,#3169,.T.);
#4174=ORIENTED_EDGE('',*,*,#3170,.T.);
#4175=ORIENTED_EDGE('',*,*,#3171,.T.);
#4176=ORIENTED_EDGE('',*,*,#3172,.F.);
#4177=ORIENTED_EDGE('',*,*,#3173,.T.);
#4178=ORIENTED_EDGE('',*,*,#3132,.F.);
#4179=ORIENTED_EDGE('',*,*,#3163,.F.);
#4180=ORIENTED_EDGE('',*,*,#3167,.F.);
#4181=ORIENTED_EDGE('',*,*,#3174,.F.);
#4182=ORIENTED_EDGE('',*,*,#3175,.F.);
#4183=ORIENTED_EDGE('',*,*,#3174,.T.);
#4184=ORIENTED_EDGE('',*,*,#3166,.F.);
#4185=ORIENTED_EDGE('',*,*,#3176,.F.);
#4186=ORIENTED_EDGE('',*,*,#3170,.F.);
#4187=ORIENTED_EDGE('',*,*,#3177,.T.);
#4188=ORIENTED_EDGE('',*,*,#3178,.F.);
#4189=ORIENTED_EDGE('',*,*,#3179,.F.);
#4190=ORIENTED_EDGE('',*,*,#3171,.F.);
#4191=ORIENTED_EDGE('',*,*,#3179,.T.);
#4192=ORIENTED_EDGE('',*,*,#3180,.F.);
#4193=ORIENTED_EDGE('',*,*,#3181,.F.);
#4194=ORIENTED_EDGE('',*,*,#3182,.T.);
#4195=ORIENTED_EDGE('',*,*,#3180,.T.);
#4196=ORIENTED_EDGE('',*,*,#3178,.T.);
#4197=ORIENTED_EDGE('',*,*,#3183,.T.);
#4198=ORIENTED_EDGE('',*,*,#3184,.T.);
#4199=ORIENTED_EDGE('',*,*,#3172,.T.);
#4200=ORIENTED_EDGE('',*,*,#3175,.T.);
#4201=ORIENTED_EDGE('',*,*,#3185,.T.);
#4202=ORIENTED_EDGE('',*,*,#3186,.T.);
#4203=ORIENTED_EDGE('',*,*,#3187,.T.);
#4204=ORIENTED_EDGE('',*,*,#3133,.F.);
#4205=ORIENTED_EDGE('',*,*,#3173,.F.);
#4206=ORIENTED_EDGE('',*,*,#3184,.F.);
#4207=ORIENTED_EDGE('',*,*,#3188,.F.);
#4208=ORIENTED_EDGE('',*,*,#3189,.T.);
#4209=ORIENTED_EDGE('',*,*,#3188,.T.);
#4210=ORIENTED_EDGE('',*,*,#3185,.F.);
#4211=ORIENTED_EDGE('',*,*,#3176,.T.);
#4212=ORIENTED_EDGE('',*,*,#3165,.F.);
#4213=ORIENTED_EDGE('',*,*,#3164,.T.);
#4214=ORIENTED_EDGE('',*,*,#3136,.F.);
#4215=ORIENTED_EDGE('',*,*,#3190,.F.);
#4216=ORIENTED_EDGE('',*,*,#3183,.F.);
#4217=ORIENTED_EDGE('',*,*,#3177,.F.);
#4218=ORIENTED_EDGE('',*,*,#3169,.F.);
#4219=ORIENTED_EDGE('',*,*,#3191,.F.);
#4220=ORIENTED_EDGE('',*,*,#3192,.T.);
#4221=ORIENTED_EDGE('',*,*,#3191,.T.);
#4222=ORIENTED_EDGE('',*,*,#3168,.F.);
#4223=ORIENTED_EDGE('',*,*,#3181,.T.);
#4224=ORIENTED_EDGE('',*,*,#3182,.F.);
#4225=ORIENTED_EDGE('',*,*,#3190,.T.);
#4226=ORIENTED_EDGE('',*,*,#3135,.F.);
#4227=ORIENTED_EDGE('',*,*,#3193,.F.);
#4228=ORIENTED_EDGE('',*,*,#3194,.T.);
#4229=ORIENTED_EDGE('',*,*,#3193,.T.);
#4230=ORIENTED_EDGE('',*,*,#3134,.F.);
#4231=ORIENTED_EDGE('',*,*,#3187,.F.);
#4232=ORIENTED_EDGE('',*,*,#3194,.F.);
#4233=ORIENTED_EDGE('',*,*,#3186,.F.);
#4234=ORIENTED_EDGE('',*,*,#3189,.F.);
#4235=ORIENTED_EDGE('',*,*,#3192,.F.);
#4236=ORIENTED_EDGE('',*,*,#3195,.F.);
#4237=ORIENTED_EDGE('',*,*,#3196,.T.);
#4238=ORIENTED_EDGE('',*,*,#3197,.T.);
#4239=ORIENTED_EDGE('',*,*,#3198,.T.);
#4240=ORIENTED_EDGE('',*,*,#3198,.F.);
#4241=ORIENTED_EDGE('',*,*,#3199,.T.);
#4242=ORIENTED_EDGE('',*,*,#3200,.T.);
#4243=ORIENTED_EDGE('',*,*,#3201,.F.);
#4244=ORIENTED_EDGE('',*,*,#3202,.F.);
#4245=ORIENTED_EDGE('',*,*,#3203,.F.);
#4246=ORIENTED_EDGE('',*,*,#3204,.T.);
#4247=ORIENTED_EDGE('',*,*,#3205,.F.);
#4248=ORIENTED_EDGE('',*,*,#3206,.F.);
#4249=ORIENTED_EDGE('',*,*,#3207,.T.);
#4250=ORIENTED_EDGE('',*,*,#3208,.T.);
#4251=ORIENTED_EDGE('',*,*,#3209,.T.);
#4252=ORIENTED_EDGE('',*,*,#3209,.F.);
#4253=ORIENTED_EDGE('',*,*,#3210,.T.);
#4254=ORIENTED_EDGE('',*,*,#3211,.T.);
#4255=ORIENTED_EDGE('',*,*,#3212,.T.);
#4256=ORIENTED_EDGE('',*,*,#3213,.F.);
#4257=ORIENTED_EDGE('',*,*,#3214,.F.);
#4258=ORIENTED_EDGE('',*,*,#3215,.T.);
#4259=ORIENTED_EDGE('',*,*,#3216,.T.);
#4260=ORIENTED_EDGE('',*,*,#3217,.F.);
#4261=ORIENTED_EDGE('',*,*,#3218,.F.);
#4262=ORIENTED_EDGE('',*,*,#3219,.T.);
#4263=ORIENTED_EDGE('',*,*,#3220,.T.);
#4264=ORIENTED_EDGE('',*,*,#3221,.F.);
#4265=ORIENTED_EDGE('',*,*,#3221,.T.);
#4266=ORIENTED_EDGE('',*,*,#3222,.F.);
#4267=ORIENTED_EDGE('',*,*,#3204,.F.);
#4268=ORIENTED_EDGE('',*,*,#3223,.F.);
#4269=ORIENTED_EDGE('',*,*,#3224,.F.);
#4270=ORIENTED_EDGE('',*,*,#3225,.T.);
#4271=ORIENTED_EDGE('',*,*,#3195,.T.);
#4272=ORIENTED_EDGE('',*,*,#3205,.T.);
#4273=ORIENTED_EDGE('',*,*,#3222,.T.);
#4274=ORIENTED_EDGE('',*,*,#3220,.F.);
#4275=ORIENTED_EDGE('',*,*,#3226,.F.);
#4276=ORIENTED_EDGE('',*,*,#3227,.F.);
#4277=ORIENTED_EDGE('',*,*,#3228,.F.);
#4278=ORIENTED_EDGE('',*,*,#3216,.F.);
#4279=ORIENTED_EDGE('',*,*,#3229,.F.);
#4280=ORIENTED_EDGE('',*,*,#3210,.F.);
#4281=ORIENTED_EDGE('',*,*,#3208,.F.);
#4282=ORIENTED_EDGE('',*,*,#3230,.T.);
#4283=ORIENTED_EDGE('',*,*,#3231,.F.);
#4284=ORIENTED_EDGE('',*,*,#3232,.T.);
#4285=ORIENTED_EDGE('',*,*,#3206,.T.);
#4286=ORIENTED_EDGE('',*,*,#3213,.T.);
#4287=ORIENTED_EDGE('',*,*,#3233,.T.);
#4288=ORIENTED_EDGE('',*,*,#3199,.F.);
#4289=ORIENTED_EDGE('',*,*,#3197,.F.);
#4290=ORIENTED_EDGE('',*,*,#3234,.T.);
#4291=ORIENTED_EDGE('',*,*,#3235,.T.);
#4292=ORIENTED_EDGE('',*,*,#3236,.F.);
#4293=ORIENTED_EDGE('',*,*,#3200,.F.);
#4294=ORIENTED_EDGE('',*,*,#3233,.F.);
#4295=ORIENTED_EDGE('',*,*,#3212,.F.);
#4296=ORIENTED_EDGE('',*,*,#3211,.F.);
#4297=ORIENTED_EDGE('',*,*,#3229,.T.);
#4298=ORIENTED_EDGE('',*,*,#3215,.F.);
#4299=ORIENTED_EDGE('',*,*,#3237,.F.);
#4300=ORIENTED_EDGE('',*,*,#3238,.T.);
#4301=ORIENTED_EDGE('',*,*,#3223,.T.);
#4302=ORIENTED_EDGE('',*,*,#3203,.T.);
#4303=ORIENTED_EDGE('',*,*,#3239,.F.);
#4304=ORIENTED_EDGE('',*,*,#3240,.F.);
#4305=ORIENTED_EDGE('',*,*,#3241,.T.);
#4306=ORIENTED_EDGE('',*,*,#3218,.T.);
#4307=ORIENTED_EDGE('',*,*,#3242,.T.);
#4308=ORIENTED_EDGE('',*,*,#3243,.T.);
#4309=ORIENTED_EDGE('',*,*,#3244,.T.);
#4310=ORIENTED_EDGE('',*,*,#3245,.T.);
#4311=ORIENTED_EDGE('',*,*,#3246,.T.);
#4312=ORIENTED_EDGE('',*,*,#3243,.F.);
#4313=ORIENTED_EDGE('',*,*,#3247,.T.);
#4314=ORIENTED_EDGE('',*,*,#3248,.F.);
#4315=ORIENTED_EDGE('',*,*,#3249,.T.);
#4316=ORIENTED_EDGE('',*,*,#3245,.F.);
#4317=ORIENTED_EDGE('',*,*,#3249,.F.);
#4318=ORIENTED_EDGE('',*,*,#3250,.F.);
#4319=ORIENTED_EDGE('',*,*,#3251,.F.);
#4320=ORIENTED_EDGE('',*,*,#3252,.F.);
#4321=ORIENTED_EDGE('',*,*,#3234,.F.);
#4322=ORIENTED_EDGE('',*,*,#3253,.F.);
#4323=ORIENTED_EDGE('',*,*,#3247,.F.);
#4324=ORIENTED_EDGE('',*,*,#3254,.T.);
#4325=ORIENTED_EDGE('',*,*,#3255,.T.);
#4326=ORIENTED_EDGE('',*,*,#3256,.F.);
#4327=ORIENTED_EDGE('',*,*,#3257,.T.);
#4328=ORIENTED_EDGE('',*,*,#3258,.T.);
#4329=ORIENTED_EDGE('',*,*,#3259,.T.);
#4330=ORIENTED_EDGE('',*,*,#3260,.T.);
#4331=ORIENTED_EDGE('',*,*,#3261,.T.);
#4332=ORIENTED_EDGE('',*,*,#3258,.F.);
#4333=ORIENTED_EDGE('',*,*,#3262,.T.);
#4334=ORIENTED_EDGE('',*,*,#3263,.F.);
#4335=ORIENTED_EDGE('',*,*,#3264,.T.);
#4336=ORIENTED_EDGE('',*,*,#3260,.F.);
#4337=ORIENTED_EDGE('',*,*,#3264,.F.);
#4338=ORIENTED_EDGE('',*,*,#3265,.F.);
#4339=ORIENTED_EDGE('',*,*,#3266,.F.);
#4340=ORIENTED_EDGE('',*,*,#3267,.F.);
#4341=ORIENTED_EDGE('',*,*,#3268,.F.);
#4342=ORIENTED_EDGE('',*,*,#3262,.F.);
#4343=ORIENTED_EDGE('',*,*,#3269,.T.);
#4344=ORIENTED_EDGE('',*,*,#3270,.T.);
#4345=ORIENTED_EDGE('',*,*,#3271,.F.);
#4346=ORIENTED_EDGE('',*,*,#3272,.T.);
#4347=ORIENTED_EDGE('',*,*,#3265,.T.);
#4348=ORIENTED_EDGE('',*,*,#3263,.T.);
#4349=ORIENTED_EDGE('',*,*,#3273,.T.);
#4350=ORIENTED_EDGE('',*,*,#3242,.F.);
#4351=ORIENTED_EDGE('',*,*,#3274,.T.);
#4352=ORIENTED_EDGE('',*,*,#3273,.F.);
#4353=ORIENTED_EDGE('',*,*,#3271,.T.);
#4354=ORIENTED_EDGE('',*,*,#3275,.T.);
#4355=ORIENTED_EDGE('',*,*,#3240,.T.);
#4356=ORIENTED_EDGE('',*,*,#3254,.F.);
#4357=ORIENTED_EDGE('',*,*,#3276,.T.);
#4358=ORIENTED_EDGE('',*,*,#3250,.T.);
#4359=ORIENTED_EDGE('',*,*,#3248,.T.);
#4360=ORIENTED_EDGE('',*,*,#3277,.T.);
#4361=ORIENTED_EDGE('',*,*,#3257,.F.);
#4362=ORIENTED_EDGE('',*,*,#3278,.T.);
#4363=ORIENTED_EDGE('',*,*,#3277,.F.);
#4364=ORIENTED_EDGE('',*,*,#3256,.T.);
#4365=ORIENTED_EDGE('',*,*,#3279,.T.);
#4366=ORIENTED_EDGE('',*,*,#3280,.T.);
#4367=ORIENTED_EDGE('',*,*,#3269,.F.);
#4368=ORIENTED_EDGE('',*,*,#3236,.T.);
#4369=ORIENTED_EDGE('',*,*,#3281,.T.);
#4370=ORIENTED_EDGE('',*,*,#3282,.F.);
#4371=ORIENTED_EDGE('',*,*,#3279,.F.);
#4372=ORIENTED_EDGE('',*,*,#3283,.T.);
#4373=ORIENTED_EDGE('',*,*,#3201,.T.);
#4374=ORIENTED_EDGE('',*,*,#3284,.T.);
#4375=ORIENTED_EDGE('',*,*,#3275,.F.);
#4376=ORIENTED_EDGE('',*,*,#3270,.F.);
#4377=ORIENTED_EDGE('',*,*,#3280,.F.);
#4378=ORIENTED_EDGE('',*,*,#3202,.T.);
#4379=ORIENTED_EDGE('',*,*,#3283,.F.);
#4380=ORIENTED_EDGE('',*,*,#3255,.F.);
#4381=ORIENTED_EDGE('',*,*,#3239,.T.);
#4382=ORIENTED_EDGE('',*,*,#3285,.T.);
#4383=ORIENTED_EDGE('',*,*,#3286,.T.);
#4384=ORIENTED_EDGE('',*,*,#3226,.T.);
#4385=ORIENTED_EDGE('',*,*,#3219,.F.);
#4386=ORIENTED_EDGE('',*,*,#3241,.F.);
#4387=ORIENTED_EDGE('',*,*,#3284,.F.);
#4388=ORIENTED_EDGE('',*,*,#3282,.T.);
#4389=ORIENTED_EDGE('',*,*,#3286,.F.);
#4390=ORIENTED_EDGE('',*,*,#3287,.F.);
#4391=ORIENTED_EDGE('',*,*,#3288,.T.);
#4392=ORIENTED_EDGE('',*,*,#3227,.T.);
#4393=ORIENTED_EDGE('',*,*,#3289,.T.);
#4394=ORIENTED_EDGE('',*,*,#3214,.T.);
#4395=ORIENTED_EDGE('',*,*,#3290,.F.);
#4396=ORIENTED_EDGE('',*,*,#3291,.F.);
#4397=ORIENTED_EDGE('',*,*,#3292,.T.);
#4398=ORIENTED_EDGE('',*,*,#3293,.T.);
#4399=ORIENTED_EDGE('',*,*,#3294,.F.);
#4400=ORIENTED_EDGE('',*,*,#3295,.F.);
#4401=ORIENTED_EDGE('',*,*,#3296,.T.);
#4402=ORIENTED_EDGE('',*,*,#3297,.F.);
#4403=ORIENTED_EDGE('',*,*,#3298,.F.);
#4404=ORIENTED_EDGE('',*,*,#3299,.F.);
#4405=ORIENTED_EDGE('',*,*,#3300,.T.);
#4406=ORIENTED_EDGE('',*,*,#3301,.T.);
#4407=ORIENTED_EDGE('',*,*,#3302,.T.);
#4408=ORIENTED_EDGE('',*,*,#3303,.T.);
#4409=ORIENTED_EDGE('',*,*,#3304,.T.);
#4410=ORIENTED_EDGE('',*,*,#3305,.T.);
#4411=ORIENTED_EDGE('',*,*,#3306,.T.);
#4412=ORIENTED_EDGE('',*,*,#3237,.T.);
#4413=ORIENTED_EDGE('',*,*,#3289,.F.);
#4414=ORIENTED_EDGE('',*,*,#3307,.F.);
#4415=ORIENTED_EDGE('',*,*,#3294,.T.);
#4416=ORIENTED_EDGE('',*,*,#3288,.F.);
#4417=ORIENTED_EDGE('',*,*,#3308,.T.);
#4418=ORIENTED_EDGE('',*,*,#3292,.F.);
#4419=ORIENTED_EDGE('',*,*,#3296,.F.);
#4420=ORIENTED_EDGE('',*,*,#3290,.T.);
#4421=ORIENTED_EDGE('',*,*,#3217,.T.);
#4422=ORIENTED_EDGE('',*,*,#3228,.T.);
#4423=ORIENTED_EDGE('',*,*,#3281,.F.);
#4424=ORIENTED_EDGE('',*,*,#3235,.F.);
#4425=ORIENTED_EDGE('',*,*,#3238,.F.);
#4426=ORIENTED_EDGE('',*,*,#3293,.F.);
#4427=ORIENTED_EDGE('',*,*,#3308,.F.);
#4428=ORIENTED_EDGE('',*,*,#3287,.T.);
#4429=ORIENTED_EDGE('',*,*,#3285,.F.);
#4430=ORIENTED_EDGE('',*,*,#3309,.T.);
#4431=ORIENTED_EDGE('',*,*,#3310,.T.);
#4432=ORIENTED_EDGE('',*,*,#3311,.T.);
#4433=ORIENTED_EDGE('',*,*,#3312,.T.);
#4434=ORIENTED_EDGE('',*,*,#3313,.T.);
#4435=ORIENTED_EDGE('',*,*,#3314,.T.);
#4436=ORIENTED_EDGE('',*,*,#3311,.F.);
#4437=ORIENTED_EDGE('',*,*,#3315,.T.);
#4438=ORIENTED_EDGE('',*,*,#3316,.T.);
#4439=ORIENTED_EDGE('',*,*,#3317,.T.);
#4440=ORIENTED_EDGE('',*,*,#3313,.F.);
#4441=ORIENTED_EDGE('',*,*,#3318,.T.);
#4442=ORIENTED_EDGE('',*,*,#3319,.T.);
#4443=ORIENTED_EDGE('',*,*,#3320,.T.);
#4444=ORIENTED_EDGE('',*,*,#3316,.F.);
#4445=ORIENTED_EDGE('',*,*,#3321,.T.);
#4446=ORIENTED_EDGE('',*,*,#3322,.T.);
#4447=ORIENTED_EDGE('',*,*,#3323,.T.);
#4448=ORIENTED_EDGE('',*,*,#3319,.F.);
#4449=ORIENTED_EDGE('',*,*,#3324,.T.);
#4450=ORIENTED_EDGE('',*,*,#3325,.T.);
#4451=ORIENTED_EDGE('',*,*,#3326,.T.);
#4452=ORIENTED_EDGE('',*,*,#3322,.F.);
#4453=ORIENTED_EDGE('',*,*,#3327,.T.);
#4454=ORIENTED_EDGE('',*,*,#3328,.T.);
#4455=ORIENTED_EDGE('',*,*,#3329,.T.);
#4456=ORIENTED_EDGE('',*,*,#3325,.F.);
#4457=ORIENTED_EDGE('',*,*,#3330,.T.);
#4458=ORIENTED_EDGE('',*,*,#3309,.F.);
#4459=ORIENTED_EDGE('',*,*,#3331,.T.);
#4460=ORIENTED_EDGE('',*,*,#3328,.F.);
#4461=ORIENTED_EDGE('',*,*,#3332,.T.);
#4462=ORIENTED_EDGE('',*,*,#3326,.F.);
#4463=ORIENTED_EDGE('',*,*,#3333,.F.);
#4464=ORIENTED_EDGE('',*,*,#3334,.F.);
#4465=ORIENTED_EDGE('',*,*,#3335,.F.);
#4466=ORIENTED_EDGE('',*,*,#3329,.F.);
#4467=ORIENTED_EDGE('',*,*,#3336,.T.);
#4468=ORIENTED_EDGE('',*,*,#3337,.T.);
#4469=ORIENTED_EDGE('',*,*,#3333,.T.);
#4470=ORIENTED_EDGE('',*,*,#3331,.F.);
#4471=ORIENTED_EDGE('',*,*,#3338,.F.);
#4472=ORIENTED_EDGE('',*,*,#3339,.F.);
#4473=ORIENTED_EDGE('',*,*,#3336,.F.);
#4474=ORIENTED_EDGE('',*,*,#3312,.F.);
#4475=ORIENTED_EDGE('',*,*,#3340,.T.);
#4476=ORIENTED_EDGE('',*,*,#3341,.T.);
#4477=ORIENTED_EDGE('',*,*,#3338,.T.);
#4478=ORIENTED_EDGE('',*,*,#3310,.F.);
#4479=ORIENTED_EDGE('',*,*,#3332,.F.);
#4480=ORIENTED_EDGE('',*,*,#3330,.F.);
#4481=ORIENTED_EDGE('',*,*,#3327,.F.);
#4482=ORIENTED_EDGE('',*,*,#3324,.F.);
#4483=ORIENTED_EDGE('',*,*,#3321,.F.);
#4484=ORIENTED_EDGE('',*,*,#3318,.F.);
#4485=ORIENTED_EDGE('',*,*,#3315,.F.);
#4486=ORIENTED_EDGE('',*,*,#3342,.T.);
#4487=ORIENTED_EDGE('',*,*,#3317,.F.);
#4488=ORIENTED_EDGE('',*,*,#3343,.T.);
#4489=ORIENTED_EDGE('',*,*,#3344,.T.);
#4490=ORIENTED_EDGE('',*,*,#3345,.T.);
#4491=ORIENTED_EDGE('',*,*,#3314,.F.);
#4492=ORIENTED_EDGE('',*,*,#3345,.F.);
#4493=ORIENTED_EDGE('',*,*,#3346,.F.);
#4494=ORIENTED_EDGE('',*,*,#3340,.F.);
#4495=ORIENTED_EDGE('',*,*,#3323,.F.);
#4496=ORIENTED_EDGE('',*,*,#3335,.T.);
#4497=ORIENTED_EDGE('',*,*,#3347,.T.);
#4498=ORIENTED_EDGE('',*,*,#3348,.T.);
#4499=ORIENTED_EDGE('',*,*,#3349,.T.);
#4500=ORIENTED_EDGE('',*,*,#3350,.T.);
#4501=ORIENTED_EDGE('',*,*,#3351,.T.);
#4502=ORIENTED_EDGE('',*,*,#3352,.T.);
#4503=ORIENTED_EDGE('',*,*,#3350,.F.);
#4504=ORIENTED_EDGE('',*,*,#3352,.F.);
#4505=ORIENTED_EDGE('',*,*,#3353,.T.);
#4506=ORIENTED_EDGE('',*,*,#3342,.F.);
#4507=ORIENTED_EDGE('',*,*,#3353,.F.);
#4508=ORIENTED_EDGE('',*,*,#3351,.F.);
#4509=ORIENTED_EDGE('',*,*,#3349,.F.);
#4510=ORIENTED_EDGE('',*,*,#3354,.F.);
#4511=ORIENTED_EDGE('',*,*,#3355,.T.);
#4512=ORIENTED_EDGE('',*,*,#3356,.T.);
#4513=ORIENTED_EDGE('',*,*,#3355,.F.);
#4514=ORIENTED_EDGE('',*,*,#3356,.F.);
#4515=ORIENTED_EDGE('',*,*,#3357,.F.);
#4516=ORIENTED_EDGE('',*,*,#3358,.T.);
#4517=ORIENTED_EDGE('',*,*,#3359,.T.);
#4518=ORIENTED_EDGE('',*,*,#3358,.F.);
#4519=ORIENTED_EDGE('',*,*,#3359,.F.);
#4520=ORIENTED_EDGE('',*,*,#3360,.F.);
#4521=ORIENTED_EDGE('',*,*,#3361,.F.);
#4522=ORIENTED_EDGE('',*,*,#3362,.T.);
#4523=ORIENTED_EDGE('',*,*,#3363,.F.);
#4524=ORIENTED_EDGE('',*,*,#3364,.F.);
#4525=ORIENTED_EDGE('',*,*,#3365,.F.);
#4526=ORIENTED_EDGE('',*,*,#3366,.T.);
#4527=ORIENTED_EDGE('',*,*,#3367,.F.);
#4528=ORIENTED_EDGE('',*,*,#3357,.T.);
#4529=ORIENTED_EDGE('',*,*,#3368,.F.);
#4530=ORIENTED_EDGE('',*,*,#3362,.F.);
#4531=ORIENTED_EDGE('',*,*,#3369,.F.);
#4532=ORIENTED_EDGE('',*,*,#3366,.F.);
#4533=ORIENTED_EDGE('',*,*,#3370,.F.);
#4534=ORIENTED_EDGE('',*,*,#3371,.F.);
#4535=ORIENTED_EDGE('',*,*,#3372,.T.);
#4536=ORIENTED_EDGE('',*,*,#3373,.F.);
#4537=ORIENTED_EDGE('',*,*,#3354,.T.);
#4538=ORIENTED_EDGE('',*,*,#3374,.F.);
#4539=ORIENTED_EDGE('',*,*,#3375,.F.);
#4540=ORIENTED_EDGE('',*,*,#3376,.T.);
#4541=ORIENTED_EDGE('',*,*,#3377,.F.);
#4542=ORIENTED_EDGE('',*,*,#3378,.F.);
#4543=ORIENTED_EDGE('',*,*,#3372,.F.);
#4544=ORIENTED_EDGE('',*,*,#3379,.F.);
#4545=ORIENTED_EDGE('',*,*,#3376,.F.);
#4546=ORIENTED_EDGE('',*,*,#3367,.T.);
#4547=ORIENTED_EDGE('',*,*,#3369,.T.);
#4548=ORIENTED_EDGE('',*,*,#3361,.T.);
#4549=ORIENTED_EDGE('',*,*,#3380,.F.);
#4550=ORIENTED_EDGE('',*,*,#3381,.F.);
#4551=ORIENTED_EDGE('',*,*,#3382,.F.);
#4552=ORIENTED_EDGE('',*,*,#3383,.T.);
#4553=ORIENTED_EDGE('',*,*,#3384,.F.);
#4554=ORIENTED_EDGE('',*,*,#3360,.T.);
#4555=ORIENTED_EDGE('',*,*,#3385,.T.);
#4556=ORIENTED_EDGE('',*,*,#3386,.T.);
#4557=ORIENTED_EDGE('',*,*,#3387,.T.);
#4558=ORIENTED_EDGE('',*,*,#3374,.T.);
#4559=ORIENTED_EDGE('',*,*,#3388,.T.);
#4560=ORIENTED_EDGE('',*,*,#3389,.T.);
#4561=ORIENTED_EDGE('',*,*,#3380,.T.);
#4562=ORIENTED_EDGE('',*,*,#3364,.T.);
#4563=ORIENTED_EDGE('',*,*,#3384,.T.);
#4564=ORIENTED_EDGE('',*,*,#3390,.T.);
#4565=ORIENTED_EDGE('',*,*,#3391,.T.);
#4566=ORIENTED_EDGE('',*,*,#3370,.T.);
#4567=ORIENTED_EDGE('',*,*,#3392,.T.);
#4568=ORIENTED_EDGE('',*,*,#3393,.T.);
#4569=ORIENTED_EDGE('',*,*,#3394,.T.);
#4570=ORIENTED_EDGE('',*,*,#3377,.T.);
#4571=ORIENTED_EDGE('',*,*,#3379,.T.);
#4572=ORIENTED_EDGE('',*,*,#3371,.T.);
#4573=ORIENTED_EDGE('',*,*,#3391,.F.);
#4574=ORIENTED_EDGE('',*,*,#3395,.F.);
#4575=ORIENTED_EDGE('',*,*,#3396,.F.);
#4576=ORIENTED_EDGE('',*,*,#3397,.T.);
#4577=ORIENTED_EDGE('',*,*,#3388,.F.);
#4578=ORIENTED_EDGE('',*,*,#3398,.F.);
#4579=ORIENTED_EDGE('',*,*,#3395,.T.);
#4580=ORIENTED_EDGE('',*,*,#3390,.F.);
#4581=ORIENTED_EDGE('',*,*,#3383,.F.);
#4582=ORIENTED_EDGE('',*,*,#3399,.F.);
#4583=ORIENTED_EDGE('',*,*,#3381,.T.);
#4584=ORIENTED_EDGE('',*,*,#3389,.F.);
#4585=ORIENTED_EDGE('',*,*,#3397,.F.);
#4586=ORIENTED_EDGE('',*,*,#3400,.T.);
#4587=ORIENTED_EDGE('',*,*,#3401,.T.);
#4588=ORIENTED_EDGE('',*,*,#3402,.T.);
#4589=ORIENTED_EDGE('',*,*,#3403,.T.);
#4590=ORIENTED_EDGE('',*,*,#3404,.T.);
#4591=ORIENTED_EDGE('',*,*,#3405,.T.);
#4592=ORIENTED_EDGE('',*,*,#3400,.F.);
#4593=ORIENTED_EDGE('',*,*,#3406,.T.);
#4594=ORIENTED_EDGE('',*,*,#3407,.T.);
#4595=ORIENTED_EDGE('',*,*,#3408,.T.);
#4596=ORIENTED_EDGE('',*,*,#3404,.F.);
#4597=ORIENTED_EDGE('',*,*,#3409,.T.);
#4598=ORIENTED_EDGE('',*,*,#3410,.T.);
#4599=ORIENTED_EDGE('',*,*,#3411,.T.);
#4600=ORIENTED_EDGE('',*,*,#3407,.F.);
#4601=ORIENTED_EDGE('',*,*,#3412,.T.);
#4602=ORIENTED_EDGE('',*,*,#3413,.T.);
#4603=ORIENTED_EDGE('',*,*,#3414,.T.);
#4604=ORIENTED_EDGE('',*,*,#3410,.F.);
#4605=ORIENTED_EDGE('',*,*,#3415,.T.);
#4606=ORIENTED_EDGE('',*,*,#3415,.F.);
#4607=ORIENTED_EDGE('',*,*,#3416,.F.);
#4608=ORIENTED_EDGE('',*,*,#3300,.F.);
#4609=ORIENTED_EDGE('',*,*,#3417,.F.);
#4610=ORIENTED_EDGE('',*,*,#3412,.F.);
#4611=ORIENTED_EDGE('',*,*,#3418,.F.);
#4612=ORIENTED_EDGE('',*,*,#3301,.F.);
#4613=ORIENTED_EDGE('',*,*,#3416,.T.);
#4614=ORIENTED_EDGE('',*,*,#3409,.F.);
#4615=ORIENTED_EDGE('',*,*,#3419,.F.);
#4616=ORIENTED_EDGE('',*,*,#3302,.F.);
#4617=ORIENTED_EDGE('',*,*,#3418,.T.);
#4618=ORIENTED_EDGE('',*,*,#3406,.F.);
#4619=ORIENTED_EDGE('',*,*,#3420,.F.);
#4620=ORIENTED_EDGE('',*,*,#3303,.F.);
#4621=ORIENTED_EDGE('',*,*,#3419,.T.);
#4622=ORIENTED_EDGE('',*,*,#3403,.F.);
#4623=ORIENTED_EDGE('',*,*,#3421,.F.);
#4624=ORIENTED_EDGE('',*,*,#3304,.F.);
#4625=ORIENTED_EDGE('',*,*,#3420,.T.);
#4626=ORIENTED_EDGE('',*,*,#3414,.F.);
#4627=ORIENTED_EDGE('',*,*,#3422,.F.);
#4628=ORIENTED_EDGE('',*,*,#3401,.F.);
#4629=ORIENTED_EDGE('',*,*,#3405,.F.);
#4630=ORIENTED_EDGE('',*,*,#3408,.F.);
#4631=ORIENTED_EDGE('',*,*,#3411,.F.);
#4632=ORIENTED_EDGE('',*,*,#3423,.F.);
#4633=ORIENTED_EDGE('',*,*,#3424,.T.);
#4634=ORIENTED_EDGE('',*,*,#3425,.T.);
#4635=ORIENTED_EDGE('',*,*,#3424,.F.);
#4636=ORIENTED_EDGE('',*,*,#3425,.F.);
#4637=ORIENTED_EDGE('',*,*,#3426,.T.);
#4638=ORIENTED_EDGE('',*,*,#3427,.T.);
#4639=ORIENTED_EDGE('',*,*,#3428,.T.);
#4640=ORIENTED_EDGE('',*,*,#3429,.T.);
#4641=ORIENTED_EDGE('',*,*,#3427,.F.);
#4642=ORIENTED_EDGE('',*,*,#3429,.F.);
#4643=ORIENTED_EDGE('',*,*,#3430,.T.);
#4644=ORIENTED_EDGE('',*,*,#3305,.F.);
#4645=ORIENTED_EDGE('',*,*,#3421,.T.);
#4646=ORIENTED_EDGE('',*,*,#3402,.F.);
#4647=ORIENTED_EDGE('',*,*,#3422,.T.);
#4648=ORIENTED_EDGE('',*,*,#3413,.F.);
#4649=ORIENTED_EDGE('',*,*,#3417,.T.);
#4650=ORIENTED_EDGE('',*,*,#3306,.F.);
#4651=ORIENTED_EDGE('',*,*,#3430,.F.);
#4652=ORIENTED_EDGE('',*,*,#3428,.F.);
#4653=ORIENTED_EDGE('',*,*,#3426,.F.);
#4654=ORIENTED_EDGE('',*,*,#3423,.T.);
#4655=ORIENTED_EDGE('',*,*,#3431,.F.);
#4656=ORIENTED_EDGE('',*,*,#3432,.T.);
#4657=ORIENTED_EDGE('',*,*,#3433,.T.);
#4658=ORIENTED_EDGE('',*,*,#3434,.F.);
#4659=ORIENTED_EDGE('',*,*,#3435,.F.);
#4660=ORIENTED_EDGE('',*,*,#3436,.T.);
#4661=ORIENTED_EDGE('',*,*,#3437,.T.);
#4662=ORIENTED_EDGE('',*,*,#3432,.F.);
#4663=ORIENTED_EDGE('',*,*,#3438,.F.);
#4664=ORIENTED_EDGE('',*,*,#3439,.T.);
#4665=ORIENTED_EDGE('',*,*,#3440,.T.);
#4666=ORIENTED_EDGE('',*,*,#3436,.F.);
#4667=ORIENTED_EDGE('',*,*,#3441,.F.);
#4668=ORIENTED_EDGE('',*,*,#3434,.T.);
#4669=ORIENTED_EDGE('',*,*,#3442,.T.);
#4670=ORIENTED_EDGE('',*,*,#3439,.F.);
#4671=ORIENTED_EDGE('',*,*,#3442,.F.);
#4672=ORIENTED_EDGE('',*,*,#3433,.F.);
#4673=ORIENTED_EDGE('',*,*,#3437,.F.);
#4674=ORIENTED_EDGE('',*,*,#3440,.F.);
#4675=ORIENTED_EDGE('',*,*,#3443,.F.);
#4676=ORIENTED_EDGE('',*,*,#3444,.T.);
#4677=ORIENTED_EDGE('',*,*,#3445,.T.);
#4678=ORIENTED_EDGE('',*,*,#3446,.F.);
#4679=ORIENTED_EDGE('',*,*,#3447,.F.);
#4680=ORIENTED_EDGE('',*,*,#3448,.T.);
#4681=ORIENTED_EDGE('',*,*,#3449,.T.);
#4682=ORIENTED_EDGE('',*,*,#3444,.F.);
#4683=ORIENTED_EDGE('',*,*,#3450,.F.);
#4684=ORIENTED_EDGE('',*,*,#3451,.T.);
#4685=ORIENTED_EDGE('',*,*,#3452,.T.);
#4686=ORIENTED_EDGE('',*,*,#3448,.F.);
#4687=ORIENTED_EDGE('',*,*,#3453,.F.);
#4688=ORIENTED_EDGE('',*,*,#3446,.T.);
#4689=ORIENTED_EDGE('',*,*,#3454,.T.);
#4690=ORIENTED_EDGE('',*,*,#3451,.F.);
#4691=ORIENTED_EDGE('',*,*,#3454,.F.);
#4692=ORIENTED_EDGE('',*,*,#3445,.F.);
#4693=ORIENTED_EDGE('',*,*,#3449,.F.);
#4694=ORIENTED_EDGE('',*,*,#3452,.F.);
#4695=ORIENTED_EDGE('',*,*,#3455,.F.);
#4696=ORIENTED_EDGE('',*,*,#3456,.T.);
#4697=ORIENTED_EDGE('',*,*,#3457,.T.);
#4698=ORIENTED_EDGE('',*,*,#3458,.F.);
#4699=ORIENTED_EDGE('',*,*,#3459,.F.);
#4700=ORIENTED_EDGE('',*,*,#3460,.T.);
#4701=ORIENTED_EDGE('',*,*,#3461,.T.);
#4702=ORIENTED_EDGE('',*,*,#3456,.F.);
#4703=ORIENTED_EDGE('',*,*,#3462,.F.);
#4704=ORIENTED_EDGE('',*,*,#3463,.T.);
#4705=ORIENTED_EDGE('',*,*,#3464,.T.);
#4706=ORIENTED_EDGE('',*,*,#3460,.F.);
#4707=ORIENTED_EDGE('',*,*,#3465,.F.);
#4708=ORIENTED_EDGE('',*,*,#3458,.T.);
#4709=ORIENTED_EDGE('',*,*,#3466,.T.);
#4710=ORIENTED_EDGE('',*,*,#3463,.F.);
#4711=ORIENTED_EDGE('',*,*,#3466,.F.);
#4712=ORIENTED_EDGE('',*,*,#3457,.F.);
#4713=ORIENTED_EDGE('',*,*,#3461,.F.);
#4714=ORIENTED_EDGE('',*,*,#3464,.F.);
#4715=ORIENTED_EDGE('',*,*,#3467,.F.);
#4716=ORIENTED_EDGE('',*,*,#3468,.T.);
#4717=ORIENTED_EDGE('',*,*,#3469,.T.);
#4718=ORIENTED_EDGE('',*,*,#3470,.F.);
#4719=ORIENTED_EDGE('',*,*,#3471,.F.);
#4720=ORIENTED_EDGE('',*,*,#3472,.T.);
#4721=ORIENTED_EDGE('',*,*,#3473,.T.);
#4722=ORIENTED_EDGE('',*,*,#3468,.F.);
#4723=ORIENTED_EDGE('',*,*,#3474,.F.);
#4724=ORIENTED_EDGE('',*,*,#3475,.T.);
#4725=ORIENTED_EDGE('',*,*,#3476,.T.);
#4726=ORIENTED_EDGE('',*,*,#3472,.F.);
#4727=ORIENTED_EDGE('',*,*,#3477,.F.);
#4728=ORIENTED_EDGE('',*,*,#3470,.T.);
#4729=ORIENTED_EDGE('',*,*,#3478,.T.);
#4730=ORIENTED_EDGE('',*,*,#3475,.F.);
#4731=ORIENTED_EDGE('',*,*,#3478,.F.);
#4732=ORIENTED_EDGE('',*,*,#3469,.F.);
#4733=ORIENTED_EDGE('',*,*,#3473,.F.);
#4734=ORIENTED_EDGE('',*,*,#3476,.F.);
#4735=ORIENTED_EDGE('',*,*,#3479,.F.);
#4736=ORIENTED_EDGE('',*,*,#3480,.T.);
#4737=ORIENTED_EDGE('',*,*,#3481,.F.);
#4738=ORIENTED_EDGE('',*,*,#3482,.F.);
#4739=ORIENTED_EDGE('',*,*,#3483,.F.);
#4740=ORIENTED_EDGE('',*,*,#3482,.T.);
#4741=ORIENTED_EDGE('',*,*,#3484,.F.);
#4742=ORIENTED_EDGE('',*,*,#3485,.F.);
#4743=ORIENTED_EDGE('',*,*,#3486,.F.);
#4744=ORIENTED_EDGE('',*,*,#3485,.T.);
#4745=ORIENTED_EDGE('',*,*,#3487,.F.);
#4746=ORIENTED_EDGE('',*,*,#3488,.F.);
#4747=ORIENTED_EDGE('',*,*,#3489,.F.);
#4748=ORIENTED_EDGE('',*,*,#3488,.T.);
#4749=ORIENTED_EDGE('',*,*,#3490,.F.);
#4750=ORIENTED_EDGE('',*,*,#3480,.F.);
#4751=ORIENTED_EDGE('',*,*,#3490,.T.);
#4752=ORIENTED_EDGE('',*,*,#3487,.T.);
#4753=ORIENTED_EDGE('',*,*,#3484,.T.);
#4754=ORIENTED_EDGE('',*,*,#3481,.T.);
#4755=ORIENTED_EDGE('',*,*,#3491,.F.);
#4756=ORIENTED_EDGE('',*,*,#3492,.F.);
#4757=ORIENTED_EDGE('',*,*,#3493,.F.);
#4758=ORIENTED_EDGE('',*,*,#3494,.F.);
#4759=ORIENTED_EDGE('',*,*,#3495,.F.);
#4760=ORIENTED_EDGE('',*,*,#3496,.F.);
#4761=ORIENTED_EDGE('',*,*,#3497,.F.);
#4762=ORIENTED_EDGE('',*,*,#3498,.F.);
#4763=ORIENTED_EDGE('',*,*,#3499,.F.);
#4764=ORIENTED_EDGE('',*,*,#3500,.F.);
#4765=ORIENTED_EDGE('',*,*,#3501,.F.);
#4766=ORIENTED_EDGE('',*,*,#3502,.F.);
#4767=ORIENTED_EDGE('',*,*,#3503,.F.);
#4768=ORIENTED_EDGE('',*,*,#3504,.F.);
#4769=ORIENTED_EDGE('',*,*,#3505,.F.);
#4770=ORIENTED_EDGE('',*,*,#3506,.F.);
#4771=ORIENTED_EDGE('',*,*,#3507,.F.);
#4772=ORIENTED_EDGE('',*,*,#3508,.F.);
#4773=ORIENTED_EDGE('',*,*,#3509,.F.);
#4774=ORIENTED_EDGE('',*,*,#3510,.F.);
#4775=ORIENTED_EDGE('',*,*,#3511,.F.);
#4776=ORIENTED_EDGE('',*,*,#3512,.F.);
#4777=ORIENTED_EDGE('',*,*,#3513,.F.);
#4778=ORIENTED_EDGE('',*,*,#3514,.F.);
#4779=ORIENTED_EDGE('',*,*,#3515,.F.);
#4780=ORIENTED_EDGE('',*,*,#3516,.F.);
#4781=ORIENTED_EDGE('',*,*,#3517,.F.);
#4782=ORIENTED_EDGE('',*,*,#3518,.F.);
#4783=ORIENTED_EDGE('',*,*,#3519,.F.);
#4784=ORIENTED_EDGE('',*,*,#3520,.F.);
#4785=ORIENTED_EDGE('',*,*,#3521,.F.);
#4786=ORIENTED_EDGE('',*,*,#3522,.F.);
#4787=ORIENTED_EDGE('',*,*,#3523,.F.);
#4788=ORIENTED_EDGE('',*,*,#3524,.F.);
#4789=ORIENTED_EDGE('',*,*,#3525,.F.);
#4790=ORIENTED_EDGE('',*,*,#3526,.F.);
#4791=ORIENTED_EDGE('',*,*,#3527,.F.);
#4792=ORIENTED_EDGE('',*,*,#3528,.F.);
#4793=ORIENTED_EDGE('',*,*,#3529,.F.);
#4794=ORIENTED_EDGE('',*,*,#3530,.F.);
#4795=ORIENTED_EDGE('',*,*,#3517,.T.);
#4796=ORIENTED_EDGE('',*,*,#3531,.T.);
#4797=ORIENTED_EDGE('',*,*,#3532,.F.);
#4798=ORIENTED_EDGE('',*,*,#3533,.F.);
#4799=ORIENTED_EDGE('',*,*,#3516,.T.);
#4800=ORIENTED_EDGE('',*,*,#3534,.T.);
#4801=ORIENTED_EDGE('',*,*,#3535,.F.);
#4802=ORIENTED_EDGE('',*,*,#3531,.F.);
#4803=ORIENTED_EDGE('',*,*,#3515,.T.);
#4804=ORIENTED_EDGE('',*,*,#3536,.T.);
#4805=ORIENTED_EDGE('',*,*,#3537,.F.);
#4806=ORIENTED_EDGE('',*,*,#3534,.F.);
#4807=ORIENTED_EDGE('',*,*,#3514,.T.);
#4808=ORIENTED_EDGE('',*,*,#3538,.T.);
#4809=ORIENTED_EDGE('',*,*,#3539,.F.);
#4810=ORIENTED_EDGE('',*,*,#3536,.F.);
#4811=ORIENTED_EDGE('',*,*,#3513,.T.);
#4812=ORIENTED_EDGE('',*,*,#3540,.T.);
#4813=ORIENTED_EDGE('',*,*,#3541,.F.);
#4814=ORIENTED_EDGE('',*,*,#3538,.F.);
#4815=ORIENTED_EDGE('',*,*,#3512,.T.);
#4816=ORIENTED_EDGE('',*,*,#3542,.T.);
#4817=ORIENTED_EDGE('',*,*,#3543,.F.);
#4818=ORIENTED_EDGE('',*,*,#3540,.F.);
#4819=ORIENTED_EDGE('',*,*,#3511,.T.);
#4820=ORIENTED_EDGE('',*,*,#3544,.T.);
#4821=ORIENTED_EDGE('',*,*,#3545,.F.);
#4822=ORIENTED_EDGE('',*,*,#3542,.F.);
#4823=ORIENTED_EDGE('',*,*,#3510,.T.);
#4824=ORIENTED_EDGE('',*,*,#3546,.T.);
#4825=ORIENTED_EDGE('',*,*,#3547,.F.);
#4826=ORIENTED_EDGE('',*,*,#3544,.F.);
#4827=ORIENTED_EDGE('',*,*,#3509,.T.);
#4828=ORIENTED_EDGE('',*,*,#3548,.T.);
#4829=ORIENTED_EDGE('',*,*,#3549,.F.);
#4830=ORIENTED_EDGE('',*,*,#3546,.F.);
#4831=ORIENTED_EDGE('',*,*,#3508,.T.);
#4832=ORIENTED_EDGE('',*,*,#3550,.T.);
#4833=ORIENTED_EDGE('',*,*,#3551,.F.);
#4834=ORIENTED_EDGE('',*,*,#3548,.F.);
#4835=ORIENTED_EDGE('',*,*,#3507,.T.);
#4836=ORIENTED_EDGE('',*,*,#3552,.T.);
#4837=ORIENTED_EDGE('',*,*,#3553,.F.);
#4838=ORIENTED_EDGE('',*,*,#3550,.F.);
#4839=ORIENTED_EDGE('',*,*,#3506,.T.);
#4840=ORIENTED_EDGE('',*,*,#3554,.T.);
#4841=ORIENTED_EDGE('',*,*,#3555,.F.);
#4842=ORIENTED_EDGE('',*,*,#3552,.F.);
#4843=ORIENTED_EDGE('',*,*,#3505,.T.);
#4844=ORIENTED_EDGE('',*,*,#3556,.T.);
#4845=ORIENTED_EDGE('',*,*,#3557,.F.);
#4846=ORIENTED_EDGE('',*,*,#3554,.F.);
#4847=ORIENTED_EDGE('',*,*,#3504,.T.);
#4848=ORIENTED_EDGE('',*,*,#3558,.T.);
#4849=ORIENTED_EDGE('',*,*,#3559,.F.);
#4850=ORIENTED_EDGE('',*,*,#3556,.F.);
#4851=ORIENTED_EDGE('',*,*,#3503,.T.);
#4852=ORIENTED_EDGE('',*,*,#3560,.T.);
#4853=ORIENTED_EDGE('',*,*,#3561,.F.);
#4854=ORIENTED_EDGE('',*,*,#3558,.F.);
#4855=ORIENTED_EDGE('',*,*,#3497,.T.);
#4856=ORIENTED_EDGE('',*,*,#3562,.T.);
#4857=ORIENTED_EDGE('',*,*,#3563,.F.);
#4858=ORIENTED_EDGE('',*,*,#3564,.F.);
#4859=ORIENTED_EDGE('',*,*,#3496,.T.);
#4860=ORIENTED_EDGE('',*,*,#3565,.T.);
#4861=ORIENTED_EDGE('',*,*,#3566,.F.);
#4862=ORIENTED_EDGE('',*,*,#3562,.F.);
#4863=ORIENTED_EDGE('',*,*,#3495,.T.);
#4864=ORIENTED_EDGE('',*,*,#3567,.T.);
#4865=ORIENTED_EDGE('',*,*,#3568,.F.);
#4866=ORIENTED_EDGE('',*,*,#3565,.F.);
#4867=ORIENTED_EDGE('',*,*,#3494,.T.);
#4868=ORIENTED_EDGE('',*,*,#3569,.T.);
#4869=ORIENTED_EDGE('',*,*,#3570,.F.);
#4870=ORIENTED_EDGE('',*,*,#3567,.F.);
#4871=ORIENTED_EDGE('',*,*,#3493,.T.);
#4872=ORIENTED_EDGE('',*,*,#3571,.T.);
#4873=ORIENTED_EDGE('',*,*,#3572,.F.);
#4874=ORIENTED_EDGE('',*,*,#3569,.F.);
#4875=ORIENTED_EDGE('',*,*,#3492,.T.);
#4876=ORIENTED_EDGE('',*,*,#3573,.T.);
#4877=ORIENTED_EDGE('',*,*,#3574,.F.);
#4878=ORIENTED_EDGE('',*,*,#3571,.F.);
#4879=ORIENTED_EDGE('',*,*,#3518,.T.);
#4880=ORIENTED_EDGE('',*,*,#3533,.T.);
#4881=ORIENTED_EDGE('',*,*,#3575,.F.);
#4882=ORIENTED_EDGE('',*,*,#3576,.F.);
#4883=ORIENTED_EDGE('',*,*,#3519,.T.);
#4884=ORIENTED_EDGE('',*,*,#3576,.T.);
#4885=ORIENTED_EDGE('',*,*,#3577,.F.);
#4886=ORIENTED_EDGE('',*,*,#3578,.F.);
#4887=ORIENTED_EDGE('',*,*,#3520,.T.);
#4888=ORIENTED_EDGE('',*,*,#3578,.T.);
#4889=ORIENTED_EDGE('',*,*,#3579,.F.);
#4890=ORIENTED_EDGE('',*,*,#3580,.F.);
#4891=ORIENTED_EDGE('',*,*,#3521,.T.);
#4892=ORIENTED_EDGE('',*,*,#3580,.T.);
#4893=ORIENTED_EDGE('',*,*,#3581,.F.);
#4894=ORIENTED_EDGE('',*,*,#3582,.F.);
#4895=ORIENTED_EDGE('',*,*,#3522,.T.);
#4896=ORIENTED_EDGE('',*,*,#3582,.T.);
#4897=ORIENTED_EDGE('',*,*,#3583,.F.);
#4898=ORIENTED_EDGE('',*,*,#3584,.F.);
#4899=ORIENTED_EDGE('',*,*,#3523,.T.);
#4900=ORIENTED_EDGE('',*,*,#3584,.T.);
#4901=ORIENTED_EDGE('',*,*,#3585,.F.);
#4902=ORIENTED_EDGE('',*,*,#3586,.F.);
#4903=ORIENTED_EDGE('',*,*,#3524,.T.);
#4904=ORIENTED_EDGE('',*,*,#3586,.T.);
#4905=ORIENTED_EDGE('',*,*,#3587,.F.);
#4906=ORIENTED_EDGE('',*,*,#3588,.F.);
#4907=ORIENTED_EDGE('',*,*,#3525,.T.);
#4908=ORIENTED_EDGE('',*,*,#3588,.T.);
#4909=ORIENTED_EDGE('',*,*,#3589,.F.);
#4910=ORIENTED_EDGE('',*,*,#3590,.F.);
#4911=ORIENTED_EDGE('',*,*,#3526,.T.);
#4912=ORIENTED_EDGE('',*,*,#3590,.T.);
#4913=ORIENTED_EDGE('',*,*,#3591,.F.);
#4914=ORIENTED_EDGE('',*,*,#3592,.F.);
#4915=ORIENTED_EDGE('',*,*,#3527,.T.);
#4916=ORIENTED_EDGE('',*,*,#3592,.T.);
#4917=ORIENTED_EDGE('',*,*,#3593,.F.);
#4918=ORIENTED_EDGE('',*,*,#3594,.F.);
#4919=ORIENTED_EDGE('',*,*,#3528,.T.);
#4920=ORIENTED_EDGE('',*,*,#3594,.T.);
#4921=ORIENTED_EDGE('',*,*,#3595,.F.);
#4922=ORIENTED_EDGE('',*,*,#3596,.F.);
#4923=ORIENTED_EDGE('',*,*,#3529,.T.);
#4924=ORIENTED_EDGE('',*,*,#3596,.T.);
#4925=ORIENTED_EDGE('',*,*,#3597,.F.);
#4926=ORIENTED_EDGE('',*,*,#3598,.F.);
#4927=ORIENTED_EDGE('',*,*,#3530,.T.);
#4928=ORIENTED_EDGE('',*,*,#3598,.T.);
#4929=ORIENTED_EDGE('',*,*,#3599,.F.);
#4930=ORIENTED_EDGE('',*,*,#3600,.F.);
#4931=ORIENTED_EDGE('',*,*,#3502,.T.);
#4932=ORIENTED_EDGE('',*,*,#3600,.T.);
#4933=ORIENTED_EDGE('',*,*,#3601,.F.);
#4934=ORIENTED_EDGE('',*,*,#3560,.F.);
#4935=ORIENTED_EDGE('',*,*,#3561,.T.);
#4936=ORIENTED_EDGE('',*,*,#3601,.T.);
#4937=ORIENTED_EDGE('',*,*,#3599,.T.);
#4938=ORIENTED_EDGE('',*,*,#3597,.T.);
#4939=ORIENTED_EDGE('',*,*,#3595,.T.);
#4940=ORIENTED_EDGE('',*,*,#3593,.T.);
#4941=ORIENTED_EDGE('',*,*,#3591,.T.);
#4942=ORIENTED_EDGE('',*,*,#3589,.T.);
#4943=ORIENTED_EDGE('',*,*,#3587,.T.);
#4944=ORIENTED_EDGE('',*,*,#3585,.T.);
#4945=ORIENTED_EDGE('',*,*,#3583,.T.);
#4946=ORIENTED_EDGE('',*,*,#3581,.T.);
#4947=ORIENTED_EDGE('',*,*,#3579,.T.);
#4948=ORIENTED_EDGE('',*,*,#3577,.T.);
#4949=ORIENTED_EDGE('',*,*,#3575,.T.);
#4950=ORIENTED_EDGE('',*,*,#3532,.T.);
#4951=ORIENTED_EDGE('',*,*,#3535,.T.);
#4952=ORIENTED_EDGE('',*,*,#3537,.T.);
#4953=ORIENTED_EDGE('',*,*,#3539,.T.);
#4954=ORIENTED_EDGE('',*,*,#3541,.T.);
#4955=ORIENTED_EDGE('',*,*,#3543,.T.);
#4956=ORIENTED_EDGE('',*,*,#3545,.T.);
#4957=ORIENTED_EDGE('',*,*,#3547,.T.);
#4958=ORIENTED_EDGE('',*,*,#3549,.T.);
#4959=ORIENTED_EDGE('',*,*,#3551,.T.);
#4960=ORIENTED_EDGE('',*,*,#3553,.T.);
#4961=ORIENTED_EDGE('',*,*,#3555,.T.);
#4962=ORIENTED_EDGE('',*,*,#3557,.T.);
#4963=ORIENTED_EDGE('',*,*,#3559,.T.);
#4964=ORIENTED_EDGE('',*,*,#3602,.F.);
#4965=ORIENTED_EDGE('',*,*,#3603,.T.);
#4966=ORIENTED_EDGE('',*,*,#3604,.F.);
#4967=ORIENTED_EDGE('',*,*,#3605,.F.);
#4968=ORIENTED_EDGE('',*,*,#3606,.F.);
#4969=ORIENTED_EDGE('',*,*,#3605,.T.);
#4970=ORIENTED_EDGE('',*,*,#3607,.F.);
#4971=ORIENTED_EDGE('',*,*,#3608,.F.);
#4972=ORIENTED_EDGE('',*,*,#3609,.F.);
#4973=ORIENTED_EDGE('',*,*,#3608,.T.);
#4974=ORIENTED_EDGE('',*,*,#3610,.F.);
#4975=ORIENTED_EDGE('',*,*,#3611,.F.);
#4976=ORIENTED_EDGE('',*,*,#3612,.F.);
#4977=ORIENTED_EDGE('',*,*,#3611,.T.);
#4978=ORIENTED_EDGE('',*,*,#3613,.F.);
#4979=ORIENTED_EDGE('',*,*,#3614,.F.);
#4980=ORIENTED_EDGE('',*,*,#3615,.F.);
#4981=ORIENTED_EDGE('',*,*,#3614,.T.);
#4982=ORIENTED_EDGE('',*,*,#3616,.F.);
#4983=ORIENTED_EDGE('',*,*,#3617,.F.);
#4984=ORIENTED_EDGE('',*,*,#3618,.F.);
#4985=ORIENTED_EDGE('',*,*,#3617,.T.);
#4986=ORIENTED_EDGE('',*,*,#3619,.F.);
#4987=ORIENTED_EDGE('',*,*,#3620,.F.);
#4988=ORIENTED_EDGE('',*,*,#3621,.F.);
#4989=ORIENTED_EDGE('',*,*,#3620,.T.);
#4990=ORIENTED_EDGE('',*,*,#3622,.F.);
#4991=ORIENTED_EDGE('',*,*,#3623,.F.);
#4992=ORIENTED_EDGE('',*,*,#3624,.F.);
#4993=ORIENTED_EDGE('',*,*,#3623,.T.);
#4994=ORIENTED_EDGE('',*,*,#3625,.F.);
#4995=ORIENTED_EDGE('',*,*,#3603,.F.);
#4996=ORIENTED_EDGE('',*,*,#3498,.T.);
#4997=ORIENTED_EDGE('',*,*,#3564,.T.);
#4998=ORIENTED_EDGE('',*,*,#3626,.F.);
#4999=ORIENTED_EDGE('',*,*,#3627,.F.);
#5000=ORIENTED_EDGE('',*,*,#3499,.T.);
#5001=ORIENTED_EDGE('',*,*,#3627,.T.);
#5002=ORIENTED_EDGE('',*,*,#3628,.F.);
#5003=ORIENTED_EDGE('',*,*,#3629,.F.);
#5004=ORIENTED_EDGE('',*,*,#3500,.T.);
#5005=ORIENTED_EDGE('',*,*,#3629,.T.);
#5006=ORIENTED_EDGE('',*,*,#3630,.F.);
#5007=ORIENTED_EDGE('',*,*,#3631,.F.);
#5008=ORIENTED_EDGE('',*,*,#3501,.T.);
#5009=ORIENTED_EDGE('',*,*,#3631,.T.);
#5010=ORIENTED_EDGE('',*,*,#3632,.F.);
#5011=ORIENTED_EDGE('',*,*,#3633,.F.);
#5012=ORIENTED_EDGE('',*,*,#3491,.T.);
#5013=ORIENTED_EDGE('',*,*,#3633,.T.);
#5014=ORIENTED_EDGE('',*,*,#3634,.F.);
#5015=ORIENTED_EDGE('',*,*,#3573,.F.);
#5016=ORIENTED_EDGE('',*,*,#3574,.T.);
#5017=ORIENTED_EDGE('',*,*,#3634,.T.);
#5018=ORIENTED_EDGE('',*,*,#3632,.T.);
#5019=ORIENTED_EDGE('',*,*,#3630,.T.);
#5020=ORIENTED_EDGE('',*,*,#3628,.T.);
#5021=ORIENTED_EDGE('',*,*,#3626,.T.);
#5022=ORIENTED_EDGE('',*,*,#3563,.T.);
#5023=ORIENTED_EDGE('',*,*,#3566,.T.);
#5024=ORIENTED_EDGE('',*,*,#3568,.T.);
#5025=ORIENTED_EDGE('',*,*,#3570,.T.);
#5026=ORIENTED_EDGE('',*,*,#3572,.T.);
#5027=ORIENTED_EDGE('',*,*,#3625,.T.);
#5028=ORIENTED_EDGE('',*,*,#3622,.T.);
#5029=ORIENTED_EDGE('',*,*,#3619,.T.);
#5030=ORIENTED_EDGE('',*,*,#3616,.T.);
#5031=ORIENTED_EDGE('',*,*,#3613,.T.);
#5032=ORIENTED_EDGE('',*,*,#3610,.T.);
#5033=ORIENTED_EDGE('',*,*,#3607,.T.);
#5034=ORIENTED_EDGE('',*,*,#3604,.T.);
#5035=ORIENTED_EDGE('',*,*,#3635,.F.);
#5036=ORIENTED_EDGE('',*,*,#3636,.F.);
#5037=ORIENTED_EDGE('',*,*,#3637,.F.);
#5038=ORIENTED_EDGE('',*,*,#3638,.F.);
#5039=ORIENTED_EDGE('',*,*,#3431,.T.);
#5040=ORIENTED_EDGE('',*,*,#3441,.T.);
#5041=ORIENTED_EDGE('',*,*,#3438,.T.);
#5042=ORIENTED_EDGE('',*,*,#3435,.T.);
#5043=ORIENTED_EDGE('',*,*,#3443,.T.);
#5044=ORIENTED_EDGE('',*,*,#3453,.T.);
#5045=ORIENTED_EDGE('',*,*,#3450,.T.);
#5046=ORIENTED_EDGE('',*,*,#3447,.T.);
#5047=ORIENTED_EDGE('',*,*,#3455,.T.);
#5048=ORIENTED_EDGE('',*,*,#3465,.T.);
#5049=ORIENTED_EDGE('',*,*,#3462,.T.);
#5050=ORIENTED_EDGE('',*,*,#3459,.T.);
#5051=ORIENTED_EDGE('',*,*,#3467,.T.);
#5052=ORIENTED_EDGE('',*,*,#3477,.T.);
#5053=ORIENTED_EDGE('',*,*,#3474,.T.);
#5054=ORIENTED_EDGE('',*,*,#3471,.T.);
#5055=ORIENTED_EDGE('',*,*,#3479,.T.);
#5056=ORIENTED_EDGE('',*,*,#3483,.T.);
#5057=ORIENTED_EDGE('',*,*,#3486,.T.);
#5058=ORIENTED_EDGE('',*,*,#3489,.T.);
#5059=ORIENTED_EDGE('',*,*,#3365,.T.);
#5060=ORIENTED_EDGE('',*,*,#3394,.F.);
#5061=ORIENTED_EDGE('',*,*,#3639,.T.);
#5062=ORIENTED_EDGE('',*,*,#3636,.T.);
#5063=ORIENTED_EDGE('',*,*,#3640,.T.);
#5064=ORIENTED_EDGE('',*,*,#3385,.F.);
#5065=ORIENTED_EDGE('',*,*,#3363,.T.);
#5066=ORIENTED_EDGE('',*,*,#3368,.T.);
#5067=ORIENTED_EDGE('',*,*,#3641,.T.);
#5068=ORIENTED_EDGE('',*,*,#3637,.T.);
#5069=ORIENTED_EDGE('',*,*,#3639,.F.);
#5070=ORIENTED_EDGE('',*,*,#3393,.F.);
#5071=ORIENTED_EDGE('',*,*,#3375,.T.);
#5072=ORIENTED_EDGE('',*,*,#3387,.F.);
#5073=ORIENTED_EDGE('',*,*,#3642,.T.);
#5074=ORIENTED_EDGE('',*,*,#3638,.T.);
#5075=ORIENTED_EDGE('',*,*,#3641,.F.);
#5076=ORIENTED_EDGE('',*,*,#3392,.F.);
#5077=ORIENTED_EDGE('',*,*,#3373,.T.);
#5078=ORIENTED_EDGE('',*,*,#3378,.T.);
#5079=ORIENTED_EDGE('',*,*,#3640,.F.);
#5080=ORIENTED_EDGE('',*,*,#3635,.T.);
#5081=ORIENTED_EDGE('',*,*,#3642,.F.);
#5082=ORIENTED_EDGE('',*,*,#3386,.F.);
#5083=ORIENTED_EDGE('',*,*,#3602,.T.);
#5084=ORIENTED_EDGE('',*,*,#3606,.T.);
#5085=ORIENTED_EDGE('',*,*,#3609,.T.);
#5086=ORIENTED_EDGE('',*,*,#3612,.T.);
#5087=ORIENTED_EDGE('',*,*,#3615,.T.);
#5088=ORIENTED_EDGE('',*,*,#3618,.T.);
#5089=ORIENTED_EDGE('',*,*,#3621,.T.);
#5090=ORIENTED_EDGE('',*,*,#3624,.T.);
#5091=ORIENTED_EDGE('',*,*,#3643,.T.);
#5092=ORIENTED_EDGE('',*,*,#3644,.T.);
#5093=ORIENTED_EDGE('',*,*,#3645,.T.);
#5094=ORIENTED_EDGE('',*,*,#3646,.T.);
#5095=ORIENTED_EDGE('',*,*,#3647,.T.);
#5096=ORIENTED_EDGE('',*,*,#3648,.T.);
#5097=ORIENTED_EDGE('',*,*,#3649,.T.);
#5098=ORIENTED_EDGE('',*,*,#3646,.F.);
#5099=ORIENTED_EDGE('',*,*,#3650,.T.);
#5100=ORIENTED_EDGE('',*,*,#3643,.F.);
#5101=ORIENTED_EDGE('',*,*,#3651,.T.);
#5102=ORIENTED_EDGE('',*,*,#3652,.F.);
#5103=ORIENTED_EDGE('',*,*,#3653,.F.);
#5104=ORIENTED_EDGE('',*,*,#3654,.F.);
#5105=ORIENTED_EDGE('',*,*,#3655,.T.);
#5106=ORIENTED_EDGE('',*,*,#3656,.F.);
#5107=ORIENTED_EDGE('',*,*,#3657,.T.);
#5108=ORIENTED_EDGE('',*,*,#3658,.F.);
#5109=ORIENTED_EDGE('',*,*,#3659,.T.);
#5110=ORIENTED_EDGE('',*,*,#3660,.T.);
#5111=ORIENTED_EDGE('',*,*,#3661,.T.);
#5112=ORIENTED_EDGE('',*,*,#3662,.T.);
#5113=ORIENTED_EDGE('',*,*,#3663,.T.);
#5114=ORIENTED_EDGE('',*,*,#3664,.T.);
#5115=ORIENTED_EDGE('',*,*,#3649,.F.);
#5116=ORIENTED_EDGE('',*,*,#3665,.T.);
#5117=ORIENTED_EDGE('',*,*,#3666,.T.);
#5118=ORIENTED_EDGE('',*,*,#3663,.F.);
#5119=ORIENTED_EDGE('',*,*,#3667,.T.);
#5120=ORIENTED_EDGE('',*,*,#3668,.F.);
#5121=ORIENTED_EDGE('',*,*,#3669,.F.);
#5122=ORIENTED_EDGE('',*,*,#3651,.F.);
#5123=ORIENTED_EDGE('',*,*,#3670,.T.);
#5124=ORIENTED_EDGE('',*,*,#3671,.T.);
#5125=ORIENTED_EDGE('',*,*,#3658,.T.);
#5126=ORIENTED_EDGE('',*,*,#3672,.T.);
#5127=ORIENTED_EDGE('',*,*,#3673,.T.);
#5128=ORIENTED_EDGE('',*,*,#3674,.T.);
#5129=ORIENTED_EDGE('',*,*,#3675,.T.);
#5130=ORIENTED_EDGE('',*,*,#3672,.F.);
#5131=ORIENTED_EDGE('',*,*,#3670,.F.);
#5132=ORIENTED_EDGE('',*,*,#3675,.F.);
#5133=ORIENTED_EDGE('',*,*,#3676,.T.);
#5134=ORIENTED_EDGE('',*,*,#3677,.F.);
#5135=ORIENTED_EDGE('',*,*,#3645,.F.);
#5136=ORIENTED_EDGE('',*,*,#3678,.T.);
#5137=ORIENTED_EDGE('',*,*,#3679,.T.);
#5138=ORIENTED_EDGE('',*,*,#3647,.F.);
#5139=ORIENTED_EDGE('',*,*,#3650,.F.);
#5140=ORIENTED_EDGE('',*,*,#3680,.T.);
#5141=ORIENTED_EDGE('',*,*,#3681,.T.);
#5142=ORIENTED_EDGE('',*,*,#3678,.F.);
#5143=ORIENTED_EDGE('',*,*,#3644,.F.);
#5144=ORIENTED_EDGE('',*,*,#3664,.F.);
#5145=ORIENTED_EDGE('',*,*,#3666,.F.);
#5146=ORIENTED_EDGE('',*,*,#3682,.T.);
#5147=ORIENTED_EDGE('',*,*,#3680,.F.);
#5148=ORIENTED_EDGE('',*,*,#3665,.F.);
#5149=ORIENTED_EDGE('',*,*,#3648,.F.);
#5150=ORIENTED_EDGE('',*,*,#3679,.F.);
#5151=ORIENTED_EDGE('',*,*,#3681,.F.);
#5152=ORIENTED_EDGE('',*,*,#3682,.F.);
#5153=ORIENTED_EDGE('',*,*,#3659,.F.);
#5154=ORIENTED_EDGE('',*,*,#3671,.F.);
#5155=ORIENTED_EDGE('',*,*,#3677,.T.);
#5156=ORIENTED_EDGE('',*,*,#3683,.T.);
#5157=ORIENTED_EDGE('',*,*,#3684,.F.);
#5158=ORIENTED_EDGE('',*,*,#3660,.F.);
#5159=ORIENTED_EDGE('',*,*,#3684,.T.);
#5160=ORIENTED_EDGE('',*,*,#3685,.T.);
#5161=ORIENTED_EDGE('',*,*,#3686,.F.);
#5162=ORIENTED_EDGE('',*,*,#3685,.F.);
#5163=ORIENTED_EDGE('',*,*,#3683,.F.);
#5164=ORIENTED_EDGE('',*,*,#3676,.F.);
#5165=ORIENTED_EDGE('',*,*,#3674,.F.);
#5166=ORIENTED_EDGE('',*,*,#3687,.F.);
#5167=ORIENTED_EDGE('',*,*,#3673,.F.);
#5168=ORIENTED_EDGE('',*,*,#3657,.F.);
#5169=ORIENTED_EDGE('',*,*,#3688,.F.);
#5170=ORIENTED_EDGE('',*,*,#3689,.T.);
#5171=ORIENTED_EDGE('',*,*,#3690,.T.);
#5172=ORIENTED_EDGE('',*,*,#3661,.F.);
#5173=ORIENTED_EDGE('',*,*,#3686,.T.);
#5174=ORIENTED_EDGE('',*,*,#3687,.T.);
#5175=ORIENTED_EDGE('',*,*,#3690,.F.);
#5176=ORIENTED_EDGE('',*,*,#3691,.F.);
#5177=ORIENTED_EDGE('',*,*,#3667,.F.);
#5178=ORIENTED_EDGE('',*,*,#3662,.F.);
#5179=ORIENTED_EDGE('',*,*,#3692,.F.);
#5180=ORIENTED_EDGE('',*,*,#3668,.T.);
#5181=ORIENTED_EDGE('',*,*,#3691,.T.);
#5182=ORIENTED_EDGE('',*,*,#3689,.F.);
#5183=ORIENTED_EDGE('',*,*,#3693,.T.);
#5184=ORIENTED_EDGE('',*,*,#3652,.T.);
#5185=ORIENTED_EDGE('',*,*,#3669,.T.);
#5186=ORIENTED_EDGE('',*,*,#3694,.T.);
#5187=ORIENTED_EDGE('',*,*,#3692,.T.);
#5188=ORIENTED_EDGE('',*,*,#3695,.T.);
#5189=ORIENTED_EDGE('',*,*,#3696,.T.);
#5190=ORIENTED_EDGE('',*,*,#3694,.F.);
#5191=ORIENTED_EDGE('',*,*,#3688,.T.);
#5192=ORIENTED_EDGE('',*,*,#3656,.T.);
#5193=ORIENTED_EDGE('',*,*,#3697,.T.);
#5194=ORIENTED_EDGE('',*,*,#3695,.F.);
#5195=ORIENTED_EDGE('',*,*,#3320,.F.);
#5196=ORIENTED_EDGE('',*,*,#3348,.F.);
#5197=ORIENTED_EDGE('',*,*,#3698,.F.);
#5198=ORIENTED_EDGE('',*,*,#3343,.F.);
#5199=ORIENTED_EDGE('',*,*,#3697,.F.);
#5200=ORIENTED_EDGE('',*,*,#3655,.F.);
#5201=ORIENTED_EDGE('',*,*,#3699,.F.);
#5202=ORIENTED_EDGE('',*,*,#3700,.T.);
#5203=ORIENTED_EDGE('',*,*,#3693,.F.);
#5204=ORIENTED_EDGE('',*,*,#3701,.F.);
#5205=ORIENTED_EDGE('',*,*,#3702,.F.);
#5206=ORIENTED_EDGE('',*,*,#3653,.T.);
#5207=ORIENTED_EDGE('',*,*,#3696,.F.);
#5208=ORIENTED_EDGE('',*,*,#3700,.F.);
#5209=ORIENTED_EDGE('',*,*,#3703,.F.);
#5210=ORIENTED_EDGE('',*,*,#3701,.T.);
#5211=ORIENTED_EDGE('',*,*,#3232,.F.);
#5212=ORIENTED_EDGE('',*,*,#3704,.F.);
#5213=ORIENTED_EDGE('',*,*,#3705,.F.);
#5214=ORIENTED_EDGE('',*,*,#3706,.F.);
#5215=ORIENTED_EDGE('',*,*,#3252,.T.);
#5216=ORIENTED_EDGE('',*,*,#3707,.T.);
#5217=ORIENTED_EDGE('',*,*,#3704,.T.);
#5218=ORIENTED_EDGE('',*,*,#3231,.T.);
#5219=ORIENTED_EDGE('',*,*,#3244,.F.);
#5220=ORIENTED_EDGE('',*,*,#3708,.F.);
#5221=ORIENTED_EDGE('',*,*,#3225,.F.);
#5222=ORIENTED_EDGE('',*,*,#3709,.F.);
#5223=ORIENTED_EDGE('',*,*,#3710,.F.);
#5224=ORIENTED_EDGE('',*,*,#3274,.F.);
#5225=ORIENTED_EDGE('',*,*,#3259,.F.);
#5226=ORIENTED_EDGE('',*,*,#3711,.F.);
#5227=ORIENTED_EDGE('',*,*,#3712,.F.);
#5228=ORIENTED_EDGE('',*,*,#3713,.F.);
#5229=ORIENTED_EDGE('',*,*,#3278,.F.);
#5230=ORIENTED_EDGE('',*,*,#3714,.F.);
#5231=ORIENTED_EDGE('',*,*,#3230,.F.);
#5232=ORIENTED_EDGE('',*,*,#3715,.F.);
#5233=ORIENTED_EDGE('',*,*,#3716,.F.);
#5234=ORIENTED_EDGE('',*,*,#3207,.F.);
#5235=ORIENTED_EDGE('',*,*,#3706,.T.);
#5236=ORIENTED_EDGE('',*,*,#3307,.T.);
#5237=ORIENTED_EDGE('',*,*,#3715,.T.);
#5238=ORIENTED_EDGE('',*,*,#3717,.F.);
#5239=ORIENTED_EDGE('',*,*,#3718,.F.);
#5240=ORIENTED_EDGE('',*,*,#3719,.F.);
#5241=ORIENTED_EDGE('',*,*,#3705,.T.);
#5242=ORIENTED_EDGE('',*,*,#3720,.T.);
#5243=ORIENTED_EDGE('',*,*,#3718,.T.);
#5244=ORIENTED_EDGE('',*,*,#3297,.T.);
#5245=ORIENTED_EDGE('',*,*,#3295,.T.);
#5246=ORIENTED_EDGE('',*,*,#3719,.T.);
#5247=ORIENTED_EDGE('',*,*,#3721,.T.);
#5248=ORIENTED_EDGE('',*,*,#3712,.T.);
#5249=ORIENTED_EDGE('',*,*,#3398,.T.);
#5250=ORIENTED_EDGE('',*,*,#3272,.F.);
#5251=ORIENTED_EDGE('',*,*,#3710,.T.);
#5252=ORIENTED_EDGE('',*,*,#3722,.T.);
#5253=ORIENTED_EDGE('',*,*,#3266,.T.);
#5254=ORIENTED_EDGE('',*,*,#3723,.F.);
#5255=ORIENTED_EDGE('',*,*,#3724,.F.);
#5256=ORIENTED_EDGE('',*,*,#3725,.F.);
#5257=ORIENTED_EDGE('',*,*,#3267,.T.);
#5258=ORIENTED_EDGE('',*,*,#3726,.T.);
#5259=ORIENTED_EDGE('',*,*,#3724,.T.);
#5260=ORIENTED_EDGE('',*,*,#3399,.T.);
#5261=ORIENTED_EDGE('',*,*,#3725,.T.);
#5262=ORIENTED_EDGE('',*,*,#3727,.T.);
#5263=ORIENTED_EDGE('',*,*,#3716,.T.);
#5264=ORIENTED_EDGE('',*,*,#3291,.T.);
#5265=ORIENTED_EDGE('',*,*,#3299,.T.);
#5266=ORIENTED_EDGE('',*,*,#3717,.T.);
#5267=ORIENTED_EDGE('',*,*,#3382,.T.);
#5268=ORIENTED_EDGE('',*,*,#3723,.T.);
#5269=ORIENTED_EDGE('',*,*,#3298,.T.);
#5270=ORIENTED_EDGE('',*,*,#3261,.F.);
#5271=ORIENTED_EDGE('',*,*,#3268,.T.);
#5272=ORIENTED_EDGE('',*,*,#3396,.T.);
#5273=ORIENTED_EDGE('',*,*,#3711,.T.);
#5274=ORIENTED_EDGE('',*,*,#3714,.T.);
#5275=ORIENTED_EDGE('',*,*,#3728,.T.);
#5276=ORIENTED_EDGE('',*,*,#3709,.T.);
#5277=ORIENTED_EDGE('',*,*,#3224,.T.);
#5278=ORIENTED_EDGE('',*,*,#3276,.F.);
#5279=ORIENTED_EDGE('',*,*,#3713,.T.);
#5280=ORIENTED_EDGE('',*,*,#3729,.T.);
#5281=ORIENTED_EDGE('',*,*,#3251,.T.);
#5282=ORIENTED_EDGE('',*,*,#3196,.F.);
#5283=ORIENTED_EDGE('',*,*,#3708,.T.);
#5284=ORIENTED_EDGE('',*,*,#3246,.F.);
#5285=ORIENTED_EDGE('',*,*,#3253,.T.);
#5286=ORIENTED_EDGE('',*,*,#3707,.F.);
#5287=ORIENTED_EDGE('',*,*,#3729,.F.);
#5288=ORIENTED_EDGE('',*,*,#3721,.F.);
#5289=ORIENTED_EDGE('',*,*,#3720,.F.);
#5290=ORIENTED_EDGE('',*,*,#3339,.T.);
#5291=ORIENTED_EDGE('',*,*,#3341,.F.);
#5292=ORIENTED_EDGE('',*,*,#3346,.T.);
#5293=ORIENTED_EDGE('',*,*,#3344,.F.);
#5294=ORIENTED_EDGE('',*,*,#3698,.T.);
#5295=ORIENTED_EDGE('',*,*,#3347,.F.);
#5296=ORIENTED_EDGE('',*,*,#3334,.T.);
#5297=ORIENTED_EDGE('',*,*,#3337,.F.);
#5298=ORIENTED_EDGE('',*,*,#3699,.T.);
#5299=ORIENTED_EDGE('',*,*,#3654,.T.);
#5300=ORIENTED_EDGE('',*,*,#3702,.T.);
#5301=ORIENTED_EDGE('',*,*,#3703,.T.);
#5302=ORIENTED_EDGE('',*,*,#3722,.F.);
#5303=ORIENTED_EDGE('',*,*,#3728,.F.);
#5304=ORIENTED_EDGE('',*,*,#3727,.F.);
#5305=ORIENTED_EDGE('',*,*,#3726,.F.);
#5306=ORIENTED_EDGE('',*,*,#3730,.F.);
#5307=ORIENTED_EDGE('',*,*,#3731,.T.);
#5308=ORIENTED_EDGE('',*,*,#3732,.F.);
#5309=ORIENTED_EDGE('',*,*,#3733,.F.);
#5310=ORIENTED_EDGE('',*,*,#3734,.F.);
#5311=ORIENTED_EDGE('',*,*,#3733,.T.);
#5312=ORIENTED_EDGE('',*,*,#3735,.F.);
#5313=ORIENTED_EDGE('',*,*,#3736,.F.);
#5314=ORIENTED_EDGE('',*,*,#3737,.F.);
#5315=ORIENTED_EDGE('',*,*,#3736,.T.);
#5316=ORIENTED_EDGE('',*,*,#3738,.F.);
#5317=ORIENTED_EDGE('',*,*,#3739,.F.);
#5318=ORIENTED_EDGE('',*,*,#3740,.F.);
#5319=ORIENTED_EDGE('',*,*,#3739,.T.);
#5320=ORIENTED_EDGE('',*,*,#3741,.F.);
#5321=ORIENTED_EDGE('',*,*,#3742,.F.);
#5322=ORIENTED_EDGE('',*,*,#3743,.F.);
#5323=ORIENTED_EDGE('',*,*,#3742,.T.);
#5324=ORIENTED_EDGE('',*,*,#3744,.F.);
#5325=ORIENTED_EDGE('',*,*,#3745,.F.);
#5326=ORIENTED_EDGE('',*,*,#3746,.F.);
#5327=ORIENTED_EDGE('',*,*,#3745,.T.);
#5328=ORIENTED_EDGE('',*,*,#3747,.F.);
#5329=ORIENTED_EDGE('',*,*,#3748,.F.);
#5330=ORIENTED_EDGE('',*,*,#3749,.F.);
#5331=ORIENTED_EDGE('',*,*,#3748,.T.);
#5332=ORIENTED_EDGE('',*,*,#3750,.F.);
#5333=ORIENTED_EDGE('',*,*,#3751,.F.);
#5334=ORIENTED_EDGE('',*,*,#3752,.F.);
#5335=ORIENTED_EDGE('',*,*,#3751,.T.);
#5336=ORIENTED_EDGE('',*,*,#3753,.F.);
#5337=ORIENTED_EDGE('',*,*,#3754,.F.);
#5338=ORIENTED_EDGE('',*,*,#3755,.F.);
#5339=ORIENTED_EDGE('',*,*,#3754,.T.);
#5340=ORIENTED_EDGE('',*,*,#3756,.F.);
#5341=ORIENTED_EDGE('',*,*,#3757,.F.);
#5342=ORIENTED_EDGE('',*,*,#3758,.F.);
#5343=ORIENTED_EDGE('',*,*,#3757,.T.);
#5344=ORIENTED_EDGE('',*,*,#3759,.F.);
#5345=ORIENTED_EDGE('',*,*,#3760,.F.);
#5346=ORIENTED_EDGE('',*,*,#3761,.F.);
#5347=ORIENTED_EDGE('',*,*,#3760,.T.);
#5348=ORIENTED_EDGE('',*,*,#3762,.F.);
#5349=ORIENTED_EDGE('',*,*,#3763,.F.);
#5350=ORIENTED_EDGE('',*,*,#3764,.F.);
#5351=ORIENTED_EDGE('',*,*,#3763,.T.);
#5352=ORIENTED_EDGE('',*,*,#3765,.F.);
#5353=ORIENTED_EDGE('',*,*,#3766,.F.);
#5354=ORIENTED_EDGE('',*,*,#3767,.F.);
#5355=ORIENTED_EDGE('',*,*,#3766,.T.);
#5356=ORIENTED_EDGE('',*,*,#3768,.F.);
#5357=ORIENTED_EDGE('',*,*,#3769,.F.);
#5358=ORIENTED_EDGE('',*,*,#3770,.F.);
#5359=ORIENTED_EDGE('',*,*,#3769,.T.);
#5360=ORIENTED_EDGE('',*,*,#3771,.F.);
#5361=ORIENTED_EDGE('',*,*,#3772,.F.);
#5362=ORIENTED_EDGE('',*,*,#3773,.F.);
#5363=ORIENTED_EDGE('',*,*,#3772,.T.);
#5364=ORIENTED_EDGE('',*,*,#3774,.F.);
#5365=ORIENTED_EDGE('',*,*,#3775,.F.);
#5366=ORIENTED_EDGE('',*,*,#3776,.F.);
#5367=ORIENTED_EDGE('',*,*,#3775,.T.);
#5368=ORIENTED_EDGE('',*,*,#3777,.F.);
#5369=ORIENTED_EDGE('',*,*,#3778,.F.);
#5370=ORIENTED_EDGE('',*,*,#3779,.F.);
#5371=ORIENTED_EDGE('',*,*,#3778,.T.);
#5372=ORIENTED_EDGE('',*,*,#3780,.F.);
#5373=ORIENTED_EDGE('',*,*,#3781,.F.);
#5374=ORIENTED_EDGE('',*,*,#3782,.F.);
#5375=ORIENTED_EDGE('',*,*,#3781,.T.);
#5376=ORIENTED_EDGE('',*,*,#3783,.F.);
#5377=ORIENTED_EDGE('',*,*,#3784,.F.);
#5378=ORIENTED_EDGE('',*,*,#3785,.F.);
#5379=ORIENTED_EDGE('',*,*,#3784,.T.);
#5380=ORIENTED_EDGE('',*,*,#3786,.F.);
#5381=ORIENTED_EDGE('',*,*,#3787,.F.);
#5382=ORIENTED_EDGE('',*,*,#3788,.F.);
#5383=ORIENTED_EDGE('',*,*,#3787,.T.);
#5384=ORIENTED_EDGE('',*,*,#3789,.F.);
#5385=ORIENTED_EDGE('',*,*,#3790,.F.);
#5386=ORIENTED_EDGE('',*,*,#3791,.F.);
#5387=ORIENTED_EDGE('',*,*,#3790,.T.);
#5388=ORIENTED_EDGE('',*,*,#3792,.F.);
#5389=ORIENTED_EDGE('',*,*,#3793,.F.);
#5390=ORIENTED_EDGE('',*,*,#3794,.F.);
#5391=ORIENTED_EDGE('',*,*,#3793,.T.);
#5392=ORIENTED_EDGE('',*,*,#3795,.F.);
#5393=ORIENTED_EDGE('',*,*,#3796,.F.);
#5394=ORIENTED_EDGE('',*,*,#3797,.F.);
#5395=ORIENTED_EDGE('',*,*,#3796,.T.);
#5396=ORIENTED_EDGE('',*,*,#3798,.F.);
#5397=ORIENTED_EDGE('',*,*,#3799,.F.);
#5398=ORIENTED_EDGE('',*,*,#3800,.F.);
#5399=ORIENTED_EDGE('',*,*,#3799,.T.);
#5400=ORIENTED_EDGE('',*,*,#3801,.F.);
#5401=ORIENTED_EDGE('',*,*,#3802,.F.);
#5402=ORIENTED_EDGE('',*,*,#3803,.F.);
#5403=ORIENTED_EDGE('',*,*,#3802,.T.);
#5404=ORIENTED_EDGE('',*,*,#3804,.F.);
#5405=ORIENTED_EDGE('',*,*,#3805,.F.);
#5406=ORIENTED_EDGE('',*,*,#3806,.F.);
#5407=ORIENTED_EDGE('',*,*,#3805,.T.);
#5408=ORIENTED_EDGE('',*,*,#3807,.F.);
#5409=ORIENTED_EDGE('',*,*,#3808,.F.);
#5410=ORIENTED_EDGE('',*,*,#3809,.F.);
#5411=ORIENTED_EDGE('',*,*,#3808,.T.);
#5412=ORIENTED_EDGE('',*,*,#3810,.F.);
#5413=ORIENTED_EDGE('',*,*,#3811,.F.);
#5414=ORIENTED_EDGE('',*,*,#3812,.F.);
#5415=ORIENTED_EDGE('',*,*,#3811,.T.);
#5416=ORIENTED_EDGE('',*,*,#3813,.F.);
#5417=ORIENTED_EDGE('',*,*,#3814,.F.);
#5418=ORIENTED_EDGE('',*,*,#3815,.F.);
#5419=ORIENTED_EDGE('',*,*,#3814,.T.);
#5420=ORIENTED_EDGE('',*,*,#3816,.F.);
#5421=ORIENTED_EDGE('',*,*,#3731,.F.);
#5422=ORIENTED_EDGE('',*,*,#3816,.T.);
#5423=ORIENTED_EDGE('',*,*,#3813,.T.);
#5424=ORIENTED_EDGE('',*,*,#3810,.T.);
#5425=ORIENTED_EDGE('',*,*,#3807,.T.);
#5426=ORIENTED_EDGE('',*,*,#3804,.T.);
#5427=ORIENTED_EDGE('',*,*,#3801,.T.);
#5428=ORIENTED_EDGE('',*,*,#3798,.T.);
#5429=ORIENTED_EDGE('',*,*,#3795,.T.);
#5430=ORIENTED_EDGE('',*,*,#3792,.T.);
#5431=ORIENTED_EDGE('',*,*,#3789,.T.);
#5432=ORIENTED_EDGE('',*,*,#3786,.T.);
#5433=ORIENTED_EDGE('',*,*,#3783,.T.);
#5434=ORIENTED_EDGE('',*,*,#3780,.T.);
#5435=ORIENTED_EDGE('',*,*,#3777,.T.);
#5436=ORIENTED_EDGE('',*,*,#3774,.T.);
#5437=ORIENTED_EDGE('',*,*,#3771,.T.);
#5438=ORIENTED_EDGE('',*,*,#3768,.T.);
#5439=ORIENTED_EDGE('',*,*,#3765,.T.);
#5440=ORIENTED_EDGE('',*,*,#3762,.T.);
#5441=ORIENTED_EDGE('',*,*,#3759,.T.);
#5442=ORIENTED_EDGE('',*,*,#3756,.T.);
#5443=ORIENTED_EDGE('',*,*,#3753,.T.);
#5444=ORIENTED_EDGE('',*,*,#3750,.T.);
#5445=ORIENTED_EDGE('',*,*,#3747,.T.);
#5446=ORIENTED_EDGE('',*,*,#3744,.T.);
#5447=ORIENTED_EDGE('',*,*,#3741,.T.);
#5448=ORIENTED_EDGE('',*,*,#3738,.T.);
#5449=ORIENTED_EDGE('',*,*,#3735,.T.);
#5450=ORIENTED_EDGE('',*,*,#3732,.T.);
#5451=ORIENTED_EDGE('',*,*,#3817,.F.);
#5452=ORIENTED_EDGE('',*,*,#3818,.T.);
#5453=ORIENTED_EDGE('',*,*,#3819,.F.);
#5454=ORIENTED_EDGE('',*,*,#3820,.F.);
#5455=ORIENTED_EDGE('',*,*,#3821,.F.);
#5456=ORIENTED_EDGE('',*,*,#3820,.T.);
#5457=ORIENTED_EDGE('',*,*,#3822,.F.);
#5458=ORIENTED_EDGE('',*,*,#3823,.F.);
#5459=ORIENTED_EDGE('',*,*,#3824,.F.);
#5460=ORIENTED_EDGE('',*,*,#3823,.T.);
#5461=ORIENTED_EDGE('',*,*,#3825,.F.);
#5462=ORIENTED_EDGE('',*,*,#3826,.F.);
#5463=ORIENTED_EDGE('',*,*,#3827,.F.);
#5464=ORIENTED_EDGE('',*,*,#3826,.T.);
#5465=ORIENTED_EDGE('',*,*,#3828,.F.);
#5466=ORIENTED_EDGE('',*,*,#3829,.F.);
#5467=ORIENTED_EDGE('',*,*,#3830,.F.);
#5468=ORIENTED_EDGE('',*,*,#3829,.T.);
#5469=ORIENTED_EDGE('',*,*,#3831,.F.);
#5470=ORIENTED_EDGE('',*,*,#3832,.F.);
#5471=ORIENTED_EDGE('',*,*,#3833,.F.);
#5472=ORIENTED_EDGE('',*,*,#3832,.T.);
#5473=ORIENTED_EDGE('',*,*,#3834,.F.);
#5474=ORIENTED_EDGE('',*,*,#3835,.F.);
#5475=ORIENTED_EDGE('',*,*,#3836,.F.);
#5476=ORIENTED_EDGE('',*,*,#3835,.T.);
#5477=ORIENTED_EDGE('',*,*,#3837,.F.);
#5478=ORIENTED_EDGE('',*,*,#3838,.F.);
#5479=ORIENTED_EDGE('',*,*,#3839,.F.);
#5480=ORIENTED_EDGE('',*,*,#3838,.T.);
#5481=ORIENTED_EDGE('',*,*,#3840,.F.);
#5482=ORIENTED_EDGE('',*,*,#3818,.F.);
#5483=ORIENTED_EDGE('',*,*,#3841,.F.);
#5484=ORIENTED_EDGE('',*,*,#3842,.T.);
#5485=ORIENTED_EDGE('',*,*,#3843,.F.);
#5486=ORIENTED_EDGE('',*,*,#3844,.F.);
#5487=ORIENTED_EDGE('',*,*,#3845,.F.);
#5488=ORIENTED_EDGE('',*,*,#3844,.T.);
#5489=ORIENTED_EDGE('',*,*,#3846,.F.);
#5490=ORIENTED_EDGE('',*,*,#3847,.F.);
#5491=ORIENTED_EDGE('',*,*,#3848,.F.);
#5492=ORIENTED_EDGE('',*,*,#3847,.T.);
#5493=ORIENTED_EDGE('',*,*,#3849,.F.);
#5494=ORIENTED_EDGE('',*,*,#3850,.F.);
#5495=ORIENTED_EDGE('',*,*,#3851,.F.);
#5496=ORIENTED_EDGE('',*,*,#3850,.T.);
#5497=ORIENTED_EDGE('',*,*,#3852,.F.);
#5498=ORIENTED_EDGE('',*,*,#3853,.F.);
#5499=ORIENTED_EDGE('',*,*,#3854,.F.);
#5500=ORIENTED_EDGE('',*,*,#3853,.T.);
#5501=ORIENTED_EDGE('',*,*,#3855,.F.);
#5502=ORIENTED_EDGE('',*,*,#3856,.F.);
#5503=ORIENTED_EDGE('',*,*,#3857,.F.);
#5504=ORIENTED_EDGE('',*,*,#3856,.T.);
#5505=ORIENTED_EDGE('',*,*,#3858,.F.);
#5506=ORIENTED_EDGE('',*,*,#3859,.F.);
#5507=ORIENTED_EDGE('',*,*,#3860,.F.);
#5508=ORIENTED_EDGE('',*,*,#3859,.T.);
#5509=ORIENTED_EDGE('',*,*,#3861,.F.);
#5510=ORIENTED_EDGE('',*,*,#3862,.F.);
#5511=ORIENTED_EDGE('',*,*,#3863,.F.);
#5512=ORIENTED_EDGE('',*,*,#3862,.T.);
#5513=ORIENTED_EDGE('',*,*,#3864,.F.);
#5514=ORIENTED_EDGE('',*,*,#3865,.F.);
#5515=ORIENTED_EDGE('',*,*,#3866,.F.);
#5516=ORIENTED_EDGE('',*,*,#3865,.T.);
#5517=ORIENTED_EDGE('',*,*,#3867,.F.);
#5518=ORIENTED_EDGE('',*,*,#3868,.F.);
#5519=ORIENTED_EDGE('',*,*,#3869,.F.);
#5520=ORIENTED_EDGE('',*,*,#3868,.T.);
#5521=ORIENTED_EDGE('',*,*,#3870,.F.);
#5522=ORIENTED_EDGE('',*,*,#3871,.F.);
#5523=ORIENTED_EDGE('',*,*,#3872,.F.);
#5524=ORIENTED_EDGE('',*,*,#3871,.T.);
#5525=ORIENTED_EDGE('',*,*,#3873,.F.);
#5526=ORIENTED_EDGE('',*,*,#3842,.F.);
#5527=ORIENTED_EDGE('',*,*,#3873,.T.);
#5528=ORIENTED_EDGE('',*,*,#3870,.T.);
#5529=ORIENTED_EDGE('',*,*,#3867,.T.);
#5530=ORIENTED_EDGE('',*,*,#3864,.T.);
#5531=ORIENTED_EDGE('',*,*,#3861,.T.);
#5532=ORIENTED_EDGE('',*,*,#3858,.T.);
#5533=ORIENTED_EDGE('',*,*,#3855,.T.);
#5534=ORIENTED_EDGE('',*,*,#3852,.T.);
#5535=ORIENTED_EDGE('',*,*,#3849,.T.);
#5536=ORIENTED_EDGE('',*,*,#3846,.T.);
#5537=ORIENTED_EDGE('',*,*,#3843,.T.);
#5538=ORIENTED_EDGE('',*,*,#3840,.T.);
#5539=ORIENTED_EDGE('',*,*,#3837,.T.);
#5540=ORIENTED_EDGE('',*,*,#3834,.T.);
#5541=ORIENTED_EDGE('',*,*,#3831,.T.);
#5542=ORIENTED_EDGE('',*,*,#3828,.T.);
#5543=ORIENTED_EDGE('',*,*,#3825,.T.);
#5544=ORIENTED_EDGE('',*,*,#3822,.T.);
#5545=ORIENTED_EDGE('',*,*,#3819,.T.);
#5546=ORIENTED_EDGE('',*,*,#3874,.F.);
#5547=ORIENTED_EDGE('',*,*,#3875,.F.);
#5548=ORIENTED_EDGE('',*,*,#3876,.F.);
#5549=ORIENTED_EDGE('',*,*,#3877,.F.);
#5550=ORIENTED_EDGE('',*,*,#3878,.F.);
#5551=ORIENTED_EDGE('',*,*,#3879,.F.);
#5552=ORIENTED_EDGE('',*,*,#3880,.F.);
#5553=ORIENTED_EDGE('',*,*,#3881,.F.);
#5554=ORIENTED_EDGE('',*,*,#3882,.F.);
#5555=ORIENTED_EDGE('',*,*,#3883,.F.);
#5556=ORIENTED_EDGE('',*,*,#3884,.F.);
#5557=ORIENTED_EDGE('',*,*,#3885,.F.);
#5558=ORIENTED_EDGE('',*,*,#3886,.F.);
#5559=ORIENTED_EDGE('',*,*,#3887,.F.);
#5560=ORIENTED_EDGE('',*,*,#3730,.T.);
#5561=ORIENTED_EDGE('',*,*,#3734,.T.);
#5562=ORIENTED_EDGE('',*,*,#3737,.T.);
#5563=ORIENTED_EDGE('',*,*,#3740,.T.);
#5564=ORIENTED_EDGE('',*,*,#3743,.T.);
#5565=ORIENTED_EDGE('',*,*,#3746,.T.);
#5566=ORIENTED_EDGE('',*,*,#3749,.T.);
#5567=ORIENTED_EDGE('',*,*,#3752,.T.);
#5568=ORIENTED_EDGE('',*,*,#3755,.T.);
#5569=ORIENTED_EDGE('',*,*,#3758,.T.);
#5570=ORIENTED_EDGE('',*,*,#3761,.T.);
#5571=ORIENTED_EDGE('',*,*,#3764,.T.);
#5572=ORIENTED_EDGE('',*,*,#3767,.T.);
#5573=ORIENTED_EDGE('',*,*,#3770,.T.);
#5574=ORIENTED_EDGE('',*,*,#3773,.T.);
#5575=ORIENTED_EDGE('',*,*,#3776,.T.);
#5576=ORIENTED_EDGE('',*,*,#3779,.T.);
#5577=ORIENTED_EDGE('',*,*,#3782,.T.);
#5578=ORIENTED_EDGE('',*,*,#3785,.T.);
#5579=ORIENTED_EDGE('',*,*,#3788,.T.);
#5580=ORIENTED_EDGE('',*,*,#3791,.T.);
#5581=ORIENTED_EDGE('',*,*,#3794,.T.);
#5582=ORIENTED_EDGE('',*,*,#3797,.T.);
#5583=ORIENTED_EDGE('',*,*,#3800,.T.);
#5584=ORIENTED_EDGE('',*,*,#3803,.T.);
#5585=ORIENTED_EDGE('',*,*,#3806,.T.);
#5586=ORIENTED_EDGE('',*,*,#3809,.T.);
#5587=ORIENTED_EDGE('',*,*,#3812,.T.);
#5588=ORIENTED_EDGE('',*,*,#3815,.T.);
#5589=ORIENTED_EDGE('',*,*,#3841,.T.);
#5590=ORIENTED_EDGE('',*,*,#3845,.T.);
#5591=ORIENTED_EDGE('',*,*,#3848,.T.);
#5592=ORIENTED_EDGE('',*,*,#3851,.T.);
#5593=ORIENTED_EDGE('',*,*,#3854,.T.);
#5594=ORIENTED_EDGE('',*,*,#3857,.T.);
#5595=ORIENTED_EDGE('',*,*,#3860,.T.);
#5596=ORIENTED_EDGE('',*,*,#3863,.T.);
#5597=ORIENTED_EDGE('',*,*,#3866,.T.);
#5598=ORIENTED_EDGE('',*,*,#3869,.T.);
#5599=ORIENTED_EDGE('',*,*,#3872,.T.);
#5600=ORIENTED_EDGE('',*,*,#3888,.F.);
#5601=ORIENTED_EDGE('',*,*,#3889,.T.);
#5602=ORIENTED_EDGE('',*,*,#3890,.F.);
#5603=ORIENTED_EDGE('',*,*,#3889,.F.);
#5604=ORIENTED_EDGE('',*,*,#3888,.T.);
#5605=ORIENTED_EDGE('',*,*,#3891,.F.);
#5606=ORIENTED_EDGE('',*,*,#3892,.T.);
#5607=ORIENTED_EDGE('',*,*,#3893,.F.);
#5608=ORIENTED_EDGE('',*,*,#3892,.F.);
#5609=ORIENTED_EDGE('',*,*,#3891,.T.);
#5610=ORIENTED_EDGE('',*,*,#3817,.T.);
#5611=ORIENTED_EDGE('',*,*,#3821,.T.);
#5612=ORIENTED_EDGE('',*,*,#3824,.T.);
#5613=ORIENTED_EDGE('',*,*,#3827,.T.);
#5614=ORIENTED_EDGE('',*,*,#3830,.T.);
#5615=ORIENTED_EDGE('',*,*,#3833,.T.);
#5616=ORIENTED_EDGE('',*,*,#3836,.T.);
#5617=ORIENTED_EDGE('',*,*,#3839,.T.);
#5618=ORIENTED_EDGE('',*,*,#3880,.T.);
#5619=ORIENTED_EDGE('',*,*,#3894,.F.);
#5620=ORIENTED_EDGE('',*,*,#3895,.F.);
#5621=ORIENTED_EDGE('',*,*,#3896,.T.);
#5622=ORIENTED_EDGE('',*,*,#3879,.T.);
#5623=ORIENTED_EDGE('',*,*,#3897,.F.);
#5624=ORIENTED_EDGE('',*,*,#3898,.F.);
#5625=ORIENTED_EDGE('',*,*,#3894,.T.);
#5626=ORIENTED_EDGE('',*,*,#3878,.T.);
#5627=ORIENTED_EDGE('',*,*,#3899,.F.);
#5628=ORIENTED_EDGE('',*,*,#3900,.F.);
#5629=ORIENTED_EDGE('',*,*,#3897,.T.);
#5630=ORIENTED_EDGE('',*,*,#3877,.T.);
#5631=ORIENTED_EDGE('',*,*,#3901,.F.);
#5632=ORIENTED_EDGE('',*,*,#3902,.T.);
#5633=ORIENTED_EDGE('',*,*,#3899,.T.);
#5634=ORIENTED_EDGE('',*,*,#3876,.T.);
#5635=ORIENTED_EDGE('',*,*,#3903,.F.);
#5636=ORIENTED_EDGE('',*,*,#3904,.T.);
#5637=ORIENTED_EDGE('',*,*,#3901,.T.);
#5638=ORIENTED_EDGE('',*,*,#3875,.T.);
#5639=ORIENTED_EDGE('',*,*,#3905,.F.);
#5640=ORIENTED_EDGE('',*,*,#3906,.T.);
#5641=ORIENTED_EDGE('',*,*,#3903,.T.);
#5642=ORIENTED_EDGE('',*,*,#3893,.T.);
#5643=ORIENTED_EDGE('',*,*,#3874,.T.);
#5644=ORIENTED_EDGE('',*,*,#3907,.F.);
#5645=ORIENTED_EDGE('',*,*,#3908,.F.);
#5646=ORIENTED_EDGE('',*,*,#3905,.T.);
#5647=ORIENTED_EDGE('',*,*,#3887,.T.);
#5648=ORIENTED_EDGE('',*,*,#3909,.F.);
#5649=ORIENTED_EDGE('',*,*,#3910,.F.);
#5650=ORIENTED_EDGE('',*,*,#3907,.T.);
#5651=ORIENTED_EDGE('',*,*,#3886,.T.);
#5652=ORIENTED_EDGE('',*,*,#3911,.F.);
#5653=ORIENTED_EDGE('',*,*,#3912,.T.);
#5654=ORIENTED_EDGE('',*,*,#3909,.T.);
#5655=ORIENTED_EDGE('',*,*,#3885,.T.);
#5656=ORIENTED_EDGE('',*,*,#3913,.F.);
#5657=ORIENTED_EDGE('',*,*,#3914,.T.);
#5658=ORIENTED_EDGE('',*,*,#3911,.T.);
#5659=ORIENTED_EDGE('',*,*,#3884,.T.);
#5660=ORIENTED_EDGE('',*,*,#3915,.F.);
#5661=ORIENTED_EDGE('',*,*,#3916,.F.);
#5662=ORIENTED_EDGE('',*,*,#3913,.T.);
#5663=ORIENTED_EDGE('',*,*,#3890,.T.);
#5664=ORIENTED_EDGE('',*,*,#3883,.T.);
#5665=ORIENTED_EDGE('',*,*,#3917,.F.);
#5666=ORIENTED_EDGE('',*,*,#3918,.F.);
#5667=ORIENTED_EDGE('',*,*,#3915,.T.);
#5668=ORIENTED_EDGE('',*,*,#3882,.T.);
#5669=ORIENTED_EDGE('',*,*,#3919,.F.);
#5670=ORIENTED_EDGE('',*,*,#3920,.F.);
#5671=ORIENTED_EDGE('',*,*,#3917,.T.);
#5672=ORIENTED_EDGE('',*,*,#3881,.T.);
#5673=ORIENTED_EDGE('',*,*,#3896,.F.);
#5674=ORIENTED_EDGE('',*,*,#3921,.F.);
#5675=ORIENTED_EDGE('',*,*,#3919,.T.);
#5676=ORIENTED_EDGE('',*,*,#3908,.T.);
#5677=ORIENTED_EDGE('',*,*,#3910,.T.);
#5678=ORIENTED_EDGE('',*,*,#3912,.F.);
#5679=ORIENTED_EDGE('',*,*,#3914,.F.);
#5680=ORIENTED_EDGE('',*,*,#3916,.T.);
#5681=ORIENTED_EDGE('',*,*,#3918,.T.);
#5682=ORIENTED_EDGE('',*,*,#3920,.T.);
#5683=ORIENTED_EDGE('',*,*,#3921,.T.);
#5684=ORIENTED_EDGE('',*,*,#3895,.T.);
#5685=ORIENTED_EDGE('',*,*,#3898,.T.);
#5686=ORIENTED_EDGE('',*,*,#3900,.T.);
#5687=ORIENTED_EDGE('',*,*,#3902,.F.);
#5688=ORIENTED_EDGE('',*,*,#3904,.F.);
#5689=ORIENTED_EDGE('',*,*,#3906,.F.);
#5690=CYLINDRICAL_SURFACE('',#6137,0.1);
#5691=CYLINDRICAL_SURFACE('',#6143,0.1);
#5692=CYLINDRICAL_SURFACE('',#6147,0.5);
#5693=CYLINDRICAL_SURFACE('',#6156,0.1);
#5694=CYLINDRICAL_SURFACE('',#6158,0.1);
#5695=CYLINDRICAL_SURFACE('',#6165,0.1);
#5696=CYLINDRICAL_SURFACE('',#6170,0.1);
#5697=CYLINDRICAL_SURFACE('',#6174,0.5);
#5698=CYLINDRICAL_SURFACE('',#6183,0.1);
#5699=CYLINDRICAL_SURFACE('',#6185,0.1);
#5700=CYLINDRICAL_SURFACE('',#6191,0.0999999999999979);
#5701=CYLINDRICAL_SURFACE('',#6199,0.1);
#5702=CYLINDRICAL_SURFACE('',#6202,0.1);
#5703=CYLINDRICAL_SURFACE('',#6208,0.1);
#5704=CYLINDRICAL_SURFACE('',#6209,0.1);
#5705=CYLINDRICAL_SURFACE('',#6212,0.1);
#5706=CYLINDRICAL_SURFACE('',#6216,0.0999999999999979);
#5707=CYLINDRICAL_SURFACE('',#6226,0.1);
#5708=CYLINDRICAL_SURFACE('',#6227,0.1);
#5709=CYLINDRICAL_SURFACE('',#6228,0.1);
#5710=CYLINDRICAL_SURFACE('',#6233,0.1);
#5711=CYLINDRICAL_SURFACE('',#6234,0.1);
#5712=CYLINDRICAL_SURFACE('',#6235,0.5);
#5713=CYLINDRICAL_SURFACE('',#6236,0.5);
#5714=CYLINDRICAL_SURFACE('',#6254,0.6);
#5715=CYLINDRICAL_SURFACE('',#6258,0.6);
#5716=CYLINDRICAL_SURFACE('',#6277,2.);
#5717=CYLINDRICAL_SURFACE('',#6307,2.);
#5718=CYLINDRICAL_SURFACE('',#6310,2.);
#5719=CYLINDRICAL_SURFACE('',#6311,2.);
#5720=CYLINDRICAL_SURFACE('',#6314,2.);
#5721=CYLINDRICAL_SURFACE('',#6316,2.);
#5722=CYLINDRICAL_SURFACE('',#6323,2.);
#5723=CYLINDRICAL_SURFACE('',#6324,2.);
#5724=CYLINDRICAL_SURFACE('',#6332,0.1);
#5725=CYLINDRICAL_SURFACE('',#6338,0.1);
#5726=CYLINDRICAL_SURFACE('',#6344,0.1);
#5727=CYLINDRICAL_SURFACE('',#6350,0.1);
#5728=CYLINDRICAL_SURFACE('',#6352,1.4);
#5729=CYLINDRICAL_SURFACE('',#6355,1.4);
#5730=CYLINDRICAL_SURFACE('',#6359,1.4);
#5731=CYLINDRICAL_SURFACE('',#6362,1.4);
#5732=CYLINDRICAL_SURFACE('',#6369,1.6);
#5733=CYLINDRICAL_SURFACE('',#6371,0.0499999999999989);
#5734=CYLINDRICAL_SURFACE('',#6375,0.0499999999999989);
#5735=CYLINDRICAL_SURFACE('',#6391,1.);
#5736=CYLINDRICAL_SURFACE('',#6396,1.);
#5737=CYLINDRICAL_SURFACE('',#6401,1.);
#5738=CYLINDRICAL_SURFACE('',#6403,1.5);
#5739=CYLINDRICAL_SURFACE('',#6405,1.5);
#5740=CYLINDRICAL_SURFACE('',#6409,3.74855825390408);
#5741=CYLINDRICAL_SURFACE('',#6418,7.3221020411313);
#5742=CYLINDRICAL_SURFACE('',#6480,0.8);
#5743=CYLINDRICAL_SURFACE('',#6482,0.8);
#5744=CYLINDRICAL_SURFACE('',#6484,0.8);
#5745=CYLINDRICAL_SURFACE('',#6493,2.);
#5746=CYLINDRICAL_SURFACE('',#6506,2.);
#5747=CYLINDRICAL_SURFACE('',#6511,2.);
#5748=CYLINDRICAL_SURFACE('',#6512,2.);
#5749=CYLINDRICAL_SURFACE('',#6513,2.);
#5750=CYLINDRICAL_SURFACE('',#6518,2.);
#5751=CYLINDRICAL_SURFACE('',#6519,2.);
#5752=CYLINDRICAL_SURFACE('',#6520,2.);
#5753=CYLINDRICAL_SURFACE('',#6521,2.);
#5754=CYLINDRICAL_SURFACE('',#6522,2.);
#5755=CYLINDRICAL_SURFACE('',#6523,2.);
#5756=CYLINDRICAL_SURFACE('',#6524,2.);
#5757=CYLINDRICAL_SURFACE('',#6540,0.0471032696795248);
#5758=CYLINDRICAL_SURFACE('',#6544,0.0450000000000017);
#5759=ADVANCED_FACE('',(#533),#5690,.T.);
#5760=ADVANCED_FACE('',(#534),#515,.T.);
#5761=ADVANCED_FACE('',(#535),#5691,.T.);
#5762=ADVANCED_FACE('',(#536),#516,.T.);
#5763=ADVANCED_FACE('',(#537),#5692,.T.);
#5764=ADVANCED_FACE('',(#538),#159,.T.);
#5765=ADVANCED_FACE('',(#539),#517,.T.);
#5766=ADVANCED_FACE('',(#540),#5693,.T.);
#5767=ADVANCED_FACE('',(#541),#5694,.T.);
#5768=ADVANCED_FACE('',(#542),#518,.T.);
#5769=ADVANCED_FACE('',(#543),#160,.T.);
#5770=ADVANCED_FACE('',(#544),#5695,.T.);
#5771=ADVANCED_FACE('',(#545),#519,.T.);
#5772=ADVANCED_FACE('',(#546),#5696,.T.);
#5773=ADVANCED_FACE('',(#547),#520,.T.);
#5774=ADVANCED_FACE('',(#548),#5697,.T.);
#5775=ADVANCED_FACE('',(#549),#161,.T.);
#5776=ADVANCED_FACE('',(#550),#521,.T.);
#5777=ADVANCED_FACE('',(#551),#5698,.T.);
#5778=ADVANCED_FACE('',(#552),#5699,.T.);
#5779=ADVANCED_FACE('',(#553),#522,.T.);
#5780=ADVANCED_FACE('',(#554),#162,.T.);
#5781=ADVANCED_FACE('',(#555),#5700,.T.);
#5782=ADVANCED_FACE('',(#556),#163,.F.);
#5783=ADVANCED_FACE('',(#557),#164,.T.);
#5784=ADVANCED_FACE('',(#558),#523,.F.);
#5785=ADVANCED_FACE('',(#559),#5701,.F.);
#5786=ADVANCED_FACE('',(#560),#75,.F.);
#5787=ADVANCED_FACE('',(#561),#5702,.T.);
#5788=ADVANCED_FACE('',(#562),#524,.F.);
#5789=ADVANCED_FACE('',(#563),#5703,.F.);
#5790=ADVANCED_FACE('',(#564),#5704,.T.);
#5791=ADVANCED_FACE('',(#565),#76,.F.);
#5792=ADVANCED_FACE('',(#566),#5705,.F.);
#5793=ADVANCED_FACE('',(#567,#53,#54),#165,.T.);
#5794=ADVANCED_FACE('',(#568),#5706,.T.);
#5795=ADVANCED_FACE('',(#569),#166,.T.);
#5796=ADVANCED_FACE('',(#570),#525,.F.);
#5797=ADVANCED_FACE('',(#571),#526,.F.);
#5798=ADVANCED_FACE('',(#572),#5707,.F.);
#5799=ADVANCED_FACE('',(#573),#5708,.F.);
#5800=ADVANCED_FACE('',(#574),#5709,.T.);
#5801=ADVANCED_FACE('',(#575),#77,.F.);
#5802=ADVANCED_FACE('',(#576),#78,.F.);
#5803=ADVANCED_FACE('',(#577),#5710,.T.);
#5804=ADVANCED_FACE('',(#578),#5711,.F.);
#5805=ADVANCED_FACE('',(#579),#5712,.T.);
#5806=ADVANCED_FACE('',(#580),#5713,.T.);
#5807=ADVANCED_FACE('',(#581),#167,.T.);
#5808=ADVANCED_FACE('',(#582),#168,.T.);
#5809=ADVANCED_FACE('',(#583),#169,.T.);
#5810=ADVANCED_FACE('',(#584),#170,.T.);
#5811=ADVANCED_FACE('',(#585),#171,.T.);
#5812=ADVANCED_FACE('',(#586),#172,.F.);
#5813=ADVANCED_FACE('',(#587),#173,.T.);
#5814=ADVANCED_FACE('',(#588),#174,.T.);
#5815=ADVANCED_FACE('',(#589),#175,.T.);
#5816=ADVANCED_FACE('',(#590),#176,.T.);
#5817=ADVANCED_FACE('',(#591),#177,.T.);
#5818=ADVANCED_FACE('',(#592),#178,.F.);
#5819=ADVANCED_FACE('',(#593),#179,.T.);
#5820=ADVANCED_FACE('',(#594),#180,.T.);
#5821=ADVANCED_FACE('',(#595),#181,.T.);
#5822=ADVANCED_FACE('',(#596),#182,.T.);
#5823=ADVANCED_FACE('',(#597),#183,.F.);
#5824=ADVANCED_FACE('',(#598),#5714,.T.);
#5825=ADVANCED_FACE('',(#599),#184,.F.);
#5826=ADVANCED_FACE('',(#600),#5715,.T.);
#5827=ADVANCED_FACE('',(#601),#185,.F.);
#5828=ADVANCED_FACE('',(#602),#186,.F.);
#5829=ADVANCED_FACE('',(#603),#187,.F.);
#5830=ADVANCED_FACE('',(#604),#188,.F.);
#5831=ADVANCED_FACE('',(#605),#189,.F.);
#5832=ADVANCED_FACE('',(#606),#190,.F.);
#5833=ADVANCED_FACE('',(#607),#191,.F.);
#5834=ADVANCED_FACE('',(#608),#192,.F.);
#5835=ADVANCED_FACE('',(#609),#5716,.T.);
#5836=ADVANCED_FACE('',(#610),#37,.T.);
#5837=ADVANCED_FACE('',(#611),#193,.T.);
#5838=ADVANCED_FACE('',(#612),#38,.T.);
#5839=ADVANCED_FACE('',(#613),#25,.T.);
#5840=ADVANCED_FACE('',(#614),#194,.F.);
#5841=ADVANCED_FACE('',(#615),#39,.T.);
#5842=ADVANCED_FACE('',(#616),#195,.T.);
#5843=ADVANCED_FACE('',(#617),#40,.T.);
#5844=ADVANCED_FACE('',(#618),#26,.T.);
#5845=ADVANCED_FACE('',(#619),#196,.F.);
#5846=ADVANCED_FACE('',(#620),#197,.T.);
#5847=ADVANCED_FACE('',(#621),#198,.F.);
#5848=ADVANCED_FACE('',(#622),#199,.T.);
#5849=ADVANCED_FACE('',(#623),#200,.F.);
#5850=ADVANCED_FACE('',(#624),#5717,.T.);
#5851=ADVANCED_FACE('',(#625),#201,.F.);
#5852=ADVANCED_FACE('',(#626),#5718,.T.);
#5853=ADVANCED_FACE('',(#627),#5719,.T.);
#5854=ADVANCED_FACE('',(#628),#202,.F.);
#5855=ADVANCED_FACE('',(#629),#5720,.T.);
#5856=ADVANCED_FACE('',(#630),#5721,.T.);
#5857=ADVANCED_FACE('',(#631,#55),#203,.F.);
#5858=ADVANCED_FACE('',(#632),#5722,.T.);
#5859=ADVANCED_FACE('',(#633),#5723,.T.);
#5860=ADVANCED_FACE('',(#634),#204,.F.);
#5861=ADVANCED_FACE('',(#635),#527,.T.);
#5862=ADVANCED_FACE('',(#636),#5724,.T.);
#5863=ADVANCED_FACE('',(#637),#528,.T.);
#5864=ADVANCED_FACE('',(#638),#5725,.T.);
#5865=ADVANCED_FACE('',(#639),#529,.T.);
#5866=ADVANCED_FACE('',(#640),#5726,.T.);
#5867=ADVANCED_FACE('',(#641),#530,.T.);
#5868=ADVANCED_FACE('',(#642),#5727,.T.);
#5869=ADVANCED_FACE('',(#643),#205,.T.);
#5870=ADVANCED_FACE('',(#644),#5728,.T.);
#5871=ADVANCED_FACE('',(#645),#206,.T.);
#5872=ADVANCED_FACE('',(#646),#5729,.T.);
#5873=ADVANCED_FACE('',(#647,#56),#207,.F.);
#5874=ADVANCED_FACE('',(#648),#5730,.T.);
#5875=ADVANCED_FACE('',(#649),#208,.T.);
#5876=ADVANCED_FACE('',(#650),#5731,.T.);
#5877=ADVANCED_FACE('',(#651),#531,.T.);
#5878=ADVANCED_FACE('',(#652),#5732,.T.);
#5879=ADVANCED_FACE('',(#653),#209,.T.);
#5880=ADVANCED_FACE('',(#654),#5733,.F.);
#5881=ADVANCED_FACE('',(#655),#210,.T.);
#5882=ADVANCED_FACE('',(#656),#5734,.F.);
#5883=ADVANCED_FACE('',(#657),#211,.T.);
#5884=ADVANCED_FACE('',(#658),#212,.F.);
#5885=ADVANCED_FACE('',(#659,#57),#213,.F.);
#5886=ADVANCED_FACE('',(#660),#214,.F.);
#5887=ADVANCED_FACE('',(#661,#58),#215,.F.);
#5888=ADVANCED_FACE('',(#662),#216,.F.);
#5889=ADVANCED_FACE('',(#663),#217,.F.);
#5890=ADVANCED_FACE('',(#664),#218,.T.);
#5891=ADVANCED_FACE('',(#665),#219,.T.);
#5892=ADVANCED_FACE('',(#666),#220,.T.);
#5893=ADVANCED_FACE('',(#667),#221,.T.);
#5894=ADVANCED_FACE('',(#668),#222,.T.);
#5895=ADVANCED_FACE('',(#669),#223,.T.);
#5896=ADVANCED_FACE('',(#670),#5735,.T.);
#5897=ADVANCED_FACE('',(#671),#23,.F.);
#5898=ADVANCED_FACE('',(#672),#5736,.T.);
#5899=ADVANCED_FACE('',(#673),#24,.F.);
#5900=ADVANCED_FACE('',(#674),#5737,.T.);
#5901=ADVANCED_FACE('',(#675),#224,.T.);
#5902=ADVANCED_FACE('',(#676),#5738,.T.);
#5903=ADVANCED_FACE('',(#677),#225,.T.);
#5904=ADVANCED_FACE('',(#678),#5739,.T.);
#5905=ADVANCED_FACE('',(#679),#226,.T.);
#5906=ADVANCED_FACE('',(#680),#227,.T.);
#5907=ADVANCED_FACE('',(#681),#5740,.F.);
#5908=ADVANCED_FACE('',(#682),#228,.T.);
#5909=ADVANCED_FACE('',(#683),#532,.T.);
#5910=ADVANCED_FACE('',(#684),#5741,.T.);
#5911=ADVANCED_FACE('',(#685,#59),#229,.T.);
#5912=ADVANCED_FACE('',(#686),#230,.F.);
#5913=ADVANCED_FACE('',(#687),#231,.F.);
#5914=ADVANCED_FACE('',(#688),#232,.F.);
#5915=ADVANCED_FACE('',(#689),#233,.F.);
#5916=ADVANCED_FACE('',(#690),#234,.F.);
#5917=ADVANCED_FACE('',(#691),#235,.F.);
#5918=ADVANCED_FACE('',(#692),#236,.F.);
#5919=ADVANCED_FACE('',(#693),#237,.F.);
#5920=ADVANCED_FACE('',(#694),#238,.F.);
#5921=ADVANCED_FACE('',(#695),#239,.F.);
#5922=ADVANCED_FACE('',(#696),#240,.F.);
#5923=ADVANCED_FACE('',(#697),#241,.F.);
#5924=ADVANCED_FACE('',(#698),#242,.F.);
#5925=ADVANCED_FACE('',(#699),#243,.F.);
#5926=ADVANCED_FACE('',(#700),#244,.F.);
#5927=ADVANCED_FACE('',(#701),#245,.F.);
#5928=ADVANCED_FACE('',(#702),#246,.F.);
#5929=ADVANCED_FACE('',(#703),#247,.F.);
#5930=ADVANCED_FACE('',(#704),#248,.F.);
#5931=ADVANCED_FACE('',(#705),#249,.F.);
#5932=ADVANCED_FACE('',(#706),#250,.T.);
#5933=ADVANCED_FACE('',(#707),#251,.T.);
#5934=ADVANCED_FACE('',(#708),#252,.T.);
#5935=ADVANCED_FACE('',(#709),#253,.T.);
#5936=ADVANCED_FACE('',(#710,#60,#61),#254,.T.);
#5937=ADVANCED_FACE('',(#711),#79,.T.);
#5938=ADVANCED_FACE('',(#712),#80,.T.);
#5939=ADVANCED_FACE('',(#713),#81,.T.);
#5940=ADVANCED_FACE('',(#714),#82,.T.);
#5941=ADVANCED_FACE('',(#715),#83,.T.);
#5942=ADVANCED_FACE('',(#716),#84,.T.);
#5943=ADVANCED_FACE('',(#717),#85,.T.);
#5944=ADVANCED_FACE('',(#718),#86,.T.);
#5945=ADVANCED_FACE('',(#719),#87,.T.);
#5946=ADVANCED_FACE('',(#720),#88,.T.);
#5947=ADVANCED_FACE('',(#721),#89,.T.);
#5948=ADVANCED_FACE('',(#722),#90,.T.);
#5949=ADVANCED_FACE('',(#723),#91,.T.);
#5950=ADVANCED_FACE('',(#724),#255,.T.);
#5951=ADVANCED_FACE('',(#725),#92,.T.);
#5952=ADVANCED_FACE('',(#726),#93,.T.);
#5953=ADVANCED_FACE('',(#727),#94,.T.);
#5954=ADVANCED_FACE('',(#728),#95,.T.);
#5955=ADVANCED_FACE('',(#729),#96,.T.);
#5956=ADVANCED_FACE('',(#730),#256,.T.);
#5957=ADVANCED_FACE('',(#731),#257,.T.);
#5958=ADVANCED_FACE('',(#732),#258,.T.);
#5959=ADVANCED_FACE('',(#733),#97,.T.);
#5960=ADVANCED_FACE('',(#734),#98,.T.);
#5961=ADVANCED_FACE('',(#735),#99,.T.);
#5962=ADVANCED_FACE('',(#736),#100,.T.);
#5963=ADVANCED_FACE('',(#737),#101,.T.);
#5964=ADVANCED_FACE('',(#738),#102,.T.);
#5965=ADVANCED_FACE('',(#739),#103,.T.);
#5966=ADVANCED_FACE('',(#740),#104,.T.);
#5967=ADVANCED_FACE('',(#741),#105,.T.);
#5968=ADVANCED_FACE('',(#742),#106,.T.);
#5969=ADVANCED_FACE('',(#743),#107,.T.);
#5970=ADVANCED_FACE('',(#744),#108,.T.);
#5971=ADVANCED_FACE('',(#745),#109,.T.);
#5972=ADVANCED_FACE('',(#746),#259,.T.);
#5973=ADVANCED_FACE('',(#747),#260,.T.);
#5974=ADVANCED_FACE('',(#748),#261,.T.);
#5975=ADVANCED_FACE('',(#749),#110,.T.);
#5976=ADVANCED_FACE('',(#750),#111,.T.);
#5977=ADVANCED_FACE('',(#751),#112,.T.);
#5978=ADVANCED_FACE('',(#752),#113,.T.);
#5979=ADVANCED_FACE('',(#753),#114,.T.);
#5980=ADVANCED_FACE('',(#754),#262,.T.);
#5981=ADVANCED_FACE('',(#755),#115,.T.);
#5982=ADVANCED_FACE('',(#756),#116,.T.);
#5983=ADVANCED_FACE('',(#757),#117,.T.);
#5984=ADVANCED_FACE('',(#758),#118,.T.);
#5985=ADVANCED_FACE('',(#759),#263,.T.);
#5986=ADVANCED_FACE('',(#760,#62),#264,.T.);
#5987=ADVANCED_FACE('',(#761,#63,#64,#65,#66,#67),#265,.F.);
#5988=ADVANCED_FACE('',(#762),#266,.F.);
#5989=ADVANCED_FACE('',(#763),#267,.F.);
#5990=ADVANCED_FACE('',(#764),#268,.F.);
#5991=ADVANCED_FACE('',(#765),#269,.F.);
#5992=ADVANCED_FACE('',(#766),#270,.F.);
#5993=ADVANCED_FACE('',(#767),#271,.T.);
#5994=ADVANCED_FACE('',(#768),#272,.T.);
#5995=ADVANCED_FACE('',(#769),#273,.T.);
#5996=ADVANCED_FACE('',(#770),#274,.F.);
#5997=ADVANCED_FACE('',(#771),#275,.T.);
#5998=ADVANCED_FACE('',(#772),#276,.T.);
#5999=ADVANCED_FACE('',(#773),#277,.F.);
#6000=ADVANCED_FACE('',(#774),#278,.F.);
#6001=ADVANCED_FACE('',(#775),#279,.F.);
#6002=ADVANCED_FACE('',(#776),#280,.F.);
#6003=ADVANCED_FACE('',(#777),#281,.F.);
#6004=ADVANCED_FACE('',(#778),#282,.F.);
#6005=ADVANCED_FACE('',(#779),#283,.F.);
#6006=ADVANCED_FACE('',(#780),#284,.F.);
#6007=ADVANCED_FACE('',(#781),#285,.F.);
#6008=ADVANCED_FACE('',(#782),#286,.F.);
#6009=ADVANCED_FACE('',(#783),#287,.F.);
#6010=ADVANCED_FACE('',(#784),#5742,.T.);
#6011=ADVANCED_FACE('',(#785),#5743,.T.);
#6012=ADVANCED_FACE('',(#786),#5744,.T.);
#6013=ADVANCED_FACE('',(#787),#288,.T.);
#6014=ADVANCED_FACE('',(#788),#289,.T.);
#6015=ADVANCED_FACE('',(#789),#290,.T.);
#6016=ADVANCED_FACE('',(#790),#291,.T.);
#6017=ADVANCED_FACE('',(#791),#27,.T.);
#6018=ADVANCED_FACE('',(#792),#5745,.T.);
#6019=ADVANCED_FACE('',(#793),#28,.T.);
#6020=ADVANCED_FACE('',(#794),#29,.T.);
#6021=ADVANCED_FACE('',(#795),#30,.T.);
#6022=ADVANCED_FACE('',(#796),#5746,.T.);
#6023=ADVANCED_FACE('',(#797),#31,.T.);
#6024=ADVANCED_FACE('',(#798),#5747,.T.);
#6025=ADVANCED_FACE('',(#799),#5748,.T.);
#6026=ADVANCED_FACE('',(#800),#5749,.T.);
#6027=ADVANCED_FACE('',(#801),#32,.T.);
#6028=ADVANCED_FACE('',(#802),#5750,.T.);
#6029=ADVANCED_FACE('',(#803),#5751,.T.);
#6030=ADVANCED_FACE('',(#804),#5752,.T.);
#6031=ADVANCED_FACE('',(#805),#5753,.T.);
#6032=ADVANCED_FACE('',(#806),#5754,.T.);
#6033=ADVANCED_FACE('',(#807),#5755,.T.);
#6034=ADVANCED_FACE('',(#808),#5756,.T.);
#6035=ADVANCED_FACE('',(#809,#68,#69),#292,.T.);
#6036=ADVANCED_FACE('',(#810),#293,.F.);
#6037=ADVANCED_FACE('',(#811),#294,.T.);
#6038=ADVANCED_FACE('',(#812),#119,.T.);
#6039=ADVANCED_FACE('',(#813),#120,.T.);
#6040=ADVANCED_FACE('',(#814),#121,.T.);
#6041=ADVANCED_FACE('',(#815),#122,.T.);
#6042=ADVANCED_FACE('',(#816),#123,.T.);
#6043=ADVANCED_FACE('',(#817),#124,.T.);
#6044=ADVANCED_FACE('',(#818),#125,.T.);
#6045=ADVANCED_FACE('',(#819),#126,.T.);
#6046=ADVANCED_FACE('',(#820),#127,.T.);
#6047=ADVANCED_FACE('',(#821),#128,.T.);
#6048=ADVANCED_FACE('',(#822),#129,.T.);
#6049=ADVANCED_FACE('',(#823),#130,.T.);
#6050=ADVANCED_FACE('',(#824),#131,.T.);
#6051=ADVANCED_FACE('',(#825),#295,.T.);
#6052=ADVANCED_FACE('',(#826),#132,.T.);
#6053=ADVANCED_FACE('',(#827),#133,.T.);
#6054=ADVANCED_FACE('',(#828),#134,.T.);
#6055=ADVANCED_FACE('',(#829),#135,.T.);
#6056=ADVANCED_FACE('',(#830),#136,.T.);
#6057=ADVANCED_FACE('',(#831),#137,.T.);
#6058=ADVANCED_FACE('',(#832),#138,.T.);
#6059=ADVANCED_FACE('',(#833),#139,.T.);
#6060=ADVANCED_FACE('',(#834),#140,.T.);
#6061=ADVANCED_FACE('',(#835),#141,.T.);
#6062=ADVANCED_FACE('',(#836),#142,.T.);
#6063=ADVANCED_FACE('',(#837),#143,.T.);
#6064=ADVANCED_FACE('',(#838),#144,.T.);
#6065=ADVANCED_FACE('',(#839),#145,.T.);
#6066=ADVANCED_FACE('',(#840),#296,.T.);
#6067=ADVANCED_FACE('',(#841),#297,.T.);
#6068=ADVANCED_FACE('',(#842),#298,.T.);
#6069=ADVANCED_FACE('',(#843),#146,.T.);
#6070=ADVANCED_FACE('',(#844),#147,.T.);
#6071=ADVANCED_FACE('',(#845),#148,.T.);
#6072=ADVANCED_FACE('',(#846),#149,.T.);
#6073=ADVANCED_FACE('',(#847),#150,.T.);
#6074=ADVANCED_FACE('',(#848),#299,.T.);
#6075=ADVANCED_FACE('',(#849),#300,.T.);
#6076=ADVANCED_FACE('',(#850),#151,.T.);
#6077=ADVANCED_FACE('',(#851),#152,.T.);
#6078=ADVANCED_FACE('',(#852),#153,.T.);
#6079=ADVANCED_FACE('',(#853),#154,.T.);
#6080=ADVANCED_FACE('',(#854),#155,.T.);
#6081=ADVANCED_FACE('',(#855),#156,.T.);
#6082=ADVANCED_FACE('',(#856),#157,.T.);
#6083=ADVANCED_FACE('',(#857),#158,.T.);
#6084=ADVANCED_FACE('',(#858),#301,.T.);
#6085=ADVANCED_FACE('',(#859),#302,.T.);
#6086=ADVANCED_FACE('',(#860,#70),#303,.T.);
#6087=ADVANCED_FACE('',(#861,#71,#72),#304,.F.);
#6088=ADVANCED_FACE('',(#862),#5757,.T.);
#6089=ADVANCED_FACE('',(#863),#305,.T.);
#6090=ADVANCED_FACE('',(#864),#5758,.T.);
#6091=ADVANCED_FACE('',(#865),#306,.T.);
#6092=ADVANCED_FACE('',(#866),#307,.F.);
#6093=ADVANCED_FACE('',(#867),#308,.T.);
#6094=ADVANCED_FACE('',(#868),#309,.T.);
#6095=ADVANCED_FACE('',(#869),#310,.T.);
#6096=ADVANCED_FACE('',(#870),#311,.T.);
#6097=ADVANCED_FACE('',(#871),#312,.T.);
#6098=ADVANCED_FACE('',(#872,#73),#313,.T.);
#6099=ADVANCED_FACE('',(#873),#314,.T.);
#6100=ADVANCED_FACE('',(#874),#315,.T.);
#6101=ADVANCED_FACE('',(#875),#316,.T.);
#6102=ADVANCED_FACE('',(#876),#317,.T.);
#6103=ADVANCED_FACE('',(#877,#74),#318,.T.);
#6104=ADVANCED_FACE('',(#878),#319,.T.);
#6105=ADVANCED_FACE('',(#879),#320,.T.);
#6106=ADVANCED_FACE('',(#880),#321,.T.);
#6107=ADVANCED_FACE('',(#881),#322,.F.);
#6108=CLOSED_SHELL('',(#5759,#5760,#5761,#5762,#5763,#5764,#5765,#5766,
#5767,#5768,#5769,#5770,#5771,#5772,#5773,#5774,#5775,#5776,#5777,#5778,
#5779,#5780,#5781,#5782,#5783,#5784,#5785,#5786,#5787,#5788,#5789,#5790,
#5791,#5792,#5793,#5794,#5795,#5796,#5797,#5798,#5799,#5800,#5801,#5802,
#5803,#5804,#5805,#5806,#5807,#5808,#5809,#5810,#5811,#5812,#5813,#5814,
#5815,#5816,#5817,#5818,#5819,#5820,#5821,#5822,#5823));
#6109=CLOSED_SHELL('',(#5824,#5825,#5826,#5827,#5828,#5829,#5830,#5831,
#5832,#5833,#5834,#5835,#5836,#5837,#5838,#5839,#5840,#5841,#5842,#5843,
#5844,#5845,#5846,#5847,#5848,#5849,#5850,#5851,#5852,#5853,#5854,#5855,
#5856,#5857,#5858,#5859,#5860,#5861,#5862,#5863,#5864,#5865,#5866,#5867,
#5868,#5869,#5870,#5871,#5872,#5873,#5874,#5875,#5876,#5877,#5878,#5879,
#5880,#5881,#5882,#5883,#5884,#5885,#5886,#5887,#5888,#5889,#5890,#5891,
#5892,#5893,#5894,#5895,#5896,#5897,#5898,#5899,#5900,#5901,#5902,#5903,
#5904,#5905,#5906,#5907,#5908,#5909,#5910,#5911,#5912,#5913,#5914,#5915,
#5916,#5917,#5918,#5919,#5920,#5921,#5922,#5923,#5924,#5925,#5926,#5927,
#5928,#5929,#5930,#5931,#5932,#5933,#5934,#5935,#5936,#5937,#5938,#5939,
#5940,#5941,#5942,#5943,#5944,#5945,#5946,#5947,#5948,#5949,#5950,#5951,
#5952,#5953,#5954,#5955,#5956,#5957,#5958,#5959,#5960,#5961,#5962,#5963,
#5964,#5965,#5966,#5967,#5968,#5969,#5970,#5971,#5972,#5973,#5974,#5975,
#5976,#5977,#5978,#5979,#5980,#5981,#5982,#5983,#5984,#5985,#5986,#5987,
#5988,#5989,#5990,#5991,#5992,#5993,#5994,#5995,#5996,#5997,#5998,#5999,
#6000,#6001,#6002,#6003,#6004,#6005,#6006,#6007,#6008,#6009,#6010,#6011,
#6012,#6013,#6014,#6015,#6016,#6017,#6018,#6019,#6020,#6021,#6022,#6023,
#6024,#6025,#6026,#6027,#6028,#6029,#6030,#6031,#6032,#6033,#6034,#6035,
#6036));
#6110=CLOSED_SHELL('',(#6037,#6038,#6039,#6040,#6041,#6042,#6043,#6044,
#6045,#6046,#6047,#6048,#6049,#6050,#6051,#6052,#6053,#6054,#6055,#6056,
#6057,#6058,#6059,#6060,#6061,#6062,#6063,#6064,#6065,#6066,#6067,#6068,
#6069,#6070,#6071,#6072,#6073,#6074,#6075,#6076,#6077,#6078,#6079,#6080,
#6081,#6082,#6083,#6084,#6085,#6086,#6087,#6088,#6089,#6090,#6091,#6092,
#6093,#6094,#6095,#6096,#6097,#6098,#6099,#6100,#6101,#6102,#6103,#6104,
#6105,#6106,#6107));
#6111=DERIVED_UNIT_ELEMENT(#6115,1.);
#6112=DERIVED_UNIT_ELEMENT(#11469,-3.);
#6113=DERIVED_UNIT_ELEMENT(#6115,1.);
#6114=DERIVED_UNIT_ELEMENT(#11469,-3.);
#6115=(
MASS_UNIT()
NAMED_UNIT(*)
SI_UNIT(.KILO.,.GRAM.)
);
#6116=DERIVED_UNIT((#6111,#6112));
#6117=DERIVED_UNIT((#6113,#6114));
#6118=MEASURE_REPRESENTATION_ITEM('density measure',
POSITIVE_RATIO_MEASURE(7850.),#6116);
#6119=MEASURE_REPRESENTATION_ITEM('density measure',
POSITIVE_RATIO_MEASURE(7850.),#6117);
#6120=PROPERTY_DEFINITION_REPRESENTATION(#6130,#6124);
#6121=PROPERTY_DEFINITION_REPRESENTATION(#6131,#6125);
#6122=PROPERTY_DEFINITION_REPRESENTATION(#6132,#6126);
#6123=PROPERTY_DEFINITION_REPRESENTATION(#6133,#6127);
#6124=REPRESENTATION('material name',(#6128),#11465);
#6125=REPRESENTATION('density',(#6118),#11465);
#6126=REPRESENTATION('material name',(#6129),#11466);
#6127=REPRESENTATION('density',(#6119),#11466);
#6128=DESCRIPTIVE_REPRESENTATION_ITEM('Steel','Steel');
#6129=DESCRIPTIVE_REPRESENTATION_ITEM('Steel','Steel');
#6130=PROPERTY_DEFINITION('material property','material name',#11490);
#6131=PROPERTY_DEFINITION('material property','density of part',#11490);
#6132=PROPERTY_DEFINITION('material property','material name',#11491);
#6133=PROPERTY_DEFINITION('material property','density of part',#11491);
#6134=AXIS2_PLACEMENT_3D('',#7970,#6566,#6567);
#6135=AXIS2_PLACEMENT_3D('',#7971,#6568,#6569);
#6136=AXIS2_PLACEMENT_3D('',#7972,#6570,#6571);
#6137=AXIS2_PLACEMENT_3D('',#7973,#6572,#6573);
#6138=AXIS2_PLACEMENT_3D('',#7976,#6574,#6575);
#6139=AXIS2_PLACEMENT_3D('',#7980,#6577,#6578);
#6140=AXIS2_PLACEMENT_3D('',#7982,#6580,#6581);
#6141=AXIS2_PLACEMENT_3D('',#7991,#6582,#6583);
#6142=AXIS2_PLACEMENT_3D('',#7992,#6584,#6585);
#6143=AXIS2_PLACEMENT_3D('',#7993,#6586,#6587);
#6144=AXIS2_PLACEMENT_3D('',#8009,#6589,#6590);
#6145=AXIS2_PLACEMENT_3D('',#8010,#6591,#6592);
#6146=AXIS2_PLACEMENT_3D('',#8020,#6593,#6594);
#6147=AXIS2_PLACEMENT_3D('',#8021,#6595,#6596);
#6148=AXIS2_PLACEMENT_3D('',#8027,#6599,#6600);
#6149=AXIS2_PLACEMENT_3D('',#8031,#6602,#6603);
#6150=AXIS2_PLACEMENT_3D('',#8034,#6605,#6606);
#6151=AXIS2_PLACEMENT_3D('',#8035,#6607,#6608);
#6152=AXIS2_PLACEMENT_3D('',#8039,#6611,#6612);
#6153=AXIS2_PLACEMENT_3D('',#8042,#6613,#6614);
#6154=AXIS2_PLACEMENT_3D('',#8044,#6615,#6616);
#6155=AXIS2_PLACEMENT_3D('',#8052,#6617,#6618);
#6156=AXIS2_PLACEMENT_3D('',#8053,#6619,#6620);
#6157=AXIS2_PLACEMENT_3D('',#8056,#6621,#6622);
#6158=AXIS2_PLACEMENT_3D('',#8059,#6625,#6626);
#6159=AXIS2_PLACEMENT_3D('',#8073,#6627,#6628);
#6160=AXIS2_PLACEMENT_3D('',#8075,#6630,#6631);
#6161=AXIS2_PLACEMENT_3D('',#8084,#6632,#6633);
#6162=AXIS2_PLACEMENT_3D('',#8088,#6635,#6636);
#6163=AXIS2_PLACEMENT_3D('',#8092,#6638,#6639);
#6164=AXIS2_PLACEMENT_3D('',#8095,#6641,#6642);
#6165=AXIS2_PLACEMENT_3D('',#8096,#6643,#6644);
#6166=AXIS2_PLACEMENT_3D('',#8098,#6645,#6646);
#6167=AXIS2_PLACEMENT_3D('',#8101,#6648,#6649);
#6168=AXIS2_PLACEMENT_3D('',#8102,#6650,#6651);
#6169=AXIS2_PLACEMENT_3D('',#8110,#6652,#6653);
#6170=AXIS2_PLACEMENT_3D('',#8111,#6654,#6655);
#6171=AXIS2_PLACEMENT_3D('',#8127,#6657,#6658);
#6172=AXIS2_PLACEMENT_3D('',#8128,#6659,#6660);
#6173=AXIS2_PLACEMENT_3D('',#8138,#6661,#6662);
#6174=AXIS2_PLACEMENT_3D('',#8139,#6663,#6664);
#6175=AXIS2_PLACEMENT_3D('',#8145,#6667,#6668);
#6176=AXIS2_PLACEMENT_3D('',#8149,#6670,#6671);
#6177=AXIS2_PLACEMENT_3D('',#8152,#6673,#6674);
#6178=AXIS2_PLACEMENT_3D('',#8153,#6675,#6676);
#6179=AXIS2_PLACEMENT_3D('',#8157,#6679,#6680);
#6180=AXIS2_PLACEMENT_3D('',#8160,#6681,#6682);
#6181=AXIS2_PLACEMENT_3D('',#8162,#6683,#6684);
#6182=AXIS2_PLACEMENT_3D('',#8170,#6685,#6686);
#6183=AXIS2_PLACEMENT_3D('',#8171,#6687,#6688);
#6184=AXIS2_PLACEMENT_3D('',#8174,#6689,#6690);
#6185=AXIS2_PLACEMENT_3D('',#8177,#6693,#6694);
#6186=AXIS2_PLACEMENT_3D('',#8191,#6695,#6696);
#6187=AXIS2_PLACEMENT_3D('',#8193,#6698,#6699);
#6188=AXIS2_PLACEMENT_3D('',#8202,#6700,#6701);
#6189=AXIS2_PLACEMENT_3D('',#8204,#6702,#6703);
#6190=AXIS2_PLACEMENT_3D('',#8207,#6705,#6706);
#6191=AXIS2_PLACEMENT_3D('',#8209,#6708,#6709);
#6192=AXIS2_PLACEMENT_3D('',#8211,#6711,#6712);
#6193=AXIS2_PLACEMENT_3D('',#8213,#6714,#6715);
#6194=AXIS2_PLACEMENT_3D('',#8217,#6718,#6719);
#6195=AXIS2_PLACEMENT_3D('',#8220,#6720,#6721);
#6196=AXIS2_PLACEMENT_3D('',#8221,#6722,#6723);
#6197=AXIS2_PLACEMENT_3D('',#8223,#6724,#6725);
#6198=AXIS2_PLACEMENT_3D('',#8224,#6726,#6727);
#6199=AXIS2_PLACEMENT_3D('',#8225,#6728,#6729);
#6200=AXIS2_PLACEMENT_3D('',#8248,#6731,#6732);
#6201=AXIS2_PLACEMENT_3D('',#8249,#6733,#6734);
#6202=AXIS2_PLACEMENT_3D('',#8250,#6735,#6736);
#6203=AXIS2_PLACEMENT_3D('',#8252,#6738,#6739);
#6204=AXIS2_PLACEMENT_3D('',#8255,#6740,#6741);
#6205=AXIS2_PLACEMENT_3D('',#8257,#6742,#6743);
#6206=AXIS2_PLACEMENT_3D('',#8258,#6744,#6745);
#6207=AXIS2_PLACEMENT_3D('',#8259,#6746,#6747);
#6208=AXIS2_PLACEMENT_3D('',#8260,#6748,#6749);
#6209=AXIS2_PLACEMENT_3D('',#8263,#6752,#6753);
#6210=AXIS2_PLACEMENT_3D('',#8265,#6754,#6755);
#6211=AXIS2_PLACEMENT_3D('',#8287,#6757,#6758);
#6212=AXIS2_PLACEMENT_3D('',#8288,#6759,#6760);
#6213=AXIS2_PLACEMENT_3D('',#8290,#6762,#6763);
#6214=AXIS2_PLACEMENT_3D('',#8306,#6771,#6772);
#6215=AXIS2_PLACEMENT_3D('',#8310,#6774,#6775);
#6216=AXIS2_PLACEMENT_3D('',#8312,#6777,#6778);
#6217=AXIS2_PLACEMENT_3D('',#8313,#6779,#6780);
#6218=AXIS2_PLACEMENT_3D('',#8317,#6783,#6784);
#6219=AXIS2_PLACEMENT_3D('',#8319,#6785,#6786);
#6220=AXIS2_PLACEMENT_3D('',#8320,#6787,#6788);
#6221=AXIS2_PLACEMENT_3D('',#8321,#6789,#6790);
#6222=AXIS2_PLACEMENT_3D('',#8322,#6791,#6792);
#6223=AXIS2_PLACEMENT_3D('',#8324,#6793,#6794);
#6224=AXIS2_PLACEMENT_3D('',#8325,#6795,#6796);
#6225=AXIS2_PLACEMENT_3D('',#8326,#6797,#6798);
#6226=AXIS2_PLACEMENT_3D('',#8327,#6799,#6800);
#6227=AXIS2_PLACEMENT_3D('',#8329,#6802,#6803);
#6228=AXIS2_PLACEMENT_3D('',#8330,#6804,#6805);
#6229=AXIS2_PLACEMENT_3D('',#8332,#6806,#6807);
#6230=AXIS2_PLACEMENT_3D('',#8354,#6809,#6810);
#6231=AXIS2_PLACEMENT_3D('',#8376,#6811,#6812);
#6232=AXIS2_PLACEMENT_3D('',#8377,#6813,#6814);
#6233=AXIS2_PLACEMENT_3D('',#8378,#6815,#6816);
#6234=AXIS2_PLACEMENT_3D('',#8380,#6818,#6819);
#6235=AXIS2_PLACEMENT_3D('',#8381,#6820,#6821);
#6236=AXIS2_PLACEMENT_3D('',#8384,#6824,#6825);
#6237=AXIS2_PLACEMENT_3D('',#8387,#6828,#6829);
#6238=AXIS2_PLACEMENT_3D('',#8388,#6830,#6831);
#6239=AXIS2_PLACEMENT_3D('',#8389,#6832,#6833);
#6240=AXIS2_PLACEMENT_3D('',#8390,#6834,#6835);
#6241=AXIS2_PLACEMENT_3D('',#8396,#6839,#6840);
#6242=AXIS2_PLACEMENT_3D('',#8402,#6844,#6845);
#6243=AXIS2_PLACEMENT_3D('',#8411,#6850,#6851);
#6244=AXIS2_PLACEMENT_3D('',#8417,#6855,#6856);
#6245=AXIS2_PLACEMENT_3D('',#8421,#6859,#6860);
#6246=AXIS2_PLACEMENT_3D('',#8427,#6864,#6865);
#6247=AXIS2_PLACEMENT_3D('',#8431,#6868,#6869);
#6248=AXIS2_PLACEMENT_3D('',#8435,#6872,#6873);
#6249=AXIS2_PLACEMENT_3D('',#8439,#6876,#6877);
#6250=AXIS2_PLACEMENT_3D('',#8445,#6881,#6882);
#6251=AXIS2_PLACEMENT_3D('',#8450,#6886,#6887);
#6252=AXIS2_PLACEMENT_3D('',#8454,#6890,#6891);
#6253=AXIS2_PLACEMENT_3D('',#8456,#6893,#6894);
#6254=AXIS2_PLACEMENT_3D('',#8457,#6895,#6896);
#6255=AXIS2_PLACEMENT_3D('',#8460,#6897,#6898);
#6256=AXIS2_PLACEMENT_3D('',#8464,#6900,#6901);
#6257=AXIS2_PLACEMENT_3D('',#8466,#6903,#6904);
#6258=AXIS2_PLACEMENT_3D('',#8480,#6912,#6913);
#6259=AXIS2_PLACEMENT_3D('',#8483,#6914,#6915);
#6260=AXIS2_PLACEMENT_3D('',#8487,#6917,#6918);
#6261=AXIS2_PLACEMENT_3D('',#8489,#6920,#6921);
#6262=AXIS2_PLACEMENT_3D('',#8497,#6926,#6927);
#6263=AXIS2_PLACEMENT_3D('',#8506,#6932,#6933);
#6264=AXIS2_PLACEMENT_3D('',#8515,#6938,#6939);
#6265=AXIS2_PLACEMENT_3D('',#8517,#6941,#6942);
#6266=AXIS2_PLACEMENT_3D('',#8518,#6943,#6944);
#6267=AXIS2_PLACEMENT_3D('',#8522,#6946,#6947);
#6268=AXIS2_PLACEMENT_3D('',#8524,#6948,#6949);
#6269=AXIS2_PLACEMENT_3D('',#8527,#6951,#6952);
#6270=AXIS2_PLACEMENT_3D('',#8529,#6954,#6955);
#6271=AXIS2_PLACEMENT_3D('',#8530,#6956,#6957);
#6272=AXIS2_PLACEMENT_3D('',#8534,#6959,#6960);
#6273=AXIS2_PLACEMENT_3D('',#8536,#6962,#6963);
#6274=AXIS2_PLACEMENT_3D('',#8537,#6964,#6965);
#6275=AXIS2_PLACEMENT_3D('',#8540,#6967,#6968);
#6276=AXIS2_PLACEMENT_3D('',#8541,#6969,#6970);
#6277=AXIS2_PLACEMENT_3D('',#8545,#6973,#6974);
#6278=AXIS2_PLACEMENT_3D('',#8547,#6975,#6976);
#6279=AXIS2_PLACEMENT_3D('',#8564,#6978,#6979);
#6280=AXIS2_PLACEMENT_3D('',#8572,#6981,#6982);
#6281=AXIS2_PLACEMENT_3D('',#8573,#6983,#6984);
#6282=AXIS2_PLACEMENT_3D('',#8579,#6988,#6989);
#6283=AXIS2_PLACEMENT_3D('',#8584,#6990,#6991);
#6284=AXIS2_PLACEMENT_3D('',#8585,#6992,#6993);
#6285=AXIS2_PLACEMENT_3D('',#8587,#6994,#6995);
#6286=AXIS2_PLACEMENT_3D('',#8589,#6996,#6997);
#6287=AXIS2_PLACEMENT_3D('',#8590,#6998,#6999);
#6288=AXIS2_PLACEMENT_3D('',#8591,#7000,#7001);
#6289=AXIS2_PLACEMENT_3D('',#8592,#7002,#7003);
#6290=AXIS2_PLACEMENT_3D('',#8597,#7007,#7008);
#6291=AXIS2_PLACEMENT_3D('',#8605,#7010,#7011);
#6292=AXIS2_PLACEMENT_3D('',#8606,#7012,#7013);
#6293=AXIS2_PLACEMENT_3D('',#8612,#7017,#7018);
#6294=AXIS2_PLACEMENT_3D('',#8617,#7019,#7020);
#6295=AXIS2_PLACEMENT_3D('',#8618,#7021,#7022);
#6296=AXIS2_PLACEMENT_3D('',#8620,#7023,#7024);
#6297=AXIS2_PLACEMENT_3D('',#8622,#7025,#7026);
#6298=AXIS2_PLACEMENT_3D('',#8624,#7027,#7028);
#6299=AXIS2_PLACEMENT_3D('',#8625,#7029,#7030);
#6300=AXIS2_PLACEMENT_3D('',#8626,#7031,#7032);
#6301=AXIS2_PLACEMENT_3D('',#8632,#7036,#7037);
#6302=AXIS2_PLACEMENT_3D('',#8636,#7040,#7041);
#6303=AXIS2_PLACEMENT_3D('',#8637,#7042,#7043);
#6304=AXIS2_PLACEMENT_3D('',#8639,#7045,#7046);
#6305=AXIS2_PLACEMENT_3D('',#8643,#7049,#7050);
#6306=AXIS2_PLACEMENT_3D('',#8644,#7051,#7052);
#6307=AXIS2_PLACEMENT_3D('',#8648,#7055,#7056);
#6308=AXIS2_PLACEMENT_3D('',#8665,#7058,#7059);
#6309=AXIS2_PLACEMENT_3D('',#8666,#7060,#7061);
#6310=AXIS2_PLACEMENT_3D('',#8668,#7063,#7064);
#6311=AXIS2_PLACEMENT_3D('',#8669,#7065,#7066);
#6312=AXIS2_PLACEMENT_3D('',#8671,#7067,#7068);
#6313=AXIS2_PLACEMENT_3D('',#8673,#7070,#7071);
#6314=AXIS2_PLACEMENT_3D('',#8677,#7074,#7075);
#6315=AXIS2_PLACEMENT_3D('',#8679,#7076,#7077);
#6316=AXIS2_PLACEMENT_3D('',#8696,#7079,#7080);
#6317=AXIS2_PLACEMENT_3D('',#8715,#7082,#7083);
#6318=AXIS2_PLACEMENT_3D('',#8717,#7085,#7086);
#6319=AXIS2_PLACEMENT_3D('',#8728,#7092,#7093);
#6320=AXIS2_PLACEMENT_3D('',#8732,#7095,#7096);
#6321=AXIS2_PLACEMENT_3D('',#8736,#7098,#7099);
#6322=AXIS2_PLACEMENT_3D('',#8737,#7100,#7101);
#6323=AXIS2_PLACEMENT_3D('',#8738,#7102,#7103);
#6324=AXIS2_PLACEMENT_3D('',#8740,#7105,#7106);
#6325=AXIS2_PLACEMENT_3D('',#8741,#7107,#7108);
#6326=AXIS2_PLACEMENT_3D('',#8742,#7109,#7110);
#6327=AXIS2_PLACEMENT_3D('',#8743,#7111,#7112);
#6328=AXIS2_PLACEMENT_3D('',#8746,#7113,#7114);
#6329=AXIS2_PLACEMENT_3D('',#8748,#7115,#7116);
#6330=AXIS2_PLACEMENT_3D('',#8750,#7117,#7118);
#6331=AXIS2_PLACEMENT_3D('',#8751,#7119,#7120);
#6332=AXIS2_PLACEMENT_3D('',#8752,#7121,#7122);
#6333=AXIS2_PLACEMENT_3D('',#8755,#7123,#7124);
#6334=AXIS2_PLACEMENT_3D('',#8758,#7127,#7128);
#6335=AXIS2_PLACEMENT_3D('',#8761,#7129,#7130);
#6336=AXIS2_PLACEMENT_3D('',#8762,#7131,#7132);
#6337=AXIS2_PLACEMENT_3D('',#8763,#7133,#7134);
#6338=AXIS2_PLACEMENT_3D('',#8764,#7135,#7136);
#6339=AXIS2_PLACEMENT_3D('',#8767,#7137,#7138);
#6340=AXIS2_PLACEMENT_3D('',#8770,#7141,#7142);
#6341=AXIS2_PLACEMENT_3D('',#8773,#7143,#7144);
#6342=AXIS2_PLACEMENT_3D('',#8774,#7145,#7146);
#6343=AXIS2_PLACEMENT_3D('',#8775,#7147,#7148);
#6344=AXIS2_PLACEMENT_3D('',#8776,#7149,#7150);
#6345=AXIS2_PLACEMENT_3D('',#8779,#7151,#7152);
#6346=AXIS2_PLACEMENT_3D('',#8782,#7155,#7156);
#6347=AXIS2_PLACEMENT_3D('',#8785,#7157,#7158);
#6348=AXIS2_PLACEMENT_3D('',#8786,#7159,#7160);
#6349=AXIS2_PLACEMENT_3D('',#8787,#7161,#7162);
#6350=AXIS2_PLACEMENT_3D('',#8788,#7163,#7164);
#6351=AXIS2_PLACEMENT_3D('',#8791,#7167,#7168);
#6352=AXIS2_PLACEMENT_3D('',#8797,#7172,#7173);
#6353=AXIS2_PLACEMENT_3D('',#8800,#7175,#7176);
#6354=AXIS2_PLACEMENT_3D('',#8801,#7177,#7178);
#6355=AXIS2_PLACEMENT_3D('',#8805,#7181,#7182);
#6356=AXIS2_PLACEMENT_3D('',#8808,#7184,#7185);
#6357=AXIS2_PLACEMENT_3D('',#8809,#7186,#7187);
#6358=AXIS2_PLACEMENT_3D('',#8811,#7188,#7189);
#6359=AXIS2_PLACEMENT_3D('',#8812,#7190,#7191);
#6360=AXIS2_PLACEMENT_3D('',#8816,#7193,#7194);
#6361=AXIS2_PLACEMENT_3D('',#8818,#7196,#7197);
#6362=AXIS2_PLACEMENT_3D('',#8820,#7199,#7200);
#6363=AXIS2_PLACEMENT_3D('',#8822,#7201,#7202);
#6364=AXIS2_PLACEMENT_3D('',#8824,#7204,#7205);
#6365=AXIS2_PLACEMENT_3D('',#8826,#7206,#7207);
#6366=AXIS2_PLACEMENT_3D('',#8828,#7208,#7209);
#6367=AXIS2_PLACEMENT_3D('',#8830,#7210,#7211);
#6368=AXIS2_PLACEMENT_3D('',#8831,#7212,#7213);
#6369=AXIS2_PLACEMENT_3D('',#8832,#7214,#7215);
#6370=AXIS2_PLACEMENT_3D('',#8834,#7217,#7218);
#6371=AXIS2_PLACEMENT_3D('',#8835,#7219,#7220);
#6372=AXIS2_PLACEMENT_3D('',#8837,#7221,#7222);
#6373=AXIS2_PLACEMENT_3D('',#8840,#7224,#7225);
#6374=AXIS2_PLACEMENT_3D('',#8841,#7226,#7227);
#6375=AXIS2_PLACEMENT_3D('',#8842,#7228,#7229);
#6376=AXIS2_PLACEMENT_3D('',#8844,#7230,#7231);
#6377=AXIS2_PLACEMENT_3D('',#8847,#7233,#7234);
#6378=AXIS2_PLACEMENT_3D('',#8848,#7235,#7236);
#6379=AXIS2_PLACEMENT_3D('',#8849,#7237,#7238);
#6380=AXIS2_PLACEMENT_3D('',#8858,#7243,#7244);
#6381=AXIS2_PLACEMENT_3D('',#8867,#7249,#7250);
#6382=AXIS2_PLACEMENT_3D('',#8870,#7253,#7254);
#6383=AXIS2_PLACEMENT_3D('',#8879,#7259,#7260);
#6384=AXIS2_PLACEMENT_3D('',#8888,#7265,#7266);
#6385=AXIS2_PLACEMENT_3D('',#8891,#7269,#7270);
#6386=AXIS2_PLACEMENT_3D('',#8901,#7276,#7277);
#6387=AXIS2_PLACEMENT_3D('',#8910,#7283,#7284);
#6388=AXIS2_PLACEMENT_3D('',#8919,#7290,#7291);
#6389=AXIS2_PLACEMENT_3D('',#8924,#7295,#7296);
#6390=AXIS2_PLACEMENT_3D('',#8926,#7298,#7299);
#6391=AXIS2_PLACEMENT_3D('',#8928,#7301,#7302);
#6392=AXIS2_PLACEMENT_3D('',#8931,#7303,#7304);
#6393=AXIS2_PLACEMENT_3D('',#8957,#7307,#7308);
#6394=AXIS2_PLACEMENT_3D('',#8958,#7309,#7310);
#6395=AXIS2_PLACEMENT_3D('',#8959,#7311,#7312);
#6396=AXIS2_PLACEMENT_3D('',#8960,#7313,#7314);
#6397=AXIS2_PLACEMENT_3D('',#8963,#7315,#7316);
#6398=AXIS2_PLACEMENT_3D('',#8977,#7319,#7320);
#6399=AXIS2_PLACEMENT_3D('',#8978,#7321,#7322);
#6400=AXIS2_PLACEMENT_3D('',#8979,#7323,#7324);
#6401=AXIS2_PLACEMENT_3D('',#8980,#7325,#7326);
#6402=AXIS2_PLACEMENT_3D('',#8995,#7329,#7330);
#6403=AXIS2_PLACEMENT_3D('',#8998,#7333,#7334);
#6404=AXIS2_PLACEMENT_3D('',#9000,#7336,#7337);
#6405=AXIS2_PLACEMENT_3D('',#9002,#7339,#7340);
#6406=AXIS2_PLACEMENT_3D('',#9004,#7342,#7343);
#6407=AXIS2_PLACEMENT_3D('',#9006,#7345,#7346);
#6408=AXIS2_PLACEMENT_3D('',#9007,#7347,#7348);
#6409=AXIS2_PLACEMENT_3D('',#9008,#7349,#7350);
#6410=AXIS2_PLACEMENT_3D('',#9010,#7351,#7352);
#6411=AXIS2_PLACEMENT_3D('',#9013,#7354,#7355);
#6412=AXIS2_PLACEMENT_3D('',#9014,#7356,#7357);
#6413=AXIS2_PLACEMENT_3D('',#9015,#7358,#7359);
#6414=AXIS2_PLACEMENT_3D('',#9017,#7360,#7361);
#6415=AXIS2_PLACEMENT_3D('',#9019,#7362,#7363);
#6416=AXIS2_PLACEMENT_3D('',#9021,#7364,#7365);
#6417=AXIS2_PLACEMENT_3D('',#9022,#7366,#7367);
#6418=AXIS2_PLACEMENT_3D('',#9023,#7368,#7369);
#6419=AXIS2_PLACEMENT_3D('',#9025,#7371,#7372);
#6420=AXIS2_PLACEMENT_3D('',#9026,#7373,#7374);
#6421=AXIS2_PLACEMENT_3D('',#9035,#7379,#7380);
#6422=AXIS2_PLACEMENT_3D('',#9041,#7384,#7385);
#6423=AXIS2_PLACEMENT_3D('',#9047,#7389,#7390);
#6424=AXIS2_PLACEMENT_3D('',#9050,#7393,#7394);
#6425=AXIS2_PLACEMENT_3D('',#9051,#7395,#7396);
#6426=AXIS2_PLACEMENT_3D('',#9060,#7401,#7402);
#6427=AXIS2_PLACEMENT_3D('',#9066,#7406,#7407);
#6428=AXIS2_PLACEMENT_3D('',#9072,#7411,#7412);
#6429=AXIS2_PLACEMENT_3D('',#9075,#7415,#7416);
#6430=AXIS2_PLACEMENT_3D('',#9076,#7417,#7418);
#6431=AXIS2_PLACEMENT_3D('',#9085,#7423,#7424);
#6432=AXIS2_PLACEMENT_3D('',#9091,#7428,#7429);
#6433=AXIS2_PLACEMENT_3D('',#9097,#7433,#7434);
#6434=AXIS2_PLACEMENT_3D('',#9100,#7437,#7438);
#6435=AXIS2_PLACEMENT_3D('',#9101,#7439,#7440);
#6436=AXIS2_PLACEMENT_3D('',#9110,#7445,#7446);
#6437=AXIS2_PLACEMENT_3D('',#9116,#7450,#7451);
#6438=AXIS2_PLACEMENT_3D('',#9122,#7455,#7456);
#6439=AXIS2_PLACEMENT_3D('',#9125,#7459,#7460);
#6440=AXIS2_PLACEMENT_3D('',#9126,#7461,#7462);
#6441=AXIS2_PLACEMENT_3D('',#9135,#7467,#7468);
#6442=AXIS2_PLACEMENT_3D('',#9141,#7472,#7473);
#6443=AXIS2_PLACEMENT_3D('',#9147,#7477,#7478);
#6444=AXIS2_PLACEMENT_3D('',#9150,#7481,#7482);
#6445=AXIS2_PLACEMENT_3D('',#9663,#7502,#7503);
#6446=AXIS2_PLACEMENT_3D('',#9754,#7512,#7513);
#6447=AXIS2_PLACEMENT_3D('',#9758,#7516,#7517);
#6448=AXIS2_PLACEMENT_3D('',#9762,#7520,#7521);
#6449=AXIS2_PLACEMENT_3D('',#9985,#7536,#7537);
#6450=AXIS2_PLACEMENT_3D('',#9986,#7538,#7539);
#6451=AXIS2_PLACEMENT_3D('',#9995,#7544,#7545);
#6452=AXIS2_PLACEMENT_3D('',#10116,#7554,#7555);
#6453=AXIS2_PLACEMENT_3D('',#10187,#7562,#7563);
#6454=AXIS2_PLACEMENT_3D('',#10189,#7565,#7566);
#6455=AXIS2_PLACEMENT_3D('',#10190,#7567,#7568);
#6456=AXIS2_PLACEMENT_3D('',#10199,#7573,#7574);
#6457=AXIS2_PLACEMENT_3D('',#10202,#7577,#7578);
#6458=AXIS2_PLACEMENT_3D('',#10204,#7580,#7581);
#6459=AXIS2_PLACEMENT_3D('',#10206,#7583,#7584);
#6460=AXIS2_PLACEMENT_3D('',#10207,#7585,#7586);
#6461=AXIS2_PLACEMENT_3D('',#10208,#7587,#7588);
#6462=AXIS2_PLACEMENT_3D('',#10217,#7593,#7594);
#6463=AXIS2_PLACEMENT_3D('',#10223,#7598,#7599);
#6464=AXIS2_PLACEMENT_3D('',#10229,#7602,#7603);
#6465=AXIS2_PLACEMENT_3D('',#10237,#7607,#7608);
#6466=AXIS2_PLACEMENT_3D('',#10253,#7617,#7618);
#6467=AXIS2_PLACEMENT_3D('',#10262,#7624,#7625);
#6468=AXIS2_PLACEMENT_3D('',#10268,#7629,#7630);
#6469=AXIS2_PLACEMENT_3D('',#10274,#7634,#7635);
#6470=AXIS2_PLACEMENT_3D('',#10278,#7638,#7639);
#6471=AXIS2_PLACEMENT_3D('',#10282,#7642,#7643);
#6472=AXIS2_PLACEMENT_3D('',#10286,#7646,#7647);
#6473=AXIS2_PLACEMENT_3D('',#10288,#7649,#7650);
#6474=AXIS2_PLACEMENT_3D('',#10289,#7651,#7652);
#6475=AXIS2_PLACEMENT_3D('',#10293,#7655,#7656);
#6476=AXIS2_PLACEMENT_3D('',#10297,#7659,#7660);
#6477=AXIS2_PLACEMENT_3D('',#10299,#7662,#7663);
#6478=AXIS2_PLACEMENT_3D('',#10305,#7667,#7668);
#6479=AXIS2_PLACEMENT_3D('',#10307,#7670,#7671);
#6480=AXIS2_PLACEMENT_3D('',#10309,#7673,#7674);
#6481=AXIS2_PLACEMENT_3D('',#10312,#7676,#7677);
#6482=AXIS2_PLACEMENT_3D('',#10313,#7678,#7679);
#6483=AXIS2_PLACEMENT_3D('',#10315,#7680,#7681);
#6484=AXIS2_PLACEMENT_3D('',#10317,#7683,#7684);
#6485=AXIS2_PLACEMENT_3D('',#10319,#7686,#7687);
#6486=AXIS2_PLACEMENT_3D('',#10321,#7689,#7690);
#6487=AXIS2_PLACEMENT_3D('',#10325,#7693,#7694);
#6488=AXIS2_PLACEMENT_3D('',#10329,#7697,#7698);
#6489=AXIS2_PLACEMENT_3D('',#10331,#7700,#7701);
#6490=AXIS2_PLACEMENT_3D('',#10333,#7702,#7703);
#6491=AXIS2_PLACEMENT_3D('',#10334,#7704,#7705);
#6492=AXIS2_PLACEMENT_3D('',#10335,#7706,#7707);
#6493=AXIS2_PLACEMENT_3D('',#10336,#7708,#7709);
#6494=AXIS2_PLACEMENT_3D('',#10338,#7711,#7712);
#6495=AXIS2_PLACEMENT_3D('',#10339,#7713,#7714);
#6496=AXIS2_PLACEMENT_3D('',#10341,#7715,#7716);
#6497=AXIS2_PLACEMENT_3D('',#10342,#7717,#7718);
#6498=AXIS2_PLACEMENT_3D('',#10343,#7719,#7720);
#6499=AXIS2_PLACEMENT_3D('',#10344,#7721,#7722);
#6500=AXIS2_PLACEMENT_3D('',#10346,#7723,#7724);
#6501=AXIS2_PLACEMENT_3D('',#10347,#7725,#7726);
#6502=AXIS2_PLACEMENT_3D('',#10348,#7727,#7728);
#6503=AXIS2_PLACEMENT_3D('',#10350,#7729,#7730);
#6504=AXIS2_PLACEMENT_3D('',#10351,#7731,#7732);
#6505=AXIS2_PLACEMENT_3D('',#10352,#7733,#7734);
#6506=AXIS2_PLACEMENT_3D('',#10353,#7735,#7736);
#6507=AXIS2_PLACEMENT_3D('',#10354,#7737,#7738);
#6508=AXIS2_PLACEMENT_3D('',#10355,#7739,#7740);
#6509=AXIS2_PLACEMENT_3D('',#10357,#7741,#7742);
#6510=AXIS2_PLACEMENT_3D('',#10358,#7743,#7744);
#6511=AXIS2_PLACEMENT_3D('',#10359,#7745,#7746);
#6512=AXIS2_PLACEMENT_3D('',#10361,#7748,#7749);
#6513=AXIS2_PLACEMENT_3D('',#10363,#7751,#7752);
#6514=AXIS2_PLACEMENT_3D('',#10365,#7754,#7755);
#6515=AXIS2_PLACEMENT_3D('',#10366,#7756,#7757);
#6516=AXIS2_PLACEMENT_3D('',#10368,#7758,#7759);
#6517=AXIS2_PLACEMENT_3D('',#10369,#7760,#7761);
#6518=AXIS2_PLACEMENT_3D('',#10370,#7762,#7763);
#6519=AXIS2_PLACEMENT_3D('',#10372,#7765,#7766);
#6520=AXIS2_PLACEMENT_3D('',#10374,#7768,#7769);
#6521=AXIS2_PLACEMENT_3D('',#10375,#7770,#7771);
#6522=AXIS2_PLACEMENT_3D('',#10376,#7772,#7773);
#6523=AXIS2_PLACEMENT_3D('',#10378,#7775,#7776);
#6524=AXIS2_PLACEMENT_3D('',#10380,#7778,#7779);
#6525=AXIS2_PLACEMENT_3D('',#10381,#7780,#7781);
#6526=AXIS2_PLACEMENT_3D('',#10382,#7782,#7783);
#6527=AXIS2_PLACEMENT_3D('',#10383,#7784,#7785);
#6528=AXIS2_PLACEMENT_3D('',#10384,#7786,#7787);
#6529=AXIS2_PLACEMENT_3D('',#10385,#7788,#7789);
#6530=AXIS2_PLACEMENT_3D('',#10693,#7807,#7808);
#6531=AXIS2_PLACEMENT_3D('',#11018,#7825,#7826);
#6532=AXIS2_PLACEMENT_3D('',#11019,#7827,#7828);
#6533=AXIS2_PLACEMENT_3D('',#11028,#7833,#7834);
#6534=AXIS2_PLACEMENT_3D('',#11149,#7843,#7844);
#6535=AXIS2_PLACEMENT_3D('',#11152,#7847,#7848);
#6536=AXIS2_PLACEMENT_3D('',#11345,#7861,#7862);
#6537=AXIS2_PLACEMENT_3D('',#11351,#7866,#7867);
#6538=AXIS2_PLACEMENT_3D('',#11354,#7870,#7871);
#6539=AXIS2_PLACEMENT_3D('',#11355,#7872,#7873);
#6540=AXIS2_PLACEMENT_3D('',#11384,#7888,#7889);
#6541=AXIS2_PLACEMENT_3D('',#11386,#7890,#7891);
#6542=AXIS2_PLACEMENT_3D('',#11389,#7893,#7894);
#6543=AXIS2_PLACEMENT_3D('',#11390,#7895,#7896);
#6544=AXIS2_PLACEMENT_3D('',#11391,#7897,#7898);
#6545=AXIS2_PLACEMENT_3D('',#11393,#7899,#7900);
#6546=AXIS2_PLACEMENT_3D('',#11396,#7902,#7903);
#6547=AXIS2_PLACEMENT_3D('',#11397,#7904,#7905);
#6548=AXIS2_PLACEMENT_3D('',#11398,#7906,#7907);
#6549=AXIS2_PLACEMENT_3D('',#11399,#7908,#7909);
#6550=AXIS2_PLACEMENT_3D('',#11405,#7913,#7914);
#6551=AXIS2_PLACEMENT_3D('',#11409,#7917,#7918);
#6552=AXIS2_PLACEMENT_3D('',#11413,#7921,#7922);
#6553=AXIS2_PLACEMENT_3D('',#11417,#7925,#7926);
#6554=AXIS2_PLACEMENT_3D('',#11421,#7929,#7930);
#6555=AXIS2_PLACEMENT_3D('',#11425,#7933,#7934);
#6556=AXIS2_PLACEMENT_3D('',#11429,#7937,#7938);
#6557=AXIS2_PLACEMENT_3D('',#11433,#7941,#7942);
#6558=AXIS2_PLACEMENT_3D('',#11437,#7945,#7946);
#6559=AXIS2_PLACEMENT_3D('',#11441,#7949,#7950);
#6560=AXIS2_PLACEMENT_3D('',#11445,#7953,#7954);
#6561=AXIS2_PLACEMENT_3D('',#11449,#7957,#7958);
#6562=AXIS2_PLACEMENT_3D('',#11453,#7961,#7962);
#6563=AXIS2_PLACEMENT_3D('',#11455,#7964,#7965);
#6564=AXIS2_PLACEMENT_3D('',#11456,#7966,#7967);
#6565=AXIS2_PLACEMENT_3D('',#11457,#7968,#7969);
#6566=DIRECTION('axis',(0.,0.,1.));
#6567=DIRECTION('refdir',(1.,0.,0.));
#6568=DIRECTION('axis',(0.,0.,1.));
#6569=DIRECTION('refdir',(1.,0.,0.));
#6570=DIRECTION('axis',(0.,0.,1.));
#6571=DIRECTION('refdir',(1.,0.,0.));
#6572=DIRECTION('center_axis',(0.,0.,1.));
#6573=DIRECTION('ref_axis',(0.707106781186548,0.707106781186548,0.));
#6574=DIRECTION('center_axis',(0.,0.,1.));
#6575=DIRECTION('ref_axis',(1.,0.,0.));
#6576=DIRECTION('',(0.,0.,1.));
#6577=DIRECTION('center_axis',(0.,0.,-1.));
#6578=DIRECTION('ref_axis',(0.,1.,0.));
#6579=DIRECTION('',(0.,0.,-1.));
#6580=DIRECTION('center_axis',(1.,0.,0.));
#6581=DIRECTION('ref_axis',(0.,0.,-1.));
#6582=DIRECTION('center_axis',(-1.,0.,0.));
#6583=DIRECTION('ref_axis',(0.,-0.707106781186559,-0.707106781186536));
#6584=DIRECTION('center_axis',(1.,0.,0.));
#6585=DIRECTION('ref_axis',(0.,-0.707106781186559,-0.707106781186536));
#6586=DIRECTION('center_axis',(0.,0.,1.));
#6587=DIRECTION('ref_axis',(0.707106781186548,0.707106781186548,0.));
#6588=DIRECTION('',(0.,0.,1.));
#6589=DIRECTION('center_axis',(0.,0.,-1.));
#6590=DIRECTION('ref_axis',(0.,1.,0.));
#6591=DIRECTION('center_axis',(1.,0.,0.));
#6592=DIRECTION('ref_axis',(0.,0.,-1.));
#6593=DIRECTION('center_axis',(1.,0.,0.));
#6594=DIRECTION('ref_axis',(0.,0.999314287173488,0.0370264155832612));
#6595=DIRECTION('center_axis',(-1.,0.,0.));
#6596=DIRECTION('ref_axis',(0.,0.707106781186548,0.707106781186547));
#6597=DIRECTION('',(1.,0.,0.));
#6598=DIRECTION('',(-1.,0.,0.));
#6599=DIRECTION('center_axis',(-0.78086880944303,-0.624695047554424,0.));
#6600=DIRECTION('ref_axis',(-0.624695047554424,0.78086880944303,0.));
#6601=DIRECTION('',(1.,0.,0.));
#6602=DIRECTION('center_axis',(0.78086880944303,-0.624695047554425,0.));
#6603=DIRECTION('ref_axis',(0.624695047554425,0.78086880944303,0.));
#6604=DIRECTION('',(-1.,0.,0.));
#6605=DIRECTION('center_axis',(-1.,0.,0.));
#6606=DIRECTION('ref_axis',(0.,0.999314287173488,0.0370264155832612));
#6607=DIRECTION('center_axis',(0.,1.,0.));
#6608=DIRECTION('ref_axis',(-1.,0.,0.));
#6609=DIRECTION('',(1.,0.,0.));
#6610=DIRECTION('',(0.,0.,-1.));
#6611=DIRECTION('center_axis',(-1.,0.,0.));
#6612=DIRECTION('ref_axis',(0.,0.,1.));
#6613=DIRECTION('center_axis',(0.,0.,-1.));
#6614=DIRECTION('ref_axis',(-1.,0.,0.));
#6615=DIRECTION('center_axis',(1.,0.,0.));
#6616=DIRECTION('ref_axis',(0.,-0.707106781186559,-0.707106781186536));
#6617=DIRECTION('center_axis',(-1.,0.,0.));
#6618=DIRECTION('ref_axis',(0.,-0.707106781186559,-0.707106781186536));
#6619=DIRECTION('center_axis',(0.,0.,1.));
#6620=DIRECTION('ref_axis',(-0.707106781186548,0.707106781186548,0.));
#6621=DIRECTION('center_axis',(0.,0.,-1.));
#6622=DIRECTION('ref_axis',(-1.,0.,0.));
#6623=DIRECTION('',(0.,0.,-1.));
#6624=DIRECTION('',(0.,0.,1.));
#6625=DIRECTION('center_axis',(0.,0.,1.));
#6626=DIRECTION('ref_axis',(-0.707106781186548,0.707106781186548,0.));
#6627=DIRECTION('center_axis',(0.,0.,-1.));
#6628=DIRECTION('ref_axis',(-1.,0.,0.));
#6629=DIRECTION('',(0.,0.,-1.));
#6630=DIRECTION('center_axis',(-1.,0.,0.));
#6631=DIRECTION('ref_axis',(0.,0.,1.));
#6632=DIRECTION('center_axis',(-1.,0.,0.));
#6633=DIRECTION('ref_axis',(0.,-1.,0.));
#6634=DIRECTION('',(0.,1.,0.));
#6635=DIRECTION('center_axis',(-1.,0.,0.));
#6636=DIRECTION('ref_axis',(0.,0.707106781186559,-0.707106781186536));
#6637=DIRECTION('',(0.,0.,-1.));
#6638=DIRECTION('center_axis',(1.,0.,0.));
#6639=DIRECTION('ref_axis',(0.,0.,1.));
#6640=DIRECTION('',(0.,1.,0.));
#6641=DIRECTION('center_axis',(1.,0.,0.));
#6642=DIRECTION('ref_axis',(0.,0.,1.));
#6643=DIRECTION('center_axis',(0.,0.,1.));
#6644=DIRECTION('ref_axis',(-0.707106781186548,-0.707106781186548,0.));
#6645=DIRECTION('center_axis',(0.,0.,1.));
#6646=DIRECTION('ref_axis',(-1.,0.,0.));
#6647=DIRECTION('',(0.,0.,1.));
#6648=DIRECTION('center_axis',(0.,0.,-1.));
#6649=DIRECTION('ref_axis',(0.,-1.,0.));
#6650=DIRECTION('center_axis',(-1.,0.,0.));
#6651=DIRECTION('ref_axis',(0.,0.,1.));
#6652=DIRECTION('center_axis',(1.,0.,0.));
#6653=DIRECTION('ref_axis',(0.,0.707106781186559,-0.707106781186536));
#6654=DIRECTION('center_axis',(0.,0.,1.));
#6655=DIRECTION('ref_axis',(-0.707106781186548,-0.707106781186548,0.));
#6656=DIRECTION('',(0.,0.,1.));
#6657=DIRECTION('center_axis',(0.,0.,-1.));
#6658=DIRECTION('ref_axis',(0.,-1.,0.));
#6659=DIRECTION('center_axis',(-1.,0.,0.));
#6660=DIRECTION('ref_axis',(0.,0.,1.));
#6661=DIRECTION('center_axis',(-1.,0.,0.));
#6662=DIRECTION('ref_axis',(0.,-0.999314287173488,0.0370264155832612));
#6663=DIRECTION('center_axis',(1.,0.,0.));
#6664=DIRECTION('ref_axis',(0.,-0.707106781186548,0.707106781186547));
#6665=DIRECTION('',(-1.,0.,0.));
#6666=DIRECTION('',(1.,0.,0.));
#6667=DIRECTION('center_axis',(0.78086880944303,0.624695047554425,0.));
#6668=DIRECTION('ref_axis',(0.624695047554424,-0.78086880944303,0.));
#6669=DIRECTION('',(-1.,0.,0.));
#6670=DIRECTION('center_axis',(-0.78086880944303,0.624695047554425,0.));
#6671=DIRECTION('ref_axis',(-0.624695047554425,-0.78086880944303,0.));
#6672=DIRECTION('',(1.,0.,0.));
#6673=DIRECTION('center_axis',(1.,0.,0.));
#6674=DIRECTION('ref_axis',(0.,-0.999314287173488,0.0370264155832612));
#6675=DIRECTION('center_axis',(0.,-1.,0.));
#6676=DIRECTION('ref_axis',(1.,0.,0.));
#6677=DIRECTION('',(-1.,0.,0.));
#6678=DIRECTION('',(0.,0.,-1.));
#6679=DIRECTION('center_axis',(1.,0.,0.));
#6680=DIRECTION('ref_axis',(0.,0.,-1.));
#6681=DIRECTION('center_axis',(0.,0.,-1.));
#6682=DIRECTION('ref_axis',(1.,0.,0.));
#6683=DIRECTION('center_axis',(-1.,0.,0.));
#6684=DIRECTION('ref_axis',(0.,0.707106781186559,-0.707106781186536));
#6685=DIRECTION('center_axis',(1.,0.,0.));
#6686=DIRECTION('ref_axis',(0.,0.707106781186559,-0.707106781186536));
#6687=DIRECTION('center_axis',(0.,0.,1.));
#6688=DIRECTION('ref_axis',(0.707106781186548,-0.707106781186548,0.));
#6689=DIRECTION('center_axis',(0.,0.,-1.));
#6690=DIRECTION('ref_axis',(1.,0.,0.));
#6691=DIRECTION('',(0.,0.,-1.));
#6692=DIRECTION('',(0.,0.,1.));
#6693=DIRECTION('center_axis',(0.,0.,1.));
#6694=DIRECTION('ref_axis',(0.707106781186548,-0.707106781186548,0.));
#6695=DIRECTION('center_axis',(0.,0.,-1.));
#6696=DIRECTION('ref_axis',(1.,0.,0.));
#6697=DIRECTION('',(0.,0.,-1.));
#6698=DIRECTION('center_axis',(1.,0.,0.));
#6699=DIRECTION('ref_axis',(0.,0.,-1.));
#6700=DIRECTION('center_axis',(1.,0.,0.));
#6701=DIRECTION('ref_axis',(0.,1.,0.));
#6702=DIRECTION('center_axis',(-1.,0.,0.));
#6703=DIRECTION('ref_axis',(0.,0.,1.));
#6704=DIRECTION('',(0.,-1.,0.));
#6705=DIRECTION('center_axis',(-1.,0.,0.));
#6706=DIRECTION('ref_axis',(0.,0.,1.));
#6707=DIRECTION('',(0.,-1.,0.));
#6708=DIRECTION('center_axis',(1.,0.,0.));
#6709=DIRECTION('ref_axis',(0.,0.,1.));
#6710=DIRECTION('',(-1.,0.,0.));
#6711=DIRECTION('center_axis',(0.,0.,1.));
#6712=DIRECTION('ref_axis',(1.,0.,0.));
#6713=DIRECTION('',(1.,0.,0.));
#6714=DIRECTION('center_axis',(0.,1.,0.));
#6715=DIRECTION('ref_axis',(-1.,0.,0.));
#6716=DIRECTION('',(0.,0.,1.));
#6717=DIRECTION('',(1.,0.,0.));
#6718=DIRECTION('center_axis',(0.,0.,1.));
#6719=DIRECTION('ref_axis',(1.,0.,0.));
#6720=DIRECTION('center_axis',(0.,0.,1.));
#6721=DIRECTION('ref_axis',(0.707106781186547,0.707106781186547,0.));
#6722=DIRECTION('center_axis',(1.,0.,0.));
#6723=DIRECTION('ref_axis',(0.,-1.,0.));
#6724=DIRECTION('center_axis',(0.,0.,-1.));
#6725=DIRECTION('ref_axis',(1.,0.,0.));
#6726=DIRECTION('center_axis',(0.,1.,0.));
#6727=DIRECTION('ref_axis',(0.,0.,-1.));
#6728=DIRECTION('center_axis',(1.,0.,0.));
#6729=DIRECTION('ref_axis',(0.,-0.707106781186555,-0.70710678118654));
#6730=DIRECTION('',(-1.,0.,0.));
#6731=DIRECTION('center_axis',(0.,0.,1.));
#6732=DIRECTION('ref_axis',(1.,0.,0.));
#6733=DIRECTION('center_axis',(-0.624695047554424,0.780868809443031,0.));
#6734=DIRECTION('ref_axis',(0.780868809443031,0.624695047554424,0.));
#6735=DIRECTION('center_axis',(0.,0.,1.));
#6736=DIRECTION('ref_axis',(0.707106781186548,0.707106781186548,0.));
#6737=DIRECTION('',(0.,0.,-1.));
#6738=DIRECTION('center_axis',(0.,0.,1.));
#6739=DIRECTION('ref_axis',(1.,0.,0.));
#6740=DIRECTION('center_axis',(0.,0.,1.));
#6741=DIRECTION('ref_axis',(0.707106781186547,-0.707106781186547,0.));
#6742=DIRECTION('center_axis',(0.,-1.,0.));
#6743=DIRECTION('ref_axis',(-1.,0.,0.));
#6744=DIRECTION('center_axis',(0.,0.,-1.));
#6745=DIRECTION('ref_axis',(0.,-1.,0.));
#6746=DIRECTION('center_axis',(1.,0.,0.));
#6747=DIRECTION('ref_axis',(0.,0.,-1.));
#6748=DIRECTION('center_axis',(0.,-1.,0.));
#6749=DIRECTION('ref_axis',(-0.707106781186555,0.,-0.70710678118654));
#6750=DIRECTION('',(0.,1.,0.));
#6751=DIRECTION('',(0.,-1.,0.));
#6752=DIRECTION('center_axis',(0.,0.,1.));
#6753=DIRECTION('ref_axis',(0.707106781186548,-0.707106781186548,0.));
#6754=DIRECTION('center_axis',(0.,0.,-1.));
#6755=DIRECTION('ref_axis',(1.,0.,0.));
#6756=DIRECTION('',(0.,0.,1.));
#6757=DIRECTION('center_axis',(-0.624695047554424,-0.780868809443031,0.));
#6758=DIRECTION('ref_axis',(0.780868809443031,-0.624695047554424,0.));
#6759=DIRECTION('center_axis',(-1.,0.,0.));
#6760=DIRECTION('ref_axis',(0.,0.707106781186555,-0.70710678118654));
#6761=DIRECTION('',(1.,0.,0.));
#6762=DIRECTION('center_axis',(0.,0.,1.));
#6763=DIRECTION('ref_axis',(1.,0.,0.));
#6764=DIRECTION('',(-1.,0.,0.));
#6765=DIRECTION('',(0.,1.,0.));
#6766=DIRECTION('',(-1.,0.,0.));
#6767=DIRECTION('',(0.,-1.,0.));
#6768=DIRECTION('',(1.,0.,0.));
#6769=DIRECTION('',(1.35393046825885E-16,1.,0.));
#6770=DIRECTION('',(1.,0.,0.));
#6771=DIRECTION('center_axis',(0.,0.,1.));
#6772=DIRECTION('ref_axis',(-0.707106781186547,-0.707106781186547,0.));
#6773=DIRECTION('',(0.,-1.,0.));
#6774=DIRECTION('center_axis',(0.,0.,1.));
#6775=DIRECTION('ref_axis',(-0.707106781186547,0.707106781186548,0.));
#6776=DIRECTION('',(-1.,0.,0.));
#6777=DIRECTION('center_axis',(-1.,0.,0.));
#6778=DIRECTION('ref_axis',(0.,0.,1.));
#6779=DIRECTION('center_axis',(0.,-1.,0.));
#6780=DIRECTION('ref_axis',(1.,0.,0.));
#6781=DIRECTION('',(0.,0.,1.));
#6782=DIRECTION('',(-1.,0.,0.));
#6783=DIRECTION('center_axis',(0.,0.,1.));
#6784=DIRECTION('ref_axis',(1.,0.,0.));
#6785=DIRECTION('center_axis',(0.,1.,0.));
#6786=DIRECTION('ref_axis',(1.,0.,0.));
#6787=DIRECTION('center_axis',(0.,0.,-1.));
#6788=DIRECTION('ref_axis',(0.,1.,0.));
#6789=DIRECTION('center_axis',(-1.,0.,0.));
#6790=DIRECTION('ref_axis',(0.,0.,-1.));
#6791=DIRECTION('center_axis',(0.,0.,-1.));
#6792=DIRECTION('ref_axis',(-1.,0.,0.));
#6793=DIRECTION('center_axis',(0.,0.,-1.));
#6794=DIRECTION('ref_axis',(-1.,0.,0.));
#6795=DIRECTION('center_axis',(0.,-1.,0.));
#6796=DIRECTION('ref_axis',(0.,0.,-1.));
#6797=DIRECTION('center_axis',(-1.,0.,0.));
#6798=DIRECTION('ref_axis',(0.,1.,0.));
#6799=DIRECTION('center_axis',(0.,1.,0.));
#6800=DIRECTION('ref_axis',(0.707106781186555,0.,-0.70710678118654));
#6801=DIRECTION('',(0.,1.,0.));
#6802=DIRECTION('center_axis',(-1.,0.,0.));
#6803=DIRECTION('ref_axis',(0.,0.707106781186555,-0.70710678118654));
#6804=DIRECTION('center_axis',(0.,0.,1.));
#6805=DIRECTION('ref_axis',(-0.707106781186548,-0.707106781186548,0.));
#6806=DIRECTION('center_axis',(0.,0.,-1.));
#6807=DIRECTION('ref_axis',(0.,-1.,0.));
#6808=DIRECTION('',(0.,0.,-1.));
#6809=DIRECTION('center_axis',(0.624695047554424,-0.780868809443031,0.));
#6810=DIRECTION('ref_axis',(-0.780868809443031,-0.624695047554424,0.));
#6811=DIRECTION('center_axis',(0.,0.,1.));
#6812=DIRECTION('ref_axis',(-2.77555756156289E-15,1.,0.));
#6813=DIRECTION('center_axis',(0.624695047554424,0.780868809443031,0.));
#6814=DIRECTION('ref_axis',(-0.780868809443031,0.624695047554424,0.));
#6815=DIRECTION('center_axis',(0.,0.,1.));
#6816=DIRECTION('ref_axis',(-0.707106781186548,0.707106781186548,0.));
#6817=DIRECTION('',(0.,0.,1.));
#6818=DIRECTION('center_axis',(1.,0.,0.));
#6819=DIRECTION('ref_axis',(0.,-0.707106781186555,-0.70710678118654));
#6820=DIRECTION('center_axis',(0.,1.,0.));
#6821=DIRECTION('ref_axis',(0.707106781186549,0.,0.707106781186546));
#6822=DIRECTION('',(0.,-1.,0.));
#6823=DIRECTION('',(0.,1.,0.));
#6824=DIRECTION('center_axis',(0.,-1.,0.));
#6825=DIRECTION('ref_axis',(-0.707106781186549,0.,0.707106781186546));
#6826=DIRECTION('',(0.,1.,0.));
#6827=DIRECTION('',(0.,-1.,0.));
#6828=DIRECTION('center_axis',(-1.,0.,0.));
#6829=DIRECTION('ref_axis',(0.,-1.,0.));
#6830=DIRECTION('center_axis',(0.,0.,1.));
#6831=DIRECTION('ref_axis',(1.,0.,0.));
#6832=DIRECTION('center_axis',(1.,0.,0.));
#6833=DIRECTION('ref_axis',(0.,1.,0.));
#6834=DIRECTION('center_axis',(1.,-1.35393046825885E-16,0.));
#6835=DIRECTION('ref_axis',(1.35393046825885E-16,1.,0.));
#6836=DIRECTION('',(-1.35393046825885E-16,-1.,0.));
#6837=DIRECTION('',(0.,0.,1.));
#6838=DIRECTION('',(0.,0.,1.));
#6839=DIRECTION('center_axis',(0.,0.,1.));
#6840=DIRECTION('ref_axis',(1.,0.,0.));
#6841=DIRECTION('',(1.,0.,0.));
#6842=DIRECTION('',(0.,1.,0.));
#6843=DIRECTION('',(-1.,0.,0.));
#6844=DIRECTION('center_axis',(0.,0.,1.));
#6845=DIRECTION('ref_axis',(-1.,0.,0.));
#6846=DIRECTION('',(0.,-1.,0.));
#6847=DIRECTION('',(-1.,0.,0.));
#6848=DIRECTION('',(0.,1.,0.));
#6849=DIRECTION('',(1.,0.,0.));
#6850=DIRECTION('center_axis',(0.,1.,0.));
#6851=DIRECTION('ref_axis',(-1.,0.,0.));
#6852=DIRECTION('',(1.,0.,0.));
#6853=DIRECTION('',(0.,0.,1.));
#6854=DIRECTION('',(0.,0.,1.));
#6855=DIRECTION('center_axis',(1.,0.,0.));
#6856=DIRECTION('ref_axis',(0.,1.,0.));
#6857=DIRECTION('',(0.,-1.,0.));
#6858=DIRECTION('',(0.,0.,1.));
#6859=DIRECTION('center_axis',(-1.,0.,0.));
#6860=DIRECTION('ref_axis',(0.,-1.,0.));
#6861=DIRECTION('',(0.,0.,1.));
#6862=DIRECTION('',(0.,-1.,0.));
#6863=DIRECTION('',(0.,0.,1.));
#6864=DIRECTION('center_axis',(0.,1.,0.));
#6865=DIRECTION('ref_axis',(-1.,0.,0.));
#6866=DIRECTION('',(-1.,0.,0.));
#6867=DIRECTION('',(0.,0.,1.));
#6868=DIRECTION('center_axis',(0.,0.,1.));
#6869=DIRECTION('ref_axis',(1.,0.,0.));
#6870=DIRECTION('',(0.,1.,0.));
#6871=DIRECTION('',(1.,0.,0.));
#6872=DIRECTION('center_axis',(0.,0.,1.));
#6873=DIRECTION('ref_axis',(-1.,0.,0.));
#6874=DIRECTION('',(0.,1.,0.));
#6875=DIRECTION('',(-1.,0.,0.));
#6876=DIRECTION('center_axis',(1.,0.,0.));
#6877=DIRECTION('ref_axis',(0.,1.,0.));
#6878=DIRECTION('',(0.,1.,0.));
#6879=DIRECTION('',(0.,0.,1.));
#6880=DIRECTION('',(0.,0.,1.));
#6881=DIRECTION('center_axis',(0.,-1.,0.));
#6882=DIRECTION('ref_axis',(1.,0.,0.));
#6883=DIRECTION('',(1.,0.,0.));
#6884=DIRECTION('',(0.,0.,1.));
#6885=DIRECTION('',(0.,0.,1.));
#6886=DIRECTION('center_axis',(-1.,0.,0.));
#6887=DIRECTION('ref_axis',(0.,-1.,0.));
#6888=DIRECTION('',(0.,-1.,0.));
#6889=DIRECTION('',(0.,0.,1.));
#6890=DIRECTION('center_axis',(0.,1.,0.));
#6891=DIRECTION('ref_axis',(-1.,0.,0.));
#6892=DIRECTION('',(-1.,0.,0.));
#6893=DIRECTION('center_axis',(0.,0.,1.));
#6894=DIRECTION('ref_axis',(-1.,0.,0.));
#6895=DIRECTION('center_axis',(0.,0.,-1.));
#6896=DIRECTION('ref_axis',(0.845154254728518,-0.534522483824847,0.));
#6897=DIRECTION('center_axis',(0.,0.,-1.));
#6898=DIRECTION('ref_axis',(0.845154254728518,-0.534522483824847,0.));
#6899=DIRECTION('',(0.,0.,1.));
#6900=DIRECTION('center_axis',(0.,0.,1.));
#6901=DIRECTION('ref_axis',(0.845154254728518,-0.534522483824847,0.));
#6902=DIRECTION('',(0.,0.,-1.));
#6903=DIRECTION('center_axis',(0.,1.,0.));
#6904=DIRECTION('ref_axis',(0.,0.,-1.));
#6905=DIRECTION('',(-1.,0.,0.));
#6906=DIRECTION('',(0.,0.,-1.));
#6907=DIRECTION('',(-1.,0.,0.));
#6908=DIRECTION('',(0.,0.,1.));
#6909=DIRECTION('',(1.,0.,0.));
#6910=DIRECTION('',(0.,0.,-1.));
#6911=DIRECTION('',(-1.,0.,0.));
#6912=DIRECTION('center_axis',(0.,0.,1.));
#6913=DIRECTION('ref_axis',(0.845154254728518,0.534522483824847,0.));
#6914=DIRECTION('center_axis',(0.,0.,1.));
#6915=DIRECTION('ref_axis',(0.845154254728518,0.534522483824847,0.));
#6916=DIRECTION('',(0.,0.,-1.));
#6917=DIRECTION('center_axis',(0.,0.,-1.));
#6918=DIRECTION('ref_axis',(0.845154254728518,0.534522483824847,0.));
#6919=DIRECTION('',(0.,0.,1.));
#6920=DIRECTION('center_axis',(0.,-1.,0.));
#6921=DIRECTION('ref_axis',(0.,0.,1.));
#6922=DIRECTION('',(-1.,0.,0.));
#6923=DIRECTION('',(0.,0.,1.));
#6924=DIRECTION('',(0.,0.,1.));
#6925=DIRECTION('',(-1.,0.,0.));
#6926=DIRECTION('center_axis',(0.,-1.,0.));
#6927=DIRECTION('ref_axis',(-1.,0.,0.));
#6928=DIRECTION('',(-1.,0.,0.));
#6929=DIRECTION('',(0.,0.,-1.));
#6930=DIRECTION('',(-1.,0.,0.));
#6931=DIRECTION('',(0.,0.,-1.));
#6932=DIRECTION('center_axis',(0.,1.,0.));
#6933=DIRECTION('ref_axis',(1.,0.,0.));
#6934=DIRECTION('',(1.,0.,0.));
#6935=DIRECTION('',(0.,0.,-1.));
#6936=DIRECTION('',(1.,0.,0.));
#6937=DIRECTION('',(0.,0.,-1.));
#6938=DIRECTION('center_axis',(-1.,0.,0.));
#6939=DIRECTION('ref_axis',(0.,0.,1.));
#6940=DIRECTION('',(0.,-1.,0.));
#6941=DIRECTION('center_axis',(-1.,0.,0.));
#6942=DIRECTION('ref_axis',(0.,0.866025416689222,0.499999977648258));
#6943=DIRECTION('center_axis',(0.,0.,-1.));
#6944=DIRECTION('ref_axis',(0.,-1.,0.));
#6945=DIRECTION('',(0.,-1.,0.));
#6946=DIRECTION('center_axis',(0.,0.,-1.));
#6947=DIRECTION('ref_axis',(1.,0.,0.));
#6948=DIRECTION('center_axis',(0.,0.,1.));
#6949=DIRECTION('ref_axis',(0.707106781186547,0.707106781186548,0.));
#6950=DIRECTION('',(0.,1.,0.));
#6951=DIRECTION('center_axis',(0.,0.,1.));
#6952=DIRECTION('ref_axis',(0.707106781186548,-0.707106781186547,0.));
#6953=DIRECTION('',(0.,-1.,0.));
#6954=DIRECTION('center_axis',(0.,0.,-1.));
#6955=DIRECTION('ref_axis',(0.,-1.,0.));
#6956=DIRECTION('center_axis',(0.,0.,1.));
#6957=DIRECTION('ref_axis',(0.,1.,0.));
#6958=DIRECTION('',(0.,1.,0.));
#6959=DIRECTION('center_axis',(0.,0.,1.));
#6960=DIRECTION('ref_axis',(1.,0.,0.));
#6961=DIRECTION('',(0.,1.,0.));
#6962=DIRECTION('center_axis',(0.,0.,1.));
#6963=DIRECTION('ref_axis',(0.,1.,0.));
#6964=DIRECTION('center_axis',(-1.,0.,0.));
#6965=DIRECTION('ref_axis',(0.,0.,1.));
#6966=DIRECTION('',(0.,1.,0.));
#6967=DIRECTION('center_axis',(-1.,0.,0.));
#6968=DIRECTION('ref_axis',(0.,0.866025330657317,-0.50000012665987));
#6969=DIRECTION('center_axis',(1.,0.,0.));
#6970=DIRECTION('ref_axis',(0.,0.,-1.));
#6971=DIRECTION('',(0.,0.,-1.));
#6972=DIRECTION('',(0.,1.,0.));
#6973=DIRECTION('center_axis',(1.,0.,0.));
#6974=DIRECTION('ref_axis',(0.,0.866025416689222,0.499999977648258));
#6975=DIRECTION('center_axis',(0.707106781186548,0.,0.707106781186547));
#6976=DIRECTION('ref_axis',(-0.707106781186547,0.,0.707106781186548));
#6977=DIRECTION('',(1.,0.,0.));
#6978=DIRECTION('center_axis',(1.,0.,0.));
#6979=DIRECTION('ref_axis',(0.,0.,-1.));
#6980=DIRECTION('',(0.73314391493076,0.680073525436771,0.));
#6981=DIRECTION('center_axis',(-1.,0.,0.));
#6982=DIRECTION('ref_axis',(0.,0.,-1.));
#6983=DIRECTION('center_axis',(-0.680073525436774,0.733143914930757,0.));
#6984=DIRECTION('ref_axis',(0.,0.,1.));
#6985=DIRECTION('',(0.733143914930759,0.680073525436773,0.));
#6986=DIRECTION('',(0.,0.,-1.));
#6987=DIRECTION('',(0.,0.,1.));
#6988=DIRECTION('center_axis',(1.,0.,0.));
#6989=DIRECTION('ref_axis',(0.,0.,1.));
#6990=DIRECTION('center_axis',(-1.,0.,0.));
#6991=DIRECTION('ref_axis',(0.,0.,1.));
#6992=DIRECTION('center_axis',(0.408248290463863,0.408248290463862,-0.816496580927726));
#6993=DIRECTION('ref_axis',(0.577350269189626,0.577350269189625,0.577350269189626));
#6994=DIRECTION('center_axis',(0.,0.733143914930757,-0.680073525436774));
#6995=DIRECTION('ref_axis',(0.,-0.680073525436774,-0.733143914930757));
#6996=DIRECTION('center_axis',(1.,1.11022302462516E-15,0.));
#6997=DIRECTION('ref_axis',(0.,0.,1.));
#6998=DIRECTION('center_axis',(0.,1.,0.));
#6999=DIRECTION('ref_axis',(1.,0.,0.));
#7000=DIRECTION('center_axis',(0.,0.,1.));
#7001=DIRECTION('ref_axis',(0.,1.,0.));
#7002=DIRECTION('center_axis',(1.,0.,0.));
#7003=DIRECTION('ref_axis',(0.,0.,1.));
#7004=DIRECTION('',(0.,-1.,0.));
#7005=DIRECTION('',(0.,0.,1.));
#7006=DIRECTION('',(0.,-1.,0.));
#7007=DIRECTION('center_axis',(-1.,0.,0.));
#7008=DIRECTION('ref_axis',(0.,0.,1.));
#7009=DIRECTION('',(-0.733143914930756,0.680073525436776,0.));
#7010=DIRECTION('center_axis',(1.,0.,0.));
#7011=DIRECTION('ref_axis',(0.,0.,1.));
#7012=DIRECTION('center_axis',(0.680073525436774,0.733143914930757,0.));
#7013=DIRECTION('ref_axis',(0.,0.,-1.));
#7014=DIRECTION('',(-0.733143914930759,0.680073525436773,0.));
#7015=DIRECTION('',(0.,0.,1.));
#7016=DIRECTION('',(0.,0.,-1.));
#7017=DIRECTION('center_axis',(-1.,0.,0.));
#7018=DIRECTION('ref_axis',(0.,0.,-1.));
#7019=DIRECTION('center_axis',(1.,0.,0.));
#7020=DIRECTION('ref_axis',(0.,0.,-1.));
#7021=DIRECTION('center_axis',(0.408248290463863,-0.408248290463862,-0.816496580927726));
#7022=DIRECTION('ref_axis',(-0.577350269189626,0.577350269189625,-0.577350269189626));
#7023=DIRECTION('center_axis',(0.,0.733143914930758,0.680073525436773));
#7024=DIRECTION('ref_axis',(0.,0.680073525436773,-0.733143914930758));
#7025=DIRECTION('center_axis',(-1.,0.,0.));
#7026=DIRECTION('ref_axis',(0.,0.,-1.));
#7027=DIRECTION('center_axis',(0.,1.,0.));
#7028=DIRECTION('ref_axis',(-1.,0.,0.));
#7029=DIRECTION('center_axis',(0.,0.,-1.));
#7030=DIRECTION('ref_axis',(0.,1.,0.));
#7031=DIRECTION('center_axis',(-1.,0.,0.));
#7032=DIRECTION('ref_axis',(0.,0.,-1.));
#7033=DIRECTION('',(0.,-1.,0.));
#7034=DIRECTION('',(0.,0.,-1.));
#7035=DIRECTION('',(0.,-1.,0.));
#7036=DIRECTION('center_axis',(0.,0.733143914930758,0.680073525436773));
#7037=DIRECTION('ref_axis',(1.,0.,0.));
#7038=DIRECTION('',(-1.,0.,0.));
#7039=DIRECTION('',(1.,0.,0.));
#7040=DIRECTION('center_axis',(0.,0.733143914930758,0.680073525436773));
#7041=DIRECTION('ref_axis',(0.,0.680073525436773,-0.733143914930758));
#7042=DIRECTION('center_axis',(0.,0.,-1.));
#7043=DIRECTION('ref_axis',(1.,0.,0.));
#7044=DIRECTION('',(1.,0.,0.));
#7045=DIRECTION('center_axis',(0.,0.733143914930757,-0.680073525436774));
#7046=DIRECTION('ref_axis',(-1.,0.,0.));
#7047=DIRECTION('',(1.,0.,0.));
#7048=DIRECTION('',(-1.,0.,0.));
#7049=DIRECTION('center_axis',(0.,0.733143914930757,-0.680073525436774));
#7050=DIRECTION('ref_axis',(0.,-0.680073525436774,-0.733143914930757));
#7051=DIRECTION('center_axis',(0.,0.,1.));
#7052=DIRECTION('ref_axis',(-1.,0.,0.));
#7053=DIRECTION('',(-1.,0.,0.));
#7054=DIRECTION('',(-1.,0.,0.));
#7055=DIRECTION('center_axis',(-1.,0.,0.));
#7056=DIRECTION('ref_axis',(0.,0.866025330657317,-0.50000012665987));
#7057=DIRECTION('',(-1.,0.,0.));
#7058=DIRECTION('center_axis',(0.707106781186548,0.,-0.707106781186548));
#7059=DIRECTION('ref_axis',(-0.707106781186548,4.9065389333868E-17,-0.707106781186548));
#7060=DIRECTION('center_axis',(0.,-1.,0.));
#7061=DIRECTION('ref_axis',(0.,0.,-1.));
#7062=DIRECTION('',(0.,0.,-1.));
#7063=DIRECTION('center_axis',(0.,0.,1.));
#7064=DIRECTION('ref_axis',(-0.500000089406968,0.866025352165296,0.));
#7065=DIRECTION('center_axis',(0.,0.,-1.));
#7066=DIRECTION('ref_axis',(0.707106781186547,0.707106781186548,0.));
#7067=DIRECTION('center_axis',(0.,0.,1.));
#7068=DIRECTION('ref_axis',(0.707106781186547,0.707106781186548,0.));
#7069=DIRECTION('',(0.,0.,-1.));
#7070=DIRECTION('center_axis',(-1.,0.,0.));
#7071=DIRECTION('ref_axis',(0.,0.,1.));
#7072=DIRECTION('',(0.,1.,0.));
#7073=DIRECTION('',(0.,0.,-1.));
#7074=DIRECTION('center_axis',(-1.,0.,0.));
#7075=DIRECTION('ref_axis',(0.,-0.866025416689222,0.499999977648258));
#7076=DIRECTION('center_axis',(0.707106781186549,0.,0.707106781186546));
#7077=DIRECTION('ref_axis',(-0.707106781186546,9.81307786677361E-17,0.707106781186549));
#7078=DIRECTION('',(-1.,0.,0.));
#7079=DIRECTION('center_axis',(1.,0.,0.));
#7080=DIRECTION('ref_axis',(0.,-0.866025330657316,-0.50000012665987));
#7081=DIRECTION('',(1.,0.,0.));
#7082=DIRECTION('center_axis',(0.707106781186547,0.,-0.707106781186548));
#7083=DIRECTION('ref_axis',(-0.707106781186548,-4.90653893338679E-17,-0.707106781186547));
#7084=DIRECTION('',(1.,0.,0.));
#7085=DIRECTION('center_axis',(0.,1.,0.));
#7086=DIRECTION('ref_axis',(0.,0.,1.));
#7087=DIRECTION('',(0.,0.,1.));
#7088=DIRECTION('',(1.,0.,0.));
#7089=DIRECTION('',(0.,0.,1.));
#7090=DIRECTION('',(-1.,0.,0.));
#7091=DIRECTION('',(1.,0.,0.));
#7092=DIRECTION('center_axis',(0.,1.,0.));
#7093=DIRECTION('ref_axis',(1.,0.,2.96059473233375E-15));
#7094=DIRECTION('',(-5.55080863126928E-16,0.,-1.));
#7095=DIRECTION('center_axis',(0.,1.,0.));
#7096=DIRECTION('ref_axis',(4.62592926927148E-16,0.,-1.));
#7097=DIRECTION('',(-1.,0.,0.));
#7098=DIRECTION('center_axis',(0.,1.,0.));
#7099=DIRECTION('ref_axis',(1.,0.,0.));
#7100=DIRECTION('center_axis',(0.,1.,0.));
#7101=DIRECTION('ref_axis',(1.,0.,0.));
#7102=DIRECTION('center_axis',(0.,0.,-1.));
#7103=DIRECTION('ref_axis',(-0.500000089406968,-0.866025352165296,0.));
#7104=DIRECTION('',(0.,0.,-1.));
#7105=DIRECTION('center_axis',(0.,0.,1.));
#7106=DIRECTION('ref_axis',(0.707106781186548,-0.707106781186547,0.));
#7107=DIRECTION('center_axis',(0.,0.,1.));
#7108=DIRECTION('ref_axis',(0.707106781186548,-0.707106781186547,0.));
#7109=DIRECTION('center_axis',(0.,0.,1.));
#7110=DIRECTION('ref_axis',(1.,0.,0.));
#7111=DIRECTION('center_axis',(0.,0.,-1.));
#7112=DIRECTION('ref_axis',(-1.,0.,0.));
#7113=DIRECTION('center_axis',(0.,-1.,0.));
#7114=DIRECTION('ref_axis',(1.,0.,0.));
#7115=DIRECTION('center_axis',(0.,0.,-1.));
#7116=DIRECTION('ref_axis',(0.707106781186548,-0.707106781186548,0.));
#7117=DIRECTION('center_axis',(1.,0.,0.));
#7118=DIRECTION('ref_axis',(0.,0.,1.));
#7119=DIRECTION('center_axis',(0.,0.,1.));
#7120=DIRECTION('ref_axis',(0.707106781186548,-0.707106781186548,0.));
#7121=DIRECTION('center_axis',(-1.,0.,0.));
#7122=DIRECTION('ref_axis',(0.,-0.707106781186555,0.70710678118654));
#7123=DIRECTION('center_axis',(1.,0.,0.));
#7124=DIRECTION('ref_axis',(0.,0.,1.));
#7125=DIRECTION('',(1.,0.,0.));
#7126=DIRECTION('',(-1.,0.,0.));
#7127=DIRECTION('center_axis',(0.,0.,-1.));
#7128=DIRECTION('ref_axis',(-1.,0.,0.));
#7129=DIRECTION('center_axis',(0.,-1.,0.));
#7130=DIRECTION('ref_axis',(0.,0.,1.));
#7131=DIRECTION('center_axis',(0.,0.,1.));
#7132=DIRECTION('ref_axis',(-0.707106781186548,-0.707106781186547,0.));
#7133=DIRECTION('center_axis',(0.,0.,-1.));
#7134=DIRECTION('ref_axis',(-0.707106781186548,-0.707106781186547,0.));
#7135=DIRECTION('center_axis',(0.,1.,0.));
#7136=DIRECTION('ref_axis',(-0.707106781186548,0.,0.707106781186548));
#7137=DIRECTION('center_axis',(0.,-1.,0.));
#7138=DIRECTION('ref_axis',(0.,0.,1.));
#7139=DIRECTION('',(0.,-1.,0.));
#7140=DIRECTION('',(0.,1.,0.));
#7141=DIRECTION('center_axis',(0.,0.,-1.));
#7142=DIRECTION('ref_axis',(-1.,0.,0.));
#7143=DIRECTION('center_axis',(-1.,0.,0.));
#7144=DIRECTION('ref_axis',(0.,0.,1.));
#7145=DIRECTION('center_axis',(0.,0.,1.));
#7146=DIRECTION('ref_axis',(-0.707106781186548,0.707106781186548,0.));
#7147=DIRECTION('center_axis',(0.,0.,-1.));
#7148=DIRECTION('ref_axis',(-0.707106781186547,0.707106781186547,0.));
#7149=DIRECTION('center_axis',(1.,0.,0.));
#7150=DIRECTION('ref_axis',(0.,0.707106781186555,0.70710678118654));
#7151=DIRECTION('center_axis',(-1.,0.,0.));
#7152=DIRECTION('ref_axis',(0.,0.,1.));
#7153=DIRECTION('',(-1.,0.,0.));
#7154=DIRECTION('',(1.,0.,0.));
#7155=DIRECTION('center_axis',(0.,0.,-1.));
#7156=DIRECTION('ref_axis',(-1.,0.,0.));
#7157=DIRECTION('center_axis',(1.11022302462518E-14,1.,0.));
#7158=DIRECTION('ref_axis',(0.,0.,1.));
#7159=DIRECTION('center_axis',(0.,0.,1.));
#7160=DIRECTION('ref_axis',(0.707106781186548,0.707106781186548,0.));
#7161=DIRECTION('center_axis',(0.,0.,-1.));
#7162=DIRECTION('ref_axis',(0.707106781186547,0.707106781186547,0.));
#7163=DIRECTION('center_axis',(0.,-1.,0.));
#7164=DIRECTION('ref_axis',(0.707106781186548,0.,0.707106781186548));
#7165=DIRECTION('',(0.,1.,0.));
#7166=DIRECTION('',(0.,-1.,0.));
#7167=DIRECTION('center_axis',(0.,1.,0.));
#7168=DIRECTION('ref_axis',(-1.,0.,0.));
#7169=DIRECTION('',(0.,0.,1.));
#7170=DIRECTION('',(1.,0.,0.));
#7171=DIRECTION('',(0.,0.,-1.));
#7172=DIRECTION('center_axis',(0.,0.,1.));
#7173=DIRECTION('ref_axis',(0.707106781186547,0.707106781186548,0.));
#7174=DIRECTION('',(0.,0.,-1.));
#7175=DIRECTION('center_axis',(0.,0.,-1.));
#7176=DIRECTION('ref_axis',(0.707106781186547,0.707106781186548,0.));
#7177=DIRECTION('center_axis',(1.,0.,0.));
#7178=DIRECTION('ref_axis',(0.,1.,0.));
#7179=DIRECTION('',(0.,0.,1.));
#7180=DIRECTION('',(0.,-1.,0.));
#7181=DIRECTION('center_axis',(0.,0.,1.));
#7182=DIRECTION('ref_axis',(0.707106781186548,-0.707106781186547,0.));
#7183=DIRECTION('',(0.,0.,-1.));
#7184=DIRECTION('center_axis',(0.,0.,-1.));
#7185=DIRECTION('ref_axis',(0.707106781186548,-0.707106781186547,0.));
#7186=DIRECTION('center_axis',(0.,0.,-1.));
#7187=DIRECTION('ref_axis',(-1.,0.,0.));
#7188=DIRECTION('center_axis',(0.,0.,-1.));
#7189=DIRECTION('ref_axis',(-1.,0.,0.));
#7190=DIRECTION('center_axis',(0.,0.,1.));
#7191=DIRECTION('ref_axis',(-0.707106781186547,-0.707106781186548,0.));
#7192=DIRECTION('',(0.,0.,-1.));
#7193=DIRECTION('center_axis',(0.,0.,-1.));
#7194=DIRECTION('ref_axis',(-0.707106781186547,-0.707106781186548,0.));
#7195=DIRECTION('',(0.,0.,1.));
#7196=DIRECTION('center_axis',(0.,-1.,0.));
#7197=DIRECTION('ref_axis',(1.,0.,0.));
#7198=DIRECTION('',(-1.,0.,0.));
#7199=DIRECTION('center_axis',(0.,0.,1.));
#7200=DIRECTION('ref_axis',(-0.707106781186548,0.707106781186548,0.));
#7201=DIRECTION('center_axis',(0.,0.,-1.));
#7202=DIRECTION('ref_axis',(-0.707106781186548,0.707106781186548,0.));
#7203=DIRECTION('',(0.,0.,1.));
#7204=DIRECTION('center_axis',(0.,0.,1.));
#7205=DIRECTION('ref_axis',(1.,0.,0.));
#7206=DIRECTION('center_axis',(0.,0.,-1.));
#7207=DIRECTION('ref_axis',(-1.,0.,0.));
#7208=DIRECTION('center_axis',(0.,-1.,0.));
#7209=DIRECTION('ref_axis',(-1.,0.,0.));
#7210=DIRECTION('center_axis',(0.,0.,1.));
#7211=DIRECTION('ref_axis',(-1.,0.,0.));
#7212=DIRECTION('center_axis',(0.,0.,1.));
#7213=DIRECTION('ref_axis',(-1.,0.,0.));
#7214=DIRECTION('center_axis',(0.,0.,1.));
#7215=DIRECTION('ref_axis',(-1.,0.,0.));
#7216=DIRECTION('',(0.,0.,-1.));
#7217=DIRECTION('center_axis',(0.,0.,1.));
#7218=DIRECTION('ref_axis',(-1.,0.,0.));
#7219=DIRECTION('center_axis',(0.,0.,1.));
#7220=DIRECTION('ref_axis',(1.,0.,0.));
#7221=DIRECTION('center_axis',(0.,0.,1.));
#7222=DIRECTION('ref_axis',(1.,0.,0.));
#7223=DIRECTION('',(0.,0.,1.));
#7224=DIRECTION('center_axis',(0.,0.,1.));
#7225=DIRECTION('ref_axis',(1.,0.,0.));
#7226=DIRECTION('center_axis',(0.,0.,-1.));
#7227=DIRECTION('ref_axis',(1.,0.,0.));
#7228=DIRECTION('center_axis',(0.,0.,1.));
#7229=DIRECTION('ref_axis',(1.,0.,0.));
#7230=DIRECTION('center_axis',(0.,0.,1.));
#7231=DIRECTION('ref_axis',(1.,0.,0.));
#7232=DIRECTION('',(0.,0.,1.));
#7233=DIRECTION('center_axis',(0.,0.,1.));
#7234=DIRECTION('ref_axis',(1.,0.,0.));
#7235=DIRECTION('center_axis',(0.,0.,-1.));
#7236=DIRECTION('ref_axis',(1.,0.,0.));
#7237=DIRECTION('center_axis',(0.,0.,-1.));
#7238=DIRECTION('ref_axis',(0.,1.,0.));
#7239=DIRECTION('',(0.,1.,0.));
#7240=DIRECTION('',(-1.,0.,0.));
#7241=DIRECTION('',(0.,1.,0.));
#7242=DIRECTION('',(1.,0.,0.));
#7243=DIRECTION('center_axis',(0.,0.,1.));
#7244=DIRECTION('ref_axis',(0.,-1.,0.));
#7245=DIRECTION('',(0.,-1.,0.));
#7246=DIRECTION('',(-1.,0.,0.));
#7247=DIRECTION('',(0.,-1.,0.));
#7248=DIRECTION('',(1.,0.,0.));
#7249=DIRECTION('center_axis',(1.,0.,0.));
#7250=DIRECTION('ref_axis',(0.,0.,-1.));
#7251=DIRECTION('',(0.,0.,1.));
#7252=DIRECTION('',(0.,0.,-1.));
#7253=DIRECTION('center_axis',(0.,0.,1.));
#7254=DIRECTION('ref_axis',(0.,-1.,0.));
#7255=DIRECTION('',(0.,-1.,0.));
#7256=DIRECTION('',(-1.,0.,0.));
#7257=DIRECTION('',(0.,-1.,0.));
#7258=DIRECTION('',(1.,0.,0.));
#7259=DIRECTION('center_axis',(0.,0.,-1.));
#7260=DIRECTION('ref_axis',(0.,1.,0.));
#7261=DIRECTION('',(0.,1.,0.));
#7262=DIRECTION('',(-1.,0.,0.));
#7263=DIRECTION('',(0.,1.,0.));
#7264=DIRECTION('',(1.,0.,0.));
#7265=DIRECTION('center_axis',(1.,0.,0.));
#7266=DIRECTION('ref_axis',(0.,0.,-1.));
#7267=DIRECTION('',(0.,0.,-1.));
#7268=DIRECTION('',(0.,0.,1.));
#7269=DIRECTION('center_axis',(0.,-1.,0.));
#7270=DIRECTION('ref_axis',(0.,0.,1.));
#7271=DIRECTION('',(0.,0.,1.));
#7272=DIRECTION('',(-1.,0.,0.));
#7273=DIRECTION('',(0.,0.,-1.));
#7274=DIRECTION('',(-1.,0.,0.));
#7275=DIRECTION('',(0.,0.,1.));
#7276=DIRECTION('center_axis',(-1.,0.,0.));
#7277=DIRECTION('ref_axis',(0.,0.,1.));
#7278=DIRECTION('',(0.,0.,-1.));
#7279=DIRECTION('',(0.,1.,0.));
#7280=DIRECTION('',(0.,0.,1.));
#7281=DIRECTION('',(0.,0.,-1.));
#7282=DIRECTION('',(0.,-1.,0.));
#7283=DIRECTION('center_axis',(-1.,0.,0.));
#7284=DIRECTION('ref_axis',(0.,0.,1.));
#7285=DIRECTION('',(0.,1.,0.));
#7286=DIRECTION('',(0.,0.,-1.));
#7287=DIRECTION('',(0.,0.,1.));
#7288=DIRECTION('',(0.,-1.,0.));
#7289=DIRECTION('',(0.,0.,-1.));
#7290=DIRECTION('center_axis',(0.,1.,0.));
#7291=DIRECTION('ref_axis',(0.,0.,-1.));
#7292=DIRECTION('',(-1.,0.,0.));
#7293=DIRECTION('',(0.,0.,1.));
#7294=DIRECTION('',(-1.,0.,0.));
#7295=DIRECTION('center_axis',(0.,0.,1.));
#7296=DIRECTION('ref_axis',(0.,1.,0.));
#7297=DIRECTION('',(0.,-1.,0.));
#7298=DIRECTION('center_axis',(0.,0.,-1.));
#7299=DIRECTION('ref_axis',(0.,-1.,0.));
#7300=DIRECTION('',(0.,1.,0.));
#7301=DIRECTION('center_axis',(1.,0.,0.));
#7302=DIRECTION('ref_axis',(0.,-0.707106781186548,-0.707106781186547));
#7303=DIRECTION('center_axis',(-1.,0.,0.));
#7304=DIRECTION('ref_axis',(0.,0.,-1.));
#7305=DIRECTION('',(-1.,0.,0.));
#7306=DIRECTION('',(1.,0.,0.));
#7307=DIRECTION('center_axis',(0.,0.,-1.));
#7308=DIRECTION('ref_axis',(1.,0.,0.));
#7309=DIRECTION('center_axis',(0.,1.,0.));
#7310=DIRECTION('ref_axis',(0.707106781186547,0.,-0.707106781186548));
#7311=DIRECTION('center_axis',(0.,-1.,0.));
#7312=DIRECTION('ref_axis',(0.707106781186547,0.,-0.707106781186548));
#7313=DIRECTION('center_axis',(5.55080863126928E-16,0.,1.));
#7314=DIRECTION('ref_axis',(0.707106781186547,-0.707106781186548,0.));
#7315=DIRECTION('center_axis',(0.,0.,-1.));
#7316=DIRECTION('ref_axis',(1.,0.,0.));
#7317=DIRECTION('',(-5.55080863126928E-16,0.,-1.));
#7318=DIRECTION('',(5.55080863126928E-16,0.,1.));
#7319=DIRECTION('center_axis',(1.,0.,0.));
#7320=DIRECTION('ref_axis',(0.,0.,1.));
#7321=DIRECTION('center_axis',(0.,1.,0.));
#7322=DIRECTION('ref_axis',(0.707106781186547,0.,0.707106781186548));
#7323=DIRECTION('center_axis',(0.,-1.,0.));
#7324=DIRECTION('ref_axis',(0.707106781186547,0.,0.707106781186548));
#7325=DIRECTION('center_axis',(-1.,0.,0.));
#7326=DIRECTION('ref_axis',(0.,-0.707106781186547,0.707106781186548));
#7327=DIRECTION('',(1.,0.,0.));
#7328=DIRECTION('',(-1.,0.,0.));
#7329=DIRECTION('center_axis',(0.,0.,1.));
#7330=DIRECTION('ref_axis',(-1.,0.,0.));
#7331=DIRECTION('',(0.,-1.,0.));
#7332=DIRECTION('',(0.,1.,0.));
#7333=DIRECTION('center_axis',(0.,-1.,0.));
#7334=DIRECTION('ref_axis',(1.,0.,2.96059473233375E-15));
#7335=DIRECTION('',(0.,-1.,0.));
#7336=DIRECTION('center_axis',(1.,0.,-5.55080863126928E-16));
#7337=DIRECTION('ref_axis',(5.55080863126928E-16,0.,1.));
#7338=DIRECTION('',(0.,-1.,0.));
#7339=DIRECTION('center_axis',(0.,-1.,0.));
#7340=DIRECTION('ref_axis',(4.62592926927148E-16,0.,-1.));
#7341=DIRECTION('',(0.,-1.,0.));
#7342=DIRECTION('center_axis',(0.,0.,-1.));
#7343=DIRECTION('ref_axis',(1.,0.,0.));
#7344=DIRECTION('',(0.,-1.,0.));
#7345=DIRECTION('center_axis',(0.,-1.,0.));
#7346=DIRECTION('ref_axis',(1.,0.,0.));
#7347=DIRECTION('center_axis',(0.,-1.,0.));
#7348=DIRECTION('ref_axis',(1.,0.,0.));
#7349=DIRECTION('center_axis',(0.,1.,0.));
#7350=DIRECTION('ref_axis',(1.,0.,0.));
#7351=DIRECTION('center_axis',(0.,1.,0.));
#7352=DIRECTION('ref_axis',(1.,0.,0.));
#7353=DIRECTION('',(0.,1.,0.));
#7354=DIRECTION('center_axis',(0.,1.,0.));
#7355=DIRECTION('ref_axis',(1.,0.,0.));
#7356=DIRECTION('center_axis',(0.,-1.,0.));
#7357=DIRECTION('ref_axis',(1.,0.,0.));
#7358=DIRECTION('center_axis',(0.,-1.,0.));
#7359=DIRECTION('ref_axis',(0.,0.,-1.));
#7360=DIRECTION('center_axis',(0.,1.,0.));
#7361=DIRECTION('ref_axis',(1.,0.,0.));
#7362=DIRECTION('center_axis',(-1.,0.,-1.51626270487433E-16));
#7363=DIRECTION('ref_axis',(-1.51626270487433E-16,0.,1.));
#7364=DIRECTION('center_axis',(0.,-1.,0.));
#7365=DIRECTION('ref_axis',(1.,0.,0.));
#7366=DIRECTION('center_axis',(0.,-1.,0.));
#7367=DIRECTION('ref_axis',(1.,0.,0.));
#7368=DIRECTION('center_axis',(0.,-1.,0.));
#7369=DIRECTION('ref_axis',(1.,0.,0.));
#7370=DIRECTION('',(0.,1.,0.));
#7371=DIRECTION('center_axis',(0.,-1.,0.));
#7372=DIRECTION('ref_axis',(1.,0.,0.));
#7373=DIRECTION('center_axis',(0.,-1.,0.));
#7374=DIRECTION('ref_axis',(0.,0.,-1.));
#7375=DIRECTION('',(0.,0.,-1.));
#7376=DIRECTION('',(1.,0.,0.));
#7377=DIRECTION('',(0.,0.,-1.));
#7378=DIRECTION('',(1.,0.,0.));
#7379=DIRECTION('center_axis',(0.,0.,1.));
#7380=DIRECTION('ref_axis',(0.,-1.,0.));
#7381=DIRECTION('',(0.,-1.,0.));
#7382=DIRECTION('',(1.,0.,0.));
#7383=DIRECTION('',(0.,-1.,0.));
#7384=DIRECTION('center_axis',(0.,1.,0.));
#7385=DIRECTION('ref_axis',(0.,0.,1.));
#7386=DIRECTION('',(0.,0.,1.));
#7387=DIRECTION('',(1.,0.,0.));
#7388=DIRECTION('',(0.,0.,1.));
#7389=DIRECTION('center_axis',(0.,0.,-1.));
#7390=DIRECTION('ref_axis',(0.,1.,0.));
#7391=DIRECTION('',(0.,1.,0.));
#7392=DIRECTION('',(0.,1.,0.));
#7393=DIRECTION('center_axis',(1.,0.,0.));
#7394=DIRECTION('ref_axis',(0.,0.,-1.));
#7395=DIRECTION('center_axis',(0.,-1.,0.));
#7396=DIRECTION('ref_axis',(0.,0.,-1.));
#7397=DIRECTION('',(0.,0.,-1.));
#7398=DIRECTION('',(1.,0.,0.));
#7399=DIRECTION('',(0.,0.,-1.));
#7400=DIRECTION('',(1.,0.,0.));
#7401=DIRECTION('center_axis',(0.,0.,1.));
#7402=DIRECTION('ref_axis',(0.,-1.,0.));
#7403=DIRECTION('',(0.,-1.,0.));
#7404=DIRECTION('',(1.,0.,0.));
#7405=DIRECTION('',(0.,-1.,0.));
#7406=DIRECTION('center_axis',(0.,1.,0.));
#7407=DIRECTION('ref_axis',(0.,0.,1.));
#7408=DIRECTION('',(0.,0.,1.));
#7409=DIRECTION('',(1.,0.,0.));
#7410=DIRECTION('',(0.,0.,1.));
#7411=DIRECTION('center_axis',(0.,0.,-1.));
#7412=DIRECTION('ref_axis',(0.,1.,0.));
#7413=DIRECTION('',(0.,1.,0.));
#7414=DIRECTION('',(0.,1.,0.));
#7415=DIRECTION('center_axis',(1.,0.,0.));
#7416=DIRECTION('ref_axis',(0.,0.,-1.));
#7417=DIRECTION('center_axis',(0.,-1.,0.));
#7418=DIRECTION('ref_axis',(0.,0.,-1.));
#7419=DIRECTION('',(0.,0.,-1.));
#7420=DIRECTION('',(1.,0.,0.));
#7421=DIRECTION('',(0.,0.,-1.));
#7422=DIRECTION('',(1.,0.,0.));
#7423=DIRECTION('center_axis',(0.,0.,1.));
#7424=DIRECTION('ref_axis',(0.,-1.,0.));
#7425=DIRECTION('',(0.,-1.,0.));
#7426=DIRECTION('',(1.,0.,0.));
#7427=DIRECTION('',(0.,-1.,0.));
#7428=DIRECTION('center_axis',(0.,1.,0.));
#7429=DIRECTION('ref_axis',(0.,0.,1.));
#7430=DIRECTION('',(0.,0.,1.));
#7431=DIRECTION('',(1.,0.,0.));
#7432=DIRECTION('',(0.,0.,1.));
#7433=DIRECTION('center_axis',(0.,0.,-1.));
#7434=DIRECTION('ref_axis',(0.,1.,0.));
#7435=DIRECTION('',(0.,1.,0.));
#7436=DIRECTION('',(0.,1.,0.));
#7437=DIRECTION('center_axis',(1.,0.,0.));
#7438=DIRECTION('ref_axis',(0.,0.,-1.));
#7439=DIRECTION('center_axis',(0.,-1.,0.));
#7440=DIRECTION('ref_axis',(0.,0.,-1.));
#7441=DIRECTION('',(0.,0.,-1.));
#7442=DIRECTION('',(1.,0.,0.));
#7443=DIRECTION('',(0.,0.,-1.));
#7444=DIRECTION('',(1.,0.,0.));
#7445=DIRECTION('center_axis',(0.,0.,1.));
#7446=DIRECTION('ref_axis',(0.,-1.,0.));
#7447=DIRECTION('',(0.,-1.,0.));
#7448=DIRECTION('',(1.,0.,0.));
#7449=DIRECTION('',(0.,-1.,0.));
#7450=DIRECTION('center_axis',(0.,1.,0.));
#7451=DIRECTION('ref_axis',(0.,0.,1.));
#7452=DIRECTION('',(0.,0.,1.));
#7453=DIRECTION('',(1.,0.,0.));
#7454=DIRECTION('',(0.,0.,1.));
#7455=DIRECTION('center_axis',(0.,0.,-1.));
#7456=DIRECTION('ref_axis',(0.,1.,0.));
#7457=DIRECTION('',(0.,1.,0.));
#7458=DIRECTION('',(0.,1.,0.));
#7459=DIRECTION('center_axis',(1.,0.,0.));
#7460=DIRECTION('ref_axis',(0.,0.,-1.));
#7461=DIRECTION('center_axis',(0.,1.,0.));
#7462=DIRECTION('ref_axis',(0.,0.,-1.));
#7463=DIRECTION('',(0.,0.,1.));
#7464=DIRECTION('',(-1.,0.,0.));
#7465=DIRECTION('',(0.,0.,-1.));
#7466=DIRECTION('',(-1.,0.,0.));
#7467=DIRECTION('center_axis',(0.,0.,1.));
#7468=DIRECTION('ref_axis',(0.,1.,0.));
#7469=DIRECTION('',(0.,-1.,0.));
#7470=DIRECTION('',(0.,1.,0.));
#7471=DIRECTION('',(-1.,0.,0.));
#7472=DIRECTION('center_axis',(0.,-1.,0.));
#7473=DIRECTION('ref_axis',(0.,0.,1.));
#7474=DIRECTION('',(0.,0.,-1.));
#7475=DIRECTION('',(0.,0.,1.));
#7476=DIRECTION('',(-1.,0.,0.));
#7477=DIRECTION('center_axis',(0.,0.,-1.));
#7478=DIRECTION('ref_axis',(0.,-1.,0.));
#7479=DIRECTION('',(0.,1.,0.));
#7480=DIRECTION('',(0.,-1.,0.));
#7481=DIRECTION('center_axis',(-1.,0.,0.));
#7482=DIRECTION('ref_axis',(0.,-1.,0.));
#7483=DIRECTION('',(0.,-0.999990043676682,-0.00446234775733007));
#7484=DIRECTION('',(0.,0.00446234775734852,-0.999990043676682));
#7485=DIRECTION('',(0.,0.999990043676682,0.00446234775733007));
#7486=DIRECTION('',(0.,0.998312661241821,-0.0580674642486939));
#7487=DIRECTION('',(0.,-0.998541339001675,0.0539925393433442));
#7488=DIRECTION('',(-1.,0.,0.));
#7489=DIRECTION('',(-1.,0.,0.));
#7490=DIRECTION('',(-1.,0.,0.));
#7491=DIRECTION('',(-1.,0.,0.));
#7492=DIRECTION('',(-1.,0.,0.));
#7493=DIRECTION('',(-1.,0.,0.));
#7494=DIRECTION('',(-1.,0.,0.));
#7495=DIRECTION('',(-1.,0.,0.));
#7496=DIRECTION('',(-1.,0.,0.));
#7497=DIRECTION('',(-1.,0.,0.));
#7498=DIRECTION('',(-1.,0.,0.));
#7499=DIRECTION('',(-1.,0.,0.));
#7500=DIRECTION('',(-1.,0.,0.));
#7501=DIRECTION('',(-1.,0.,0.));
#7502=DIRECTION('center_axis',(0.,0.0580674642486939,0.998312661241821));
#7503=DIRECTION('ref_axis',(0.,0.998312661241821,-0.0580674642486939));
#7504=DIRECTION('',(-1.,0.,0.));
#7505=DIRECTION('',(0.,0.998312661241821,-0.0580674642486939));
#7506=DIRECTION('',(-1.,0.,0.));
#7507=DIRECTION('',(-1.,0.,0.));
#7508=DIRECTION('',(-1.,0.,0.));
#7509=DIRECTION('',(-1.,0.,0.));
#7510=DIRECTION('',(-1.,0.,0.));
#7511=DIRECTION('',(-1.,0.,0.));
#7512=DIRECTION('center_axis',(0.,-0.00446234775733007,0.999990043676682));
#7513=DIRECTION('ref_axis',(0.,0.999990043676682,0.00446234775733007));
#7514=DIRECTION('',(-1.,0.,0.));
#7515=DIRECTION('',(0.,0.999990043676682,0.00446234775733007));
#7516=DIRECTION('center_axis',(0.,0.999990043676682,0.00446234775734852));
#7517=DIRECTION('ref_axis',(0.,0.00446234775734852,-0.999990043676682));
#7518=DIRECTION('',(-1.,0.,0.));
#7519=DIRECTION('',(0.,0.00446234775734852,-0.999990043676682));
#7520=DIRECTION('center_axis',(0.,-0.0539925393433442,-0.998541339001675));
#7521=DIRECTION('ref_axis',(0.,-0.998541339001675,0.0539925393433442));
#7522=DIRECTION('',(0.,-0.998541339001675,0.0539925393433442));
#7523=DIRECTION('',(-1.,0.,0.));
#7524=DIRECTION('',(-1.,0.,0.));
#7525=DIRECTION('',(-1.,0.,0.));
#7526=DIRECTION('',(-1.,0.,0.));
#7527=DIRECTION('',(-1.,0.,0.));
#7528=DIRECTION('',(-1.,0.,0.));
#7529=DIRECTION('',(-1.,0.,0.));
#7530=DIRECTION('',(-1.,0.,0.));
#7531=DIRECTION('',(-1.,0.,0.));
#7532=DIRECTION('',(-1.,0.,0.));
#7533=DIRECTION('',(-1.,0.,0.));
#7534=DIRECTION('',(-1.,0.,0.));
#7535=DIRECTION('',(-1.,0.,0.));
#7536=DIRECTION('center_axis',(-1.,0.,0.));
#7537=DIRECTION('ref_axis',(0.,-1.,0.));
#7538=DIRECTION('center_axis',(0.,-0.999990043676682,-0.00446234775734787));
#7539=DIRECTION('ref_axis',(0.,-0.00446234775734787,0.999990043676682));
#7540=DIRECTION('',(0.,0.00446234775734787,-0.999990043676682));
#7541=DIRECTION('',(-1.,0.,0.));
#7542=DIRECTION('',(0.,-0.00446234775734787,0.999990043676682));
#7543=DIRECTION('',(-1.,0.,0.));
#7544=DIRECTION('center_axis',(0.,-0.00446234775733506,0.999990043676682));
#7545=DIRECTION('ref_axis',(0.,0.999990043676682,0.00446234775733506));
#7546=DIRECTION('',(0.,-0.999990043676682,-0.00446234775733506));
#7547=DIRECTION('',(0.,0.999990043676682,0.00446234775733506));
#7548=DIRECTION('',(-1.,0.,0.));
#7549=DIRECTION('',(-1.,0.,0.));
#7550=DIRECTION('',(-1.,0.,0.));
#7551=DIRECTION('',(-1.,0.,0.));
#7552=DIRECTION('',(-1.,0.,0.));
#7553=DIRECTION('',(-1.,0.,0.));
#7554=DIRECTION('center_axis',(0.,0.00446234775734205,-0.999990043676682));
#7555=DIRECTION('ref_axis',(0.,-0.999990043676682,-0.00446234775734205));
#7556=DIRECTION('',(0.,0.999990043676682,0.00446234775734205));
#7557=DIRECTION('',(0.,-0.999990043676682,-0.00446234775734205));
#7558=DIRECTION('',(-1.,0.,0.));
#7559=DIRECTION('',(-1.,0.,0.));
#7560=DIRECTION('',(-1.,0.,0.));
#7561=DIRECTION('',(-1.,0.,0.));
#7562=DIRECTION('center_axis',(0.,0.00446234775733007,-0.999990043676682));
#7563=DIRECTION('ref_axis',(0.,-0.999990043676682,-0.00446234775733007));
#7564=DIRECTION('',(0.,-0.999990043676682,-0.00446234775733007));
#7565=DIRECTION('center_axis',(-1.,0.,0.));
#7566=DIRECTION('ref_axis',(0.,-1.,0.));
#7567=DIRECTION('center_axis',(1.,0.,0.));
#7568=DIRECTION('ref_axis',(0.,0.,-1.));
#7569=DIRECTION('',(0.,1.,0.));
#7570=DIRECTION('',(0.,0.,-1.));
#7571=DIRECTION('',(0.,-1.,0.));
#7572=DIRECTION('',(0.,0.,1.));
#7573=DIRECTION('center_axis',(0.,-1.,0.));
#7574=DIRECTION('ref_axis',(0.,0.,-1.));
#7575=DIRECTION('',(1.,0.,0.));
#7576=DIRECTION('',(-1.,0.,0.));
#7577=DIRECTION('center_axis',(0.,0.,1.));
#7578=DIRECTION('ref_axis',(0.,-1.,0.));
#7579=DIRECTION('',(1.,0.,0.));
#7580=DIRECTION('center_axis',(0.,1.,0.));
#7581=DIRECTION('ref_axis',(0.,0.,1.));
#7582=DIRECTION('',(1.,0.,0.));
#7583=DIRECTION('center_axis',(0.,0.,-1.));
#7584=DIRECTION('ref_axis',(0.,1.,0.));
#7585=DIRECTION('center_axis',(1.,0.,0.));
#7586=DIRECTION('ref_axis',(0.,0.,-1.));
#7587=DIRECTION('center_axis',(0.,-0.70710678118654,-0.707106781186555));
#7588=DIRECTION('ref_axis',(-1.,0.,0.));
#7589=DIRECTION('',(-1.,0.,0.));
#7590=DIRECTION('',(0.,-0.707106781186555,0.70710678118654));
#7591=DIRECTION('',(1.,0.,0.));
#7592=DIRECTION('',(0.57735026918963,-0.57735026918963,0.577350269189617));
#7593=DIRECTION('center_axis',(0.707106781186542,0.,-0.707106781186553));
#7594=DIRECTION('ref_axis',(-0.707106781186553,0.,-0.707106781186542));
#7595=DIRECTION('',(0.,1.,0.));
#7596=DIRECTION('',(-0.707106781186553,0.,-0.707106781186542));
#7597=DIRECTION('',(0.,-1.,0.));
#7598=DIRECTION('center_axis',(0.,-1.,0.));
#7599=DIRECTION('ref_axis',(1.,0.,0.));
#7600=DIRECTION('',(0.,0.,1.));
#7601=DIRECTION('',(0.,0.,1.));
#7602=DIRECTION('center_axis',(0.,1.,0.));
#7603=DIRECTION('ref_axis',(-0.707106781186547,0.,0.707106781186548));
#7604=DIRECTION('',(0.,0.,1.));
#7605=DIRECTION('',(-1.,0.,0.));
#7606=DIRECTION('',(0.,0.,1.));
#7607=DIRECTION('center_axis',(0.,1.,0.));
#7608=DIRECTION('ref_axis',(0.707106781186547,0.,0.707106781186548));
#7609=DIRECTION('',(0.,0.,-1.));
#7610=DIRECTION('',(-1.,0.,0.));
#7611=DIRECTION('',(0.,0.,-1.));
#7612=DIRECTION('',(-1.,0.,0.));
#7613=DIRECTION('',(0.,0.,-1.));
#7614=DIRECTION('',(-1.,0.,0.));
#7615=DIRECTION('',(0.,0.,1.));
#7616=DIRECTION('',(-1.,0.,0.));
#7617=DIRECTION('center_axis',(-1.,0.,0.));
#7618=DIRECTION('ref_axis',(0.,1.,0.));
#7619=DIRECTION('',(0.,0.,-1.));
#7620=DIRECTION('',(0.,-1.,0.));
#7621=DIRECTION('',(0.,1.,0.));
#7622=DIRECTION('',(0.,0.,-1.));
#7623=DIRECTION('',(0.,1.,0.));
#7624=DIRECTION('center_axis',(0.,-0.70710678118654,-0.707106781186555));
#7625=DIRECTION('ref_axis',(-1.,0.,0.));
#7626=DIRECTION('',(1.,0.,0.));
#7627=DIRECTION('',(0.,0.707106781186555,-0.70710678118654));
#7628=DIRECTION('',(0.57735026918963,0.57735026918963,-0.577350269189617));
#7629=DIRECTION('center_axis',(-0.707106781186542,0.,-0.707106781186553));
#7630=DIRECTION('ref_axis',(-0.707106781186553,0.,0.707106781186542));
#7631=DIRECTION('',(0.,1.,0.));
#7632=DIRECTION('',(-0.707106781186553,0.,0.707106781186542));
#7633=DIRECTION('',(0.,-1.,0.));
#7634=DIRECTION('center_axis',(0.,0.,1.));
#7635=DIRECTION('ref_axis',(1.,0.,0.));
#7636=DIRECTION('',(1.,0.,0.));
#7637=DIRECTION('',(0.,1.,0.));
#7638=DIRECTION('center_axis',(0.,0.,1.));
#7639=DIRECTION('ref_axis',(1.,0.,0.));
#7640=DIRECTION('',(0.,1.,0.));
#7641=DIRECTION('',(1.,0.,0.));
#7642=DIRECTION('center_axis',(-1.,0.,0.));
#7643=DIRECTION('ref_axis',(0.,0.,1.));
#7644=DIRECTION('',(0.,1.,0.));
#7645=DIRECTION('',(0.,0.,1.));
#7646=DIRECTION('center_axis',(0.,0.,-1.));
#7647=DIRECTION('ref_axis',(-1.,0.,0.));
#7648=DIRECTION('',(-1.,0.,0.));
#7649=DIRECTION('center_axis',(0.,1.,0.));
#7650=DIRECTION('ref_axis',(0.,0.,1.));
#7651=DIRECTION('center_axis',(1.,0.,0.));
#7652=DIRECTION('ref_axis',(0.,0.,-1.));
#7653=DIRECTION('',(0.,0.,-1.));
#7654=DIRECTION('',(0.,1.,0.));
#7655=DIRECTION('center_axis',(0.,0.,-1.));
#7656=DIRECTION('ref_axis',(-1.,0.,0.));
#7657=DIRECTION('',(-1.,0.,0.));
#7658=DIRECTION('',(0.,1.,0.));
#7659=DIRECTION('center_axis',(0.,1.,0.));
#7660=DIRECTION('ref_axis',(0.,0.,1.));
#7661=DIRECTION('',(0.,0.,1.));
#7662=DIRECTION('center_axis',(1.,0.,0.));
#7663=DIRECTION('ref_axis',(0.,-1.,0.));
#7664=DIRECTION('',(0.,-1.,0.));
#7665=DIRECTION('',(0.,0.,-1.));
#7666=DIRECTION('',(0.,-1.,0.));
#7667=DIRECTION('center_axis',(0.,0.,-1.));
#7668=DIRECTION('ref_axis',(-1.,0.,0.));
#7669=DIRECTION('',(1.,0.,0.));
#7670=DIRECTION('center_axis',(0.,1.,0.));
#7671=DIRECTION('ref_axis',(1.,0.,0.));
#7672=DIRECTION('',(1.,0.,0.));
#7673=DIRECTION('center_axis',(0.,-1.,0.));
#7674=DIRECTION('ref_axis',(-0.707106781186547,0.,0.707106781186548));
#7675=DIRECTION('',(0.,-1.,0.));
#7676=DIRECTION('center_axis',(-0.707106781186548,-0.707106781186547,4.90653893338679E-16));
#7677=DIRECTION('ref_axis',(-0.707106781186547,0.707106781186548,4.90653893338679E-16));
#7678=DIRECTION('center_axis',(-1.,0.,0.));
#7679=DIRECTION('ref_axis',(0.,0.707106781186548,0.707106781186548));
#7680=DIRECTION('center_axis',(-0.707106781186548,0.707106781186547,0.));
#7681=DIRECTION('ref_axis',(0.707106781186547,0.707106781186548,0.));
#7682=DIRECTION('',(-1.,0.,0.));
#7683=DIRECTION('center_axis',(0.,1.,0.));
#7684=DIRECTION('ref_axis',(0.707106781186547,0.,0.707106781186548));
#7685=DIRECTION('',(0.,1.,0.));
#7686=DIRECTION('center_axis',(-1.,0.,0.));
#7687=DIRECTION('ref_axis',(0.,-1.,0.));
#7688=DIRECTION('',(0.,1.,0.));
#7689=DIRECTION('center_axis',(1.,0.,0.));
#7690=DIRECTION('ref_axis',(0.,1.,0.));
#7691=DIRECTION('',(0.,-1.,0.));
#7692=DIRECTION('',(0.,0.,1.));
#7693=DIRECTION('center_axis',(-1.,0.,0.));
#7694=DIRECTION('ref_axis',(0.,-1.,0.));
#7695=DIRECTION('',(0.,0.,1.));
#7696=DIRECTION('',(0.,1.,0.));
#7697=DIRECTION('center_axis',(0.,1.,0.));
#7698=DIRECTION('ref_axis',(-1.,0.,0.));
#7699=DIRECTION('',(1.,0.,0.));
#7700=DIRECTION('center_axis',(-0.816496580927726,-0.408248290463862,0.408248290463863));
#7701=DIRECTION('ref_axis',(0.577350269189625,-0.577350269189627,0.577350269189626));
#7702=DIRECTION('center_axis',(0.,-1.,0.));
#7703=DIRECTION('ref_axis',(0.,0.,1.));
#7704=DIRECTION('center_axis',(1.,0.,0.));
#7705=DIRECTION('ref_axis',(0.,-1.,0.));
#7706=DIRECTION('center_axis',(0.,0.,1.));
#7707=DIRECTION('ref_axis',(1.,0.,0.));
#7708=DIRECTION('center_axis',(0.,1.,0.));
#7709=DIRECTION('ref_axis',(0.707106781186548,0.,0.707106781186548));
#7710=DIRECTION('',(0.,-1.,0.));
#7711=DIRECTION('center_axis',(0.408248290463863,-0.816496580927726,-0.408248290463863));
#7712=DIRECTION('ref_axis',(0.577350269189625,0.577350269189626,-0.577350269189626));
#7713=DIRECTION('center_axis',(0.,0.,-1.));
#7714=DIRECTION('ref_axis',(1.,0.,0.));
#7715=DIRECTION('center_axis',(0.,1.,0.));
#7716=DIRECTION('ref_axis',(0.,0.,-1.));
#7717=DIRECTION('center_axis',(1.,0.,1.11022302462516E-15));
#7718=DIRECTION('ref_axis',(0.,1.,0.));
#7719=DIRECTION('center_axis',(-0.408248290463863,0.408248290463863,-0.816496580927726));
#7720=DIRECTION('ref_axis',(-0.577350269189626,0.577350269189626,0.577350269189626));
#7721=DIRECTION('center_axis',(0.,0.,1.));
#7722=DIRECTION('ref_axis',(-1.,0.,0.));
#7723=DIRECTION('center_axis',(0.,1.,0.));
#7724=DIRECTION('ref_axis',(0.,0.,1.));
#7725=DIRECTION('center_axis',(-1.,0.,0.));
#7726=DIRECTION('ref_axis',(0.,1.,0.));
#7727=DIRECTION('center_axis',(-0.408248290463863,0.408248290463862,-0.816496580927726));
#7728=DIRECTION('ref_axis',(0.577350269189627,-0.577350269189625,-0.577350269189625));
#7729=DIRECTION('center_axis',(0.,-1.,0.));
#7730=DIRECTION('ref_axis',(1.,0.,0.));
#7731=DIRECTION('center_axis',(0.,0.,-1.));
#7732=DIRECTION('ref_axis',(0.,-1.,0.));
#7733=DIRECTION('center_axis',(1.,0.,0.));
#7734=DIRECTION('ref_axis',(0.,0.,-1.));
#7735=DIRECTION('center_axis',(0.,0.,-1.));
#7736=DIRECTION('ref_axis',(0.707106781186548,-0.707106781186547,0.));
#7737=DIRECTION('center_axis',(-0.816496580927726,0.408248290463862,-0.408248290463863));
#7738=DIRECTION('ref_axis',(-0.577350269189625,-0.577350269189626,0.577350269189627));
#7739=DIRECTION('center_axis',(0.,0.,1.));
#7740=DIRECTION('ref_axis',(0.,-1.,0.));
#7741=DIRECTION('center_axis',(-1.,-1.11022302462516E-15,0.));
#7742=DIRECTION('ref_axis',(0.,0.,1.));
#7743=DIRECTION('center_axis',(0.,-1.,0.));
#7744=DIRECTION('ref_axis',(-1.,0.,0.));
#7745=DIRECTION('center_axis',(1.,0.,0.));
#7746=DIRECTION('ref_axis',(0.,-0.707106781186548,0.707106781186547));
#7747=DIRECTION('',(-1.,0.,0.));
#7748=DIRECTION('center_axis',(0.,-1.,0.));
#7749=DIRECTION('ref_axis',(-0.707106781186548,0.,0.707106781186548));
#7750=DIRECTION('',(0.,1.,0.));
#7751=DIRECTION('center_axis',(1.,0.,0.));
#7752=DIRECTION('ref_axis',(0.,0.707106781186547,-0.707106781186548));
#7753=DIRECTION('',(-1.,0.,0.));
#7754=DIRECTION('center_axis',(0.408248290463863,-0.816496580927726,0.408248290463864));
#7755=DIRECTION('ref_axis',(-0.577350269189626,-0.577350269189626,-0.577350269189626));
#7756=DIRECTION('center_axis',(0.,0.,-1.));
#7757=DIRECTION('ref_axis',(-1.,0.,0.));
#7758=DIRECTION('center_axis',(0.,-1.,0.));
#7759=DIRECTION('ref_axis',(0.,0.,-1.));
#7760=DIRECTION('center_axis',(-1.,0.,1.11022302462516E-15));
#7761=DIRECTION('ref_axis',(0.,-1.,0.));
#7762=DIRECTION('center_axis',(0.,1.,0.));
#7763=DIRECTION('ref_axis',(-0.707106781186547,0.,-0.707106781186548));
#7764=DIRECTION('',(0.,-1.,0.));
#7765=DIRECTION('center_axis',(-1.,0.,0.));
#7766=DIRECTION('ref_axis',(0.,-0.707106781186548,-0.707106781186548));
#7767=DIRECTION('',(1.,0.,0.));
#7768=DIRECTION('center_axis',(0.,0.,1.));
#7769=DIRECTION('ref_axis',(-0.707106781186548,-0.707106781186547,0.));
#7770=DIRECTION('center_axis',(0.,0.,1.));
#7771=DIRECTION('ref_axis',(-0.707106781186548,0.707106781186547,0.));
#7772=DIRECTION('center_axis',(0.,-1.,0.));
#7773=DIRECTION('ref_axis',(0.707106781186547,0.,-0.707106781186548));
#7774=DIRECTION('',(0.,1.,0.));
#7775=DIRECTION('center_axis',(-1.,0.,0.));
#7776=DIRECTION('ref_axis',(0.,0.707106781186548,0.707106781186547));
#7777=DIRECTION('',(1.,0.,0.));
#7778=DIRECTION('center_axis',(0.,0.,1.));
#7779=DIRECTION('ref_axis',(0.707106781186548,0.707106781186547,0.));
#7780=DIRECTION('center_axis',(0.,0.,1.));
#7781=DIRECTION('ref_axis',(1.,0.,0.));
#7782=DIRECTION('center_axis',(0.,0.,1.));
#7783=DIRECTION('ref_axis',(1.,0.,0.));
#7784=DIRECTION('',(0.,0.,1.));
#7785=DIRECTION('',(1.,0.,0.));
#7786=DIRECTION('axis',(0.,0.,1.));
#7787=DIRECTION('refdir',(1.,0.,0.));
#7788=DIRECTION('center_axis',(0.,0.0642833448362482,0.997931686828645));
#7789=DIRECTION('ref_axis',(0.,0.997931686828645,-0.0642833448362482));
#7790=DIRECTION('',(0.,-0.997931686828645,0.0642833448362482));
#7791=DIRECTION('',(-1.,0.,0.));
#7792=DIRECTION('',(0.,0.997931686828645,-0.0642833448362482));
#7793=DIRECTION('',(-1.,0.,0.));
#7794=DIRECTION('',(-1.,0.,0.));
#7795=DIRECTION('',(-1.,0.,0.));
#7796=DIRECTION('',(-1.,0.,0.));
#7797=DIRECTION('',(-1.,0.,0.));
#7798=DIRECTION('',(-1.,0.,0.));
#7799=DIRECTION('',(-1.,0.,0.));
#7800=DIRECTION('',(-1.,0.,0.));
#7801=DIRECTION('',(-1.,0.,0.));
#7802=DIRECTION('',(-1.,0.,0.));
#7803=DIRECTION('',(-1.,0.,0.));
#7804=DIRECTION('',(-1.,0.,0.));
#7805=DIRECTION('',(-1.,0.,0.));
#7806=DIRECTION('',(-1.,0.,0.));
#7807=DIRECTION('center_axis',(0.,-0.0602089418798681,-0.99818579599076));
#7808=DIRECTION('ref_axis',(0.,-0.99818579599076,0.0602089418798681));
#7809=DIRECTION('',(0.,0.99818579599076,-0.0602089418798681));
#7810=DIRECTION('',(0.,-0.99818579599076,0.0602089418798681));
#7811=DIRECTION('',(-1.,0.,0.));
#7812=DIRECTION('',(-1.,0.,0.));
#7813=DIRECTION('',(-1.,0.,0.));
#7814=DIRECTION('',(-1.,0.,0.));
#7815=DIRECTION('',(-1.,0.,0.));
#7816=DIRECTION('',(-1.,0.,0.));
#7817=DIRECTION('',(-1.,0.,0.));
#7818=DIRECTION('',(-1.,0.,0.));
#7819=DIRECTION('',(-1.,0.,0.));
#7820=DIRECTION('',(-1.,0.,0.));
#7821=DIRECTION('',(-1.,0.,0.));
#7822=DIRECTION('',(-1.,0.,0.));
#7823=DIRECTION('',(-1.,0.,0.));
#7824=DIRECTION('',(-1.,0.,0.));
#7825=DIRECTION('center_axis',(-1.,0.,0.));
#7826=DIRECTION('ref_axis',(0.,-1.,0.));
#7827=DIRECTION('center_axis',(0.,-0.999998443809596,0.00176419340945506));
#7828=DIRECTION('ref_axis',(0.,0.00176419340945506,0.999998443809596));
#7829=DIRECTION('',(0.,-0.00176419340945506,-0.999998443809596));
#7830=DIRECTION('',(-1.,0.,0.));
#7831=DIRECTION('',(0.,0.00176419340945506,0.999998443809596));
#7832=DIRECTION('',(-1.,0.,0.));
#7833=DIRECTION('center_axis',(0.,0.0017641934094545,0.999998443809596));
#7834=DIRECTION('ref_axis',(0.,0.999998443809596,-0.0017641934094545));
#7835=DIRECTION('',(0.,-0.999998443809596,0.0017641934094545));
#7836=DIRECTION('',(0.,0.999998443809596,-0.0017641934094545));
#7837=DIRECTION('',(-1.,0.,0.));
#7838=DIRECTION('',(-1.,0.,0.));
#7839=DIRECTION('',(-1.,0.,0.));
#7840=DIRECTION('',(-1.,0.,0.));
#7841=DIRECTION('',(-1.,0.,0.));
#7842=DIRECTION('',(-1.,0.,0.));
#7843=DIRECTION('center_axis',(0.,-0.00176419340946331,-0.999998443809596));
#7844=DIRECTION('ref_axis',(0.,-0.999998443809596,0.00176419340946331));
#7845=DIRECTION('',(0.,0.999998443809596,-0.00176419340946331));
#7846=DIRECTION('',(0.,-0.999998443809596,0.00176419340946331));
#7847=DIRECTION('center_axis',(0.,0.00176419340945541,0.999998443809596));
#7848=DIRECTION('ref_axis',(0.,0.999998443809596,-0.00176419340945541));
#7849=DIRECTION('',(0.,-0.999998443809596,0.00176419340945541));
#7850=DIRECTION('',(-1.,0.,0.));
#7851=DIRECTION('',(0.,0.999998443809596,-0.00176419340945541));
#7852=DIRECTION('',(-1.,0.,0.));
#7853=DIRECTION('',(-1.,0.,0.));
#7854=DIRECTION('',(-1.,0.,0.));
#7855=DIRECTION('',(-1.,0.,0.));
#7856=DIRECTION('',(-1.,0.,0.));
#7857=DIRECTION('',(-1.,0.,0.));
#7858=DIRECTION('',(-1.,0.,0.));
#7859=DIRECTION('',(-1.,0.,0.));
#7860=DIRECTION('',(-1.,0.,0.));
#7861=DIRECTION('center_axis',(0.,-0.00176419340945541,-0.999998443809596));
#7862=DIRECTION('ref_axis',(0.,-0.999998443809596,0.00176419340945541));
#7863=DIRECTION('',(0.,0.999998443809596,-0.00176419340945541));
#7864=DIRECTION('',(0.,-0.999998443809596,0.00176419340945541));
#7865=DIRECTION('',(-1.,0.,0.));
#7866=DIRECTION('center_axis',(0.,0.999998443809596,-0.00176419340945577));
#7867=DIRECTION('ref_axis',(0.,-0.00176419340945577,-0.999998443809596));
#7868=DIRECTION('',(0.,0.00176419340945577,0.999998443809596));
#7869=DIRECTION('',(0.,-0.00176419340945577,-0.999998443809596));
#7870=DIRECTION('center_axis',(-1.,0.,0.));
#7871=DIRECTION('ref_axis',(0.,-1.,0.));
#7872=DIRECTION('center_axis',(1.,0.,0.));
#7873=DIRECTION('ref_axis',(0.,0.,-1.));
#7874=DIRECTION('',(0.,0.,1.));
#7875=DIRECTION('',(0.,-1.,0.));
#7876=DIRECTION('',(0.,0.,1.));
#7877=DIRECTION('',(0.,1.,0.));
#7878=DIRECTION('',(0.,0.999309603265257,-0.0371526152758474));
#7879=DIRECTION('',(0.,0.,1.));
#7880=DIRECTION('',(0.,1.,-1.85780296107804E-16));
#7881=DIRECTION('',(0.,1.85333708847547E-17,-1.));
#7882=DIRECTION('',(0.,1.,0.));
#7883=DIRECTION('',(0.,0.,-1.));
#7884=DIRECTION('',(0.,-1.,0.));
#7885=DIRECTION('',(0.,-0.999925688915461,0.0121908427494267));
#7886=DIRECTION('',(0.,0.,-1.));
#7887=DIRECTION('',(0.,-1.,3.71560592215608E-16));
#7888=DIRECTION('center_axis',(0.,0.,1.));
#7889=DIRECTION('ref_axis',(-1.,0.,0.));
#7890=DIRECTION('center_axis',(0.,0.,1.));
#7891=DIRECTION('ref_axis',(-1.,0.,0.));
#7892=DIRECTION('',(0.,0.,-1.));
#7893=DIRECTION('center_axis',(0.,0.,-1.));
#7894=DIRECTION('ref_axis',(-1.,0.,0.));
#7895=DIRECTION('center_axis',(0.,0.,1.));
#7896=DIRECTION('ref_axis',(-1.,0.,0.));
#7897=DIRECTION('center_axis',(0.,0.,1.));
#7898=DIRECTION('ref_axis',(-1.,0.,0.));
#7899=DIRECTION('center_axis',(0.,0.,1.));
#7900=DIRECTION('ref_axis',(-1.,0.,0.));
#7901=DIRECTION('',(0.,0.,-1.));
#7902=DIRECTION('center_axis',(0.,0.,-1.));
#7903=DIRECTION('ref_axis',(-1.,0.,0.));
#7904=DIRECTION('center_axis',(0.,0.,1.));
#7905=DIRECTION('ref_axis',(-1.,0.,0.));
#7906=DIRECTION('center_axis',(1.,0.,0.));
#7907=DIRECTION('ref_axis',(0.,0.,-1.));
#7908=DIRECTION('center_axis',(0.,-1.85780296107804E-16,-1.));
#7909=DIRECTION('ref_axis',(0.,-1.,1.85780296107804E-16));
#7910=DIRECTION('',(-1.,0.,0.));
#7911=DIRECTION('',(0.,1.,-1.85780296107804E-16));
#7912=DIRECTION('',(-1.,0.,0.));
#7913=DIRECTION('center_axis',(0.,1.,0.));
#7914=DIRECTION('ref_axis',(0.,0.,-1.));
#7915=DIRECTION('',(-1.,0.,0.));
#7916=DIRECTION('',(0.,0.,1.));
#7917=DIRECTION('center_axis',(0.,-0.0371526152758474,-0.999309603265257));
#7918=DIRECTION('ref_axis',(0.,-0.999309603265257,0.0371526152758474));
#7919=DIRECTION('',(-1.,0.,0.));
#7920=DIRECTION('',(0.,0.999309603265257,-0.0371526152758474));
#7921=DIRECTION('center_axis',(0.,0.,-1.));
#7922=DIRECTION('ref_axis',(0.,-1.,0.));
#7923=DIRECTION('',(-1.,0.,0.));
#7924=DIRECTION('',(0.,-1.,0.));
#7925=DIRECTION('center_axis',(0.,1.,0.));
#7926=DIRECTION('ref_axis',(0.,0.,-1.));
#7927=DIRECTION('',(-1.,0.,0.));
#7928=DIRECTION('',(0.,0.,-1.));
#7929=DIRECTION('center_axis',(0.,0.,1.));
#7930=DIRECTION('ref_axis',(0.,1.,0.));
#7931=DIRECTION('',(-1.,0.,0.));
#7932=DIRECTION('',(0.,1.,0.));
#7933=DIRECTION('center_axis',(0.,1.,0.));
#7934=DIRECTION('ref_axis',(0.,0.,-1.));
#7935=DIRECTION('',(-1.,0.,0.));
#7936=DIRECTION('',(0.,0.,1.));
#7937=DIRECTION('center_axis',(0.,3.71560592215608E-16,1.));
#7938=DIRECTION('ref_axis',(0.,1.,-3.71560592215608E-16));
#7939=DIRECTION('',(-1.,0.,0.));
#7940=DIRECTION('',(0.,-1.,3.71560592215608E-16));
#7941=DIRECTION('center_axis',(0.,-1.,0.));
#7942=DIRECTION('ref_axis',(0.,0.,1.));
#7943=DIRECTION('',(-1.,0.,0.));
#7944=DIRECTION('',(0.,0.,1.));
#7945=DIRECTION('center_axis',(0.,0.0121908427494267,0.999925688915461));
#7946=DIRECTION('ref_axis',(0.,0.999925688915461,-0.0121908427494267));
#7947=DIRECTION('',(-1.,0.,0.));
#7948=DIRECTION('',(0.,0.999925688915461,-0.0121908427494267));
#7949=DIRECTION('center_axis',(0.,0.,1.));
#7950=DIRECTION('ref_axis',(0.,1.,0.));
#7951=DIRECTION('',(-1.,0.,0.));
#7952=DIRECTION('',(0.,-1.,0.));
#7953=DIRECTION('center_axis',(0.,-1.,0.));
#7954=DIRECTION('ref_axis',(0.,0.,1.));
#7955=DIRECTION('',(-1.,0.,0.));
#7956=DIRECTION('',(0.,0.,-1.));
#7957=DIRECTION('center_axis',(0.,0.,-1.));
#7958=DIRECTION('ref_axis',(0.,-1.,0.));
#7959=DIRECTION('',(-1.,0.,0.));
#7960=DIRECTION('',(0.,1.,0.));
#7961=DIRECTION('center_axis',(0.,-1.,-1.85333708847547E-17));
#7962=DIRECTION('ref_axis',(0.,-1.85333708847547E-17,1.));
#7963=DIRECTION('',(0.,1.85333708847547E-17,-1.));
#7964=DIRECTION('center_axis',(-1.,0.,0.));
#7965=DIRECTION('ref_axis',(0.,-1.,0.));
#7966=DIRECTION('',(0.,0.,1.));
#7967=DIRECTION('',(1.,0.,0.));
#7968=DIRECTION('',(0.,0.,1.));
#7969=DIRECTION('',(1.,0.,0.));
#7970=CARTESIAN_POINT('',(0.,0.,0.));
#7971=CARTESIAN_POINT('',(0.,0.,0.));
#7972=CARTESIAN_POINT('',(0.,0.,0.));
#7973=CARTESIAN_POINT('Origin',(-0.599999988824129,4.39999989941716,21.598));
#7974=CARTESIAN_POINT('',(-0.499999988824129,4.39999989941716,21.698));
#7975=CARTESIAN_POINT('',(-0.599999988824129,4.49999989941716,21.698));
#7976=CARTESIAN_POINT('Origin',(-0.599999988824129,4.39999989941716,21.698));
#7977=CARTESIAN_POINT('',(-0.599999988824129,4.49999989941716,23.0276068355173));
#7978=CARTESIAN_POINT('',(-0.599999988824129,4.49999989941716,21.598));
#7979=CARTESIAN_POINT('',(-0.499999988824129,4.39999989941716,23.0276068355173));
#7980=CARTESIAN_POINT('Origin',(-0.599999988824129,4.39999989941716,23.0276068355173));
#7981=CARTESIAN_POINT('',(-0.499999988824129,4.39999989941716,21.598));
#7982=CARTESIAN_POINT('Origin',(-0.599999988824129,4.59999989941716,21.698));
#7983=CARTESIAN_POINT('',(-0.499999988824129,4.42679481866027,21.598));
#7984=CARTESIAN_POINT('',(-0.599999988824129,4.59999989941716,21.598));
#7985=CARTESIAN_POINT('Ctrl Pts',(-0.599999988824129,4.59999989941716,21.598));
#7986=CARTESIAN_POINT('Ctrl Pts',(-0.572290166616033,4.57229007720907,21.598));
#7987=CARTESIAN_POINT('Ctrl Pts',(-0.539608717205258,4.53847757219676,21.598));
#7988=CARTESIAN_POINT('Ctrl Pts',(-0.508957188813906,4.48152685210207,21.598));
#7989=CARTESIAN_POINT('Ctrl Pts',(-0.499999988824129,4.45228256084783,21.598));
#7990=CARTESIAN_POINT('Ctrl Pts',(-0.499999988824129,4.42679481866027,21.598));
#7991=CARTESIAN_POINT('Origin',(-0.599999988824129,4.59999989941716,21.698));
#7992=CARTESIAN_POINT('Origin',(-0.499999988824129,4.59999989941716,21.698));
#7993=CARTESIAN_POINT('Origin',(-0.599999988824129,4.39999989941716,21.598));
#7994=CARTESIAN_POINT('',(-0.567067810571185,4.49442167463621,23.098));
#7995=CARTESIAN_POINT('Ctrl Pts',(-0.499999988824129,4.39999989941716,23.0276068355173));
#7996=CARTESIAN_POINT('Ctrl Pts',(-0.499999988824129,4.40392129584001,23.0276498465827));
#7997=CARTESIAN_POINT('Ctrl Pts',(-0.500232379325766,4.40787210363978,23.0279255940959));
#7998=CARTESIAN_POINT('Ctrl Pts',(-0.501457976021464,4.41819682542937,23.0292671044677));
#7999=CARTESIAN_POINT('Ctrl Pts',(-0.502854479399429,4.42451764397559,23.0307368822798));
#8000=CARTESIAN_POINT('Ctrl Pts',(-0.508611715891232,4.44254748947571,23.0367251989998));
#8001=CARTESIAN_POINT('Ctrl Pts',(-0.514702052606187,4.45327939867466,23.0429825908488));
#8002=CARTESIAN_POINT('Ctrl Pts',(-0.531643594367892,4.47488867639292,23.0604185605214));
#8003=CARTESIAN_POINT('Ctrl Pts',(-0.544524220569134,4.48430765264087,23.0736415590062));
#8004=CARTESIAN_POINT('Ctrl Pts',(-0.560303022570426,4.49186507460411,23.0905154899404));
#8005=CARTESIAN_POINT('Ctrl Pts',(-0.563757652491412,4.49326716641313,23.0942745310387));
#8006=CARTESIAN_POINT('Ctrl Pts',(-0.567067810571184,4.49442167463621,23.098));
#8007=CARTESIAN_POINT('',(-0.599999988824129,4.49999989941716,23.098));
#8008=CARTESIAN_POINT('',(-0.599999988824129,4.49999989941716,21.598));
#8009=CARTESIAN_POINT('Origin',(-0.599999988824129,4.39999989941716,23.098));
#8010=CARTESIAN_POINT('Origin',(-0.599999988824129,3.99999989941716,23.098));
#8011=CARTESIAN_POINT('',(-0.599999988824129,4.49862894396622,23.1350010260952));
#8012=CARTESIAN_POINT('Ctrl Pts',(-0.567067810571304,4.49442167463625,23.0980000000001));
#8013=CARTESIAN_POINT('Ctrl Pts',(-0.568128575169776,4.49479164532109,23.0991938540372));
#8014=CARTESIAN_POINT('Ctrl Pts',(-0.569192478343962,4.49513833564353,23.1003917499067));
#8015=CARTESIAN_POINT('Ctrl Pts',(-0.579556413816557,4.49828220430303,23.1120638741739));
#8016=CARTESIAN_POINT('Ctrl Pts',(-0.589092388792203,4.49935558362199,23.1228267093829));
#8017=CARTESIAN_POINT('Ctrl Pts',(-0.599079914176281,4.49870111076111,23.133974878252));
#8018=CARTESIAN_POINT('Ctrl Pts',(-0.599539952520464,4.49866700590228,23.1344881001357));
#8019=CARTESIAN_POINT('Ctrl Pts',(-0.599999988824129,4.49862894396622,23.1350010260952));
#8020=CARTESIAN_POINT('Origin',(-0.599999988824129,3.99999989941716,23.098));
#8021=CARTESIAN_POINT('Origin',(2.12499995250255,3.99999989941716,23.098));
#8022=CARTESIAN_POINT('',(1.09999997764826,4.49862894396622,23.1350010260952));
#8023=CARTESIAN_POINT('',(2.12499995250255,4.49862894396622,23.1350010260952));
#8024=CARTESIAN_POINT('',(-1.89999995529652,4.49999989941716,23.098));
#8025=CARTESIAN_POINT('',(2.12499995250255,4.49999989941716,23.098));
#8026=CARTESIAN_POINT('',(-1.49999995529652,3.99999989941716,23.598));
#8027=CARTESIAN_POINT('Origin',(-1.49999995529652,3.99999989941716,23.098));
#8028=CARTESIAN_POINT('',(1.99999994412065,3.99999989941716,23.598));
#8029=CARTESIAN_POINT('',(2.12499995250255,3.99999989941716,23.598));
#8030=CARTESIAN_POINT('',(2.39999994412065,4.49999989941716,23.098));
#8031=CARTESIAN_POINT('Origin',(1.99999994412065,3.99999989941716,23.098));
#8032=CARTESIAN_POINT('',(1.09999997764826,4.49999989941716,23.098));
#8033=CARTESIAN_POINT('',(2.12499995250255,4.49999989941716,23.098));
#8034=CARTESIAN_POINT('Origin',(1.09999997764826,3.99999989941716,23.098));
#8035=CARTESIAN_POINT('Origin',(2.49999994412065,4.49999989941716,21.598));
#8036=CARTESIAN_POINT('',(-1.89999995529652,4.49999989941716,21.698));
#8037=CARTESIAN_POINT('',(1.25460602503993,4.49999989941716,21.698));
#8038=CARTESIAN_POINT('',(-1.89999995529652,4.49999989941716,21.598));
#8039=CARTESIAN_POINT('Origin',(1.09999997764826,4.59999989941716,21.698));
#8040=CARTESIAN_POINT('',(0.999999977648258,4.39999989941716,21.698));
#8041=CARTESIAN_POINT('',(1.09999997764826,4.49999989941716,21.698));
#8042=CARTESIAN_POINT('Origin',(1.09999997764826,4.39999989941716,21.698));
#8043=CARTESIAN_POINT('',(1.09999997764826,4.59999989941716,21.598));
#8044=CARTESIAN_POINT('Origin',(1.09999997764826,4.59999989941716,21.698));
#8045=CARTESIAN_POINT('',(0.999999977648258,4.42679481866027,21.598));
#8046=CARTESIAN_POINT('Ctrl Pts',(0.999999977648258,4.42679481866027,21.598));
#8047=CARTESIAN_POINT('Ctrl Pts',(0.999999977648258,4.45228256084783,21.598));
#8048=CARTESIAN_POINT('Ctrl Pts',(1.00895717763804,4.48152685210207,21.598));
#8049=CARTESIAN_POINT('Ctrl Pts',(1.03960870602939,4.53847757219676,21.598));
#8050=CARTESIAN_POINT('Ctrl Pts',(1.07229015544016,4.57229007720907,21.598));
#8051=CARTESIAN_POINT('Ctrl Pts',(1.09999997764826,4.59999989941716,21.598));
#8052=CARTESIAN_POINT('Origin',(0.999999977648258,4.59999989941716,21.698));
#8053=CARTESIAN_POINT('Origin',(1.09999997764826,4.39999989941716,21.598));
#8054=CARTESIAN_POINT('',(0.999999977648258,4.39999989941716,23.0276068355173));
#8055=CARTESIAN_POINT('',(1.09999997764826,4.49999989941716,23.0276068355173));
#8056=CARTESIAN_POINT('Origin',(1.09999997764826,4.39999989941716,23.0276068355173));
#8057=CARTESIAN_POINT('',(1.09999997764826,4.49999989941716,21.598));
#8058=CARTESIAN_POINT('',(0.999999977648258,4.39999989941716,21.598));
#8059=CARTESIAN_POINT('Origin',(1.09999997764826,4.39999989941716,21.598));
#8060=CARTESIAN_POINT('',(1.06706779939531,4.49442167463621,23.098));
#8061=CARTESIAN_POINT('Ctrl Pts',(1.06706779939531,4.49442167463621,23.098));
#8062=CARTESIAN_POINT('Ctrl Pts',(1.06375764131554,4.49326716641313,23.0942745310387));
#8063=CARTESIAN_POINT('Ctrl Pts',(1.06030301139455,4.49186507460411,23.0905154899404));
#8064=CARTESIAN_POINT('Ctrl Pts',(1.04452420939326,4.48430765264087,23.0736415590062));
#8065=CARTESIAN_POINT('Ctrl Pts',(1.03164358319202,4.47488867639292,23.0604185605214));
#8066=CARTESIAN_POINT('Ctrl Pts',(1.01470204143032,4.45327939867466,23.0429825908488));
#8067=CARTESIAN_POINT('Ctrl Pts',(1.00861170471536,4.44254748947571,23.0367251989998));
#8068=CARTESIAN_POINT('Ctrl Pts',(1.00285446822356,4.42451764397559,23.0307368822798));
#8069=CARTESIAN_POINT('Ctrl Pts',(1.00145796484559,4.41819682542937,23.0292671044677));
#8070=CARTESIAN_POINT('Ctrl Pts',(1.00023236814989,4.40787210363978,23.0279255940959));
#8071=CARTESIAN_POINT('Ctrl Pts',(0.999999977648258,4.40392129584001,23.0276498465827));
#8072=CARTESIAN_POINT('Ctrl Pts',(0.999999977648258,4.39999989941716,23.0276068355173));
#8073=CARTESIAN_POINT('Origin',(1.09999997764826,4.39999989941716,23.098));
#8074=CARTESIAN_POINT('',(1.09999997764826,4.49999989941716,21.598));
#8075=CARTESIAN_POINT('Origin',(1.09999997764826,3.99999989941716,23.098));
#8076=CARTESIAN_POINT('Ctrl Pts',(1.09999997764826,4.49862894396622,23.1350010260952));
#8077=CARTESIAN_POINT('Ctrl Pts',(1.09953994134459,4.49866700590228,23.1344881001357));
#8078=CARTESIAN_POINT('Ctrl Pts',(1.09907990300041,4.49870111076111,23.133974878252));
#8079=CARTESIAN_POINT('Ctrl Pts',(1.08909237761633,4.49935558362199,23.1228267093829));
#8080=CARTESIAN_POINT('Ctrl Pts',(1.07955640264068,4.49828220430303,23.1120638741739));
#8081=CARTESIAN_POINT('Ctrl Pts',(1.06919246716805,4.49513833564352,23.1003917499066));
#8082=CARTESIAN_POINT('Ctrl Pts',(1.06812856399383,4.49479164532106,23.0991938540371));
#8083=CARTESIAN_POINT('Ctrl Pts',(1.06706779939531,4.49442167463621,23.098));
#8084=CARTESIAN_POINT('Origin',(0.999999977648258,4.49999989941716,21.598));
#8085=CARTESIAN_POINT('',(0.999999977648258,3.07320501370166,21.598));
#8086=CARTESIAN_POINT('',(0.999999977648258,4.29999996433035,21.598));
#8087=CARTESIAN_POINT('',(0.999999977648258,3.09999993294477,21.698));
#8088=CARTESIAN_POINT('Origin',(0.999999977648258,2.89999993294477,21.698));
#8089=CARTESIAN_POINT('',(0.999999977648258,3.09999993294477,23.0276068355173));
#8090=CARTESIAN_POINT('',(0.999999977648258,3.09999993294477,21.598));
#8091=CARTESIAN_POINT('',(0.999999977648258,3.10109669730553,23.0276008208761));
#8092=CARTESIAN_POINT('Origin',(0.999999977648258,3.10109669730553,23.1276008208761));
#8093=CARTESIAN_POINT('',(0.999999977648258,4.39890313505641,23.0276008208761));
#8094=CARTESIAN_POINT('',(0.999999977648258,4.49999989941716,23.0276008208761));
#8095=CARTESIAN_POINT('Origin',(0.999999977648258,4.39890313505641,23.1276008208761));
#8096=CARTESIAN_POINT('Origin',(1.09999997764826,3.09999993294477,21.598));
#8097=CARTESIAN_POINT('',(1.09999997764826,2.99999993294477,21.698));
#8098=CARTESIAN_POINT('Origin',(1.09999997764826,3.09999993294477,21.698));
#8099=CARTESIAN_POINT('',(1.09999997764826,2.99999993294477,23.0276068355173));
#8100=CARTESIAN_POINT('',(1.09999997764826,2.99999993294477,21.598));
#8101=CARTESIAN_POINT('Origin',(1.09999997764826,3.09999993294477,23.0276068355173));
#8102=CARTESIAN_POINT('Origin',(1.09999997764826,2.89999993294477,21.698));
#8103=CARTESIAN_POINT('',(1.09999997764826,2.89999993294477,21.598));
#8104=CARTESIAN_POINT('Ctrl Pts',(1.09999997764826,2.89999993294477,21.598));
#8105=CARTESIAN_POINT('Ctrl Pts',(1.07229015544016,2.92770975515287,21.598));
#8106=CARTESIAN_POINT('Ctrl Pts',(1.03960870602939,2.96152226016518,21.598));
#8107=CARTESIAN_POINT('Ctrl Pts',(1.00895717763804,3.01847298025986,21.598));
#8108=CARTESIAN_POINT('Ctrl Pts',(0.999999977648258,3.04771727151411,21.598));
#8109=CARTESIAN_POINT('Ctrl Pts',(0.999999977648258,3.07320501370166,21.598));
#8110=CARTESIAN_POINT('Origin',(1.09999997764826,2.89999993294477,21.698));
#8111=CARTESIAN_POINT('Origin',(1.09999997764826,3.09999993294477,21.598));
#8112=CARTESIAN_POINT('',(1.06706779939531,3.00557815772573,23.098));
#8113=CARTESIAN_POINT('Ctrl Pts',(0.999999977648258,3.09999993294478,23.0276068355173));
#8114=CARTESIAN_POINT('Ctrl Pts',(0.999999977648258,3.09607853652193,23.0276498465827));
#8115=CARTESIAN_POINT('Ctrl Pts',(1.0002323681499,3.09212772872215,23.0279255940959));
#8116=CARTESIAN_POINT('Ctrl Pts',(1.00145796484559,3.08180300693256,23.0292671044677));
#8117=CARTESIAN_POINT('Ctrl Pts',(1.00285446822356,3.07548218838635,23.0307368822798));
#8118=CARTESIAN_POINT('Ctrl Pts',(1.00861170471536,3.05745234288623,23.0367251989998));
#8119=CARTESIAN_POINT('Ctrl Pts',(1.01470204143032,3.04672043368728,23.0429825908488));
#8120=CARTESIAN_POINT('Ctrl Pts',(1.03164358319202,3.02511115596902,23.0604185605214));
#8121=CARTESIAN_POINT('Ctrl Pts',(1.04452420939326,3.01569217972107,23.0736415590062));
#8122=CARTESIAN_POINT('Ctrl Pts',(1.06030301139455,3.00813475775782,23.0905154899404));
#8123=CARTESIAN_POINT('Ctrl Pts',(1.06375764131554,3.00673266594881,23.0942745310387));
#8124=CARTESIAN_POINT('Ctrl Pts',(1.06706779939531,3.00557815772573,23.098));
#8125=CARTESIAN_POINT('',(1.09999997764826,2.99999993294477,23.098));
#8126=CARTESIAN_POINT('',(1.09999997764826,2.99999993294477,21.598));
#8127=CARTESIAN_POINT('Origin',(1.09999997764826,3.09999993294477,23.098));
#8128=CARTESIAN_POINT('Origin',(1.09999997764826,3.49999993294477,23.098));
#8129=CARTESIAN_POINT('',(1.09999997764826,3.00137088839572,23.1350010260952));
#8130=CARTESIAN_POINT('Ctrl Pts',(1.06706779939543,3.00557815772569,23.0980000000001));
#8131=CARTESIAN_POINT('Ctrl Pts',(1.06812856399402,3.00520818704081,23.0991938540373));
#8132=CARTESIAN_POINT('Ctrl Pts',(1.06919246716832,3.00486149671833,23.1003917499069));
#8133=CARTESIAN_POINT('Ctrl Pts',(1.07955640264093,3.00171762805887,23.1120638741742));
#8134=CARTESIAN_POINT('Ctrl Pts',(1.08909237761631,3.00064424873996,23.1228267093832));
#8135=CARTESIAN_POINT('Ctrl Pts',(1.09907990300046,3.00129872160083,23.133974878252));
#8136=CARTESIAN_POINT('Ctrl Pts',(1.09953994134459,3.00133282645966,23.1344881001357));
#8137=CARTESIAN_POINT('Ctrl Pts',(1.09999997764826,3.00137088839572,23.1350010260952));
#8138=CARTESIAN_POINT('Origin',(1.09999997764826,3.49999993294477,23.098));
#8139=CARTESIAN_POINT('Origin',(1.37499996926636,3.49999993294477,23.098));
#8140=CARTESIAN_POINT('',(-0.599999988824129,3.00137088839572,23.1350010260952));
#8141=CARTESIAN_POINT('',(1.37499996926636,3.00137088839572,23.1350010260952));
#8142=CARTESIAN_POINT('',(2.39999994412065,2.99999993294477,23.098));
#8143=CARTESIAN_POINT('',(1.37499996926636,2.99999993294477,23.098));
#8144=CARTESIAN_POINT('',(1.99999994412065,3.49999993294477,23.598));
#8145=CARTESIAN_POINT('Origin',(1.99999994412065,3.49999993294477,23.098));
#8146=CARTESIAN_POINT('',(-1.49999995529652,3.49999993294477,23.598));
#8147=CARTESIAN_POINT('',(1.37499996926636,3.49999993294477,23.598));
#8148=CARTESIAN_POINT('',(-1.89999995529652,2.99999993294477,23.098));
#8149=CARTESIAN_POINT('Origin',(-1.49999995529652,3.49999993294477,23.098));
#8150=CARTESIAN_POINT('',(-0.599999988824129,2.99999993294477,23.098));
#8151=CARTESIAN_POINT('',(1.37499996926636,2.99999993294477,23.098));
#8152=CARTESIAN_POINT('Origin',(-0.599999988824129,3.49999993294477,23.098));
#8153=CARTESIAN_POINT('Origin',(0.999999977648258,2.99999993294477,21.598));
#8154=CARTESIAN_POINT('',(2.39999994412065,2.99999993294477,21.698));
#8155=CARTESIAN_POINT('',(0.504606041803738,2.99999993294477,21.698));
#8156=CARTESIAN_POINT('',(2.39999994412065,2.99999993294477,21.598));
#8157=CARTESIAN_POINT('Origin',(-0.599999988824129,2.89999993294477,21.698));
#8158=CARTESIAN_POINT('',(-0.499999988824129,3.09999993294477,21.698));
#8159=CARTESIAN_POINT('',(-0.599999988824129,2.99999993294477,21.698));
#8160=CARTESIAN_POINT('Origin',(-0.599999988824129,3.09999993294477,21.698));
#8161=CARTESIAN_POINT('',(-0.599999988824129,2.89999993294477,21.598));
#8162=CARTESIAN_POINT('Origin',(-0.599999988824129,2.89999993294477,21.698));
#8163=CARTESIAN_POINT('',(-0.499999988824129,3.07320501370166,21.598));
#8164=CARTESIAN_POINT('Ctrl Pts',(-0.499999988824129,3.07320501370166,21.598));
#8165=CARTESIAN_POINT('Ctrl Pts',(-0.499999988824129,3.04771727151411,21.598));
#8166=CARTESIAN_POINT('Ctrl Pts',(-0.508957188813906,3.01847298025986,21.598));
#8167=CARTESIAN_POINT('Ctrl Pts',(-0.539608717205258,2.96152226016518,21.598));
#8168=CARTESIAN_POINT('Ctrl Pts',(-0.572290166616033,2.92770975515287,21.598));
#8169=CARTESIAN_POINT('Ctrl Pts',(-0.599999988824129,2.89999993294477,21.598));
#8170=CARTESIAN_POINT('Origin',(-0.499999988824129,2.89999993294477,21.698));
#8171=CARTESIAN_POINT('Origin',(-0.599999988824129,3.09999993294477,21.598));
#8172=CARTESIAN_POINT('',(-0.499999988824129,3.09999993294477,23.0276068355173));
#8173=CARTESIAN_POINT('',(-0.599999988824129,2.99999993294477,23.0276068355173));
#8174=CARTESIAN_POINT('Origin',(-0.599999988824129,3.09999993294477,23.0276068355173));
#8175=CARTESIAN_POINT('',(-0.599999988824129,2.99999993294477,21.598));
#8176=CARTESIAN_POINT('',(-0.499999988824129,3.09999993294477,21.598));
#8177=CARTESIAN_POINT('Origin',(-0.599999988824129,3.09999993294477,21.598));
#8178=CARTESIAN_POINT('',(-0.567067810571185,3.00557815772573,23.098));
#8179=CARTESIAN_POINT('Ctrl Pts',(-0.567067810571184,3.00557815772573,23.098));
#8180=CARTESIAN_POINT('Ctrl Pts',(-0.563757652491414,3.00673266594881,23.0942745310387));
#8181=CARTESIAN_POINT('Ctrl Pts',(-0.560303022570426,3.00813475775782,23.0905154899404));
#8182=CARTESIAN_POINT('Ctrl Pts',(-0.544524220569134,3.01569217972107,23.0736415590062));
#8183=CARTESIAN_POINT('Ctrl Pts',(-0.531643594367892,3.02511115596902,23.0604185605214));
#8184=CARTESIAN_POINT('Ctrl Pts',(-0.514702052606186,3.04672043368728,23.0429825908488));
#8185=CARTESIAN_POINT('Ctrl Pts',(-0.508611715891232,3.05745234288623,23.0367251989998));
#8186=CARTESIAN_POINT('Ctrl Pts',(-0.502854479399429,3.07548218838635,23.0307368822798));
#8187=CARTESIAN_POINT('Ctrl Pts',(-0.501457976021464,3.08180300693256,23.0292671044677));
#8188=CARTESIAN_POINT('Ctrl Pts',(-0.500232379325766,3.09212772872215,23.0279255940959));
#8189=CARTESIAN_POINT('Ctrl Pts',(-0.499999988824129,3.09607853652193,23.0276498465827));
#8190=CARTESIAN_POINT('Ctrl Pts',(-0.499999988824129,3.09999993294478,23.0276068355173));
#8191=CARTESIAN_POINT('Origin',(-0.599999988824129,3.09999993294477,23.098));
#8192=CARTESIAN_POINT('',(-0.599999988824129,2.99999993294477,21.598));
#8193=CARTESIAN_POINT('Origin',(-0.599999988824129,3.49999993294477,23.098));
#8194=CARTESIAN_POINT('Ctrl Pts',(-0.599999988824129,3.00137088839572,23.1350010260952));
#8195=CARTESIAN_POINT('Ctrl Pts',(-0.599539952520458,3.00133282645966,23.1344881001357));
#8196=CARTESIAN_POINT('Ctrl Pts',(-0.599079914176334,3.00129872160083,23.133974878252));
#8197=CARTESIAN_POINT('Ctrl Pts',(-0.589092388792182,3.00064424873996,23.1228267093832));
#8198=CARTESIAN_POINT('Ctrl Pts',(-0.579556413816806,3.00171762805887,23.1120638741742));
#8199=CARTESIAN_POINT('Ctrl Pts',(-0.569192478344149,3.00486149671835,23.1003917499069));
#8200=CARTESIAN_POINT('Ctrl Pts',(-0.568128575169813,3.00520818704084,23.0991938540372));
#8201=CARTESIAN_POINT('Ctrl Pts',(-0.567067810571187,3.00557815772573,23.098));
#8202=CARTESIAN_POINT('Origin',(-0.499999988824129,2.99999993294477,21.598));
#8203=CARTESIAN_POINT('',(-0.499999988824129,4.39890313505641,23.0276008208761));
#8204=CARTESIAN_POINT('Origin',(-0.499999988824129,4.39890313505641,23.1276008208761));
#8205=CARTESIAN_POINT('',(-0.499999988824129,3.10109669730553,23.0276008208761));
#8206=CARTESIAN_POINT('',(-0.499999988824129,3.74999991618097,23.0276008208761));
#8207=CARTESIAN_POINT('Origin',(-0.499999988824129,3.10109669730553,23.1276008208761));
#8208=CARTESIAN_POINT('',(-0.499999988824129,3.54999998109415,21.598));
#8209=CARTESIAN_POINT('Origin',(2.12499995250255,4.39890313505641,23.1276008208761));
#8210=CARTESIAN_POINT('',(2.12499995250255,4.39890313505641,23.0276008208761));
#8211=CARTESIAN_POINT('Origin',(0.999999977648258,4.49999989941716,23.0276008208761));
#8212=CARTESIAN_POINT('',(1.37499996926636,3.10109669730553,23.0276008208761));
#8213=CARTESIAN_POINT('Origin',(2.49999994412065,4.49999989941716,21.598));
#8214=CARTESIAN_POINT('',(2.39999994412065,4.49999989941716,21.698));
#8215=CARTESIAN_POINT('',(2.39999994412065,4.49999989941716,21.598));
#8216=CARTESIAN_POINT('',(1.25460602503993,4.49999989941716,21.698));
#8217=CARTESIAN_POINT('Origin',(2.39999994412065,4.39999989941716,21.698));
#8218=CARTESIAN_POINT('',(2.59999994412065,4.39999989941716,21.598));
#8219=CARTESIAN_POINT('',(2.39999994412065,4.59999989941716,21.598));
#8220=CARTESIAN_POINT('Origin',(2.39999994412065,4.39999989941716,21.598));
#8221=CARTESIAN_POINT('Origin',(2.39999994412065,4.59999989941716,21.698));
#8222=CARTESIAN_POINT('',(2.49999994412065,4.39999989941716,21.698));
#8223=CARTESIAN_POINT('Origin',(2.39999994412065,4.39999989941716,21.698));
#8224=CARTESIAN_POINT('Origin',(2.59999994412065,4.39999989941716,21.698));
#8225=CARTESIAN_POINT('Origin',(1.25460602503993,4.59999989941716,21.698));
#8226=CARTESIAN_POINT('',(1.25460602503993,4.59999989941716,21.598));
#8227=CARTESIAN_POINT('Ctrl Pts',(1.99999994412065,3.99999989941716,23.598));
#8228=CARTESIAN_POINT('Ctrl Pts',(2.26179933191979,4.20943940965648,23.598));
#8229=CARTESIAN_POINT('Ctrl Pts',(2.49999994412065,4.39999989941716,23.3597993877992));
#8230=CARTESIAN_POINT('Ctrl Pts',(2.49999994412065,4.39999989941716,23.098));
#8231=CARTESIAN_POINT('Ctrl Pts',(1.99999994412065,3.99999989941716,23.598));
#8232=CARTESIAN_POINT('Ctrl Pts',(2.2518260219084,4.21941271966788,23.598));
#8233=CARTESIAN_POINT('Ctrl Pts',(2.49999994412065,4.42991982945135,23.3757006380241));
#8234=CARTESIAN_POINT('Ctrl Pts',(2.49999994412065,4.42991982945135,23.098));
#8235=CARTESIAN_POINT('Ctrl Pts',(1.99999994412065,3.99999989941716,23.598));
#8236=CARTESIAN_POINT('Ctrl Pts',(2.23437272938846,4.23686601218782,23.598));
#8237=CARTESIAN_POINT('Ctrl Pts',(2.47488998979073,4.48172344836066,23.3893618377162));
#8238=CARTESIAN_POINT('Ctrl Pts',(2.47488998979073,4.48172344836066,23.098));
#8239=CARTESIAN_POINT('Ctrl Pts',(1.99999994412065,3.99999989941716,23.598));
#8240=CARTESIAN_POINT('Ctrl Pts',(2.21691943686852,4.25431930470776,23.598));
#8241=CARTESIAN_POINT('Ctrl Pts',(2.42243989164629,4.49999989941716,23.3715674375772));
#8242=CARTESIAN_POINT('Ctrl Pts',(2.42243989164629,4.49999989941716,23.098));
#8243=CARTESIAN_POINT('Ctrl Pts',(1.99999994412065,3.99999989941716,23.598));
#8244=CARTESIAN_POINT('Ctrl Pts',(2.20943945435997,4.26179928721631,23.598));
#8245=CARTESIAN_POINT('Ctrl Pts',(2.39999994412065,4.49999989941716,23.3597993877992));
#8246=CARTESIAN_POINT('Ctrl Pts',(2.39999994412065,4.49999989941716,23.098));
#8247=CARTESIAN_POINT('',(2.49999994412065,4.39999989941716,23.098));
#8248=CARTESIAN_POINT('Origin',(2.39999994412065,4.39999989941716,23.098));
#8249=CARTESIAN_POINT('Origin',(1.99999994412065,3.99999989941716,23.098));
#8250=CARTESIAN_POINT('Origin',(2.39999994412065,4.39999989941716,21.598));
#8251=CARTESIAN_POINT('',(2.49999994412065,4.39999989941716,21.598));
#8252=CARTESIAN_POINT('Origin',(2.39999994412065,3.09999993294477,21.698));
#8253=CARTESIAN_POINT('',(2.39999994412065,2.89999993294477,21.598));
#8254=CARTESIAN_POINT('',(2.59999994412065,3.09999993294477,21.598));
#8255=CARTESIAN_POINT('Origin',(2.39999994412065,3.09999993294477,21.598));
#8256=CARTESIAN_POINT('',(2.49999994412065,3.09999993294477,21.698));
#8257=CARTESIAN_POINT('Origin',(2.59999994412065,3.09999993294477,21.698));
#8258=CARTESIAN_POINT('Origin',(2.39999994412065,3.09999993294477,21.698));
#8259=CARTESIAN_POINT('Origin',(2.39999994412065,2.89999993294477,21.698));
#8260=CARTESIAN_POINT('Origin',(2.59999994412065,3.54999998109415,21.698));
#8261=CARTESIAN_POINT('',(2.59999994412065,3.54999998109415,21.598));
#8262=CARTESIAN_POINT('',(2.49999994412065,3.54999998109415,21.698));
#8263=CARTESIAN_POINT('Origin',(2.39999994412065,3.09999993294477,21.598));
#8264=CARTESIAN_POINT('',(2.49999994412065,3.09999993294477,23.098));
#8265=CARTESIAN_POINT('Origin',(2.39999994412065,3.09999993294477,23.098));
#8266=CARTESIAN_POINT('',(2.49999994412065,3.09999993294477,21.598));
#8267=CARTESIAN_POINT('Ctrl Pts',(1.99999994412065,3.49999993294477,23.598));
#8268=CARTESIAN_POINT('Ctrl Pts',(2.20943945435997,3.23820054514563,23.598));
#8269=CARTESIAN_POINT('Ctrl Pts',(2.39999994412065,2.99999993294477,23.3597993877992));
#8270=CARTESIAN_POINT('Ctrl Pts',(2.39999994412065,2.99999993294477,23.098));
#8271=CARTESIAN_POINT('Ctrl Pts',(1.99999994412065,3.49999993294477,23.598));
#8272=CARTESIAN_POINT('Ctrl Pts',(2.21941276437136,3.24817385515702,23.598));
#8273=CARTESIAN_POINT('Ctrl Pts',(2.42991987415483,2.99999993294477,23.3757006380241));
#8274=CARTESIAN_POINT('Ctrl Pts',(2.42991987415483,2.99999993294477,23.098));
#8275=CARTESIAN_POINT('Ctrl Pts',(1.99999994412065,3.49999993294477,23.598));
#8276=CARTESIAN_POINT('Ctrl Pts',(2.2368660568913,3.26562714767696,23.598));
#8277=CARTESIAN_POINT('Ctrl Pts',(2.48172429671962,3.02510921748308,23.3893618377162));
#8278=CARTESIAN_POINT('Ctrl Pts',(2.48172429671962,3.02510921748308,23.098));
#8279=CARTESIAN_POINT('Ctrl Pts',(1.99999994412065,3.49999993294477,23.598));
#8280=CARTESIAN_POINT('Ctrl Pts',(2.25431934941124,3.2830804401969,23.598));
#8281=CARTESIAN_POINT('Ctrl Pts',(2.49999994412065,3.07755998541913,23.3715674375772));
#8282=CARTESIAN_POINT('Ctrl Pts',(2.49999994412065,3.07755998541913,23.098));
#8283=CARTESIAN_POINT('Ctrl Pts',(1.99999994412065,3.49999993294477,23.598));
#8284=CARTESIAN_POINT('Ctrl Pts',(2.26179933191979,3.29056042270545,23.598));
#8285=CARTESIAN_POINT('Ctrl Pts',(2.49999994412065,3.09999993294477,23.3597993877992));
#8286=CARTESIAN_POINT('Ctrl Pts',(2.49999994412065,3.09999993294477,23.098));
#8287=CARTESIAN_POINT('Origin',(1.99999994412065,3.49999993294477,23.098));
#8288=CARTESIAN_POINT('Origin',(0.504606041803738,2.89999993294477,21.698));
#8289=CARTESIAN_POINT('',(0.504606041803738,2.89999993294477,21.598));
#8290=CARTESIAN_POINT('Origin',(0.00921210595921707,4.10000002924353,21.598));
#8291=CARTESIAN_POINT('',(3.16842427152308,5.44999987818301,21.598));
#8292=CARTESIAN_POINT('',(3.15000005960464,5.44999987818301,21.598));
#8293=CARTESIAN_POINT('',(3.64999991841614,5.44999987818301,21.598));
#8294=CARTESIAN_POINT('',(3.15000005960464,6.15000010430813,21.598));
#8295=CARTESIAN_POINT('',(3.15000005960464,5.44999987818301,21.598));
#8296=CARTESIAN_POINT('',(-3.15000005960464,6.15000010430813,21.598));
#8297=CARTESIAN_POINT('',(-3.15000005960464,6.15000010430813,21.598));
#8298=CARTESIAN_POINT('',(-3.15000005960464,2.04999995417893,21.598));
#8299=CARTESIAN_POINT('',(-3.15000005960464,2.04999995417893,21.598));
#8300=CARTESIAN_POINT('',(3.16842427152308,2.04999995417893,21.598));
#8301=CARTESIAN_POINT('',(3.16842427152308,2.04999995417893,21.598));
#8302=CARTESIAN_POINT('',(3.16842427152308,6.15000010430813,21.598));
#8303=CARTESIAN_POINT('',(-1.89999995529652,2.89999993294477,21.598));
#8304=CARTESIAN_POINT('',(0.504606041803738,2.89999993294477,21.598));
#8305=CARTESIAN_POINT('',(-2.09999995529652,3.09999993294477,21.598));
#8306=CARTESIAN_POINT('Origin',(-1.89999995529652,3.09999993294477,21.598));
#8307=CARTESIAN_POINT('',(-2.09999995529652,4.39999989941716,21.598));
#8308=CARTESIAN_POINT('',(-2.09999995529652,4.29999996433035,21.598));
#8309=CARTESIAN_POINT('',(-1.89999995529652,4.59999989941716,21.598));
#8310=CARTESIAN_POINT('Origin',(-1.89999995529652,4.39999989941716,21.598));
#8311=CARTESIAN_POINT('',(1.25460602503993,4.59999989941716,21.598));
#8312=CARTESIAN_POINT('Origin',(1.37499996926636,3.10109669730553,23.1276008208761));
#8313=CARTESIAN_POINT('Origin',(0.999999977648258,2.99999993294477,21.598));
#8314=CARTESIAN_POINT('',(-1.89999995529652,2.99999993294477,21.698));
#8315=CARTESIAN_POINT('',(-1.89999995529652,2.99999993294477,21.598));
#8316=CARTESIAN_POINT('',(0.504606041803738,2.99999993294477,21.698));
#8317=CARTESIAN_POINT('Origin',(-1.89999995529652,4.39999989941716,21.698));
#8318=CARTESIAN_POINT('',(-1.99999995529652,4.39999989941716,21.698));
#8319=CARTESIAN_POINT('Origin',(-2.09999995529652,4.39999989941716,21.698));
#8320=CARTESIAN_POINT('Origin',(-1.89999995529652,4.39999989941716,21.698));
#8321=CARTESIAN_POINT('Origin',(-1.89999995529652,4.59999989941716,21.698));
#8322=CARTESIAN_POINT('Origin',(-1.89999995529652,3.09999993294477,21.698));
#8323=CARTESIAN_POINT('',(-1.99999995529652,3.09999993294477,21.698));
#8324=CARTESIAN_POINT('Origin',(-1.89999995529652,3.09999993294477,21.698));
#8325=CARTESIAN_POINT('Origin',(-2.09999995529652,3.09999993294477,21.698));
#8326=CARTESIAN_POINT('Origin',(-1.89999995529652,2.89999993294477,21.698));
#8327=CARTESIAN_POINT('Origin',(-2.09999995529652,4.29999996433035,21.698));
#8328=CARTESIAN_POINT('',(-1.99999995529652,4.29999996433035,21.698));
#8329=CARTESIAN_POINT('Origin',(0.504606041803738,2.89999993294477,21.698));
#8330=CARTESIAN_POINT('Origin',(-1.89999995529652,3.09999993294477,21.598));
#8331=CARTESIAN_POINT('',(-1.99999995529652,3.09999993294477,23.098));
#8332=CARTESIAN_POINT('Origin',(-1.89999995529652,3.09999993294477,23.098));
#8333=CARTESIAN_POINT('',(-1.99999995529652,3.09999993294477,21.598));
#8334=CARTESIAN_POINT('Ctrl Pts',(-1.49999995529652,3.49999993294477,23.598));
#8335=CARTESIAN_POINT('Ctrl Pts',(-1.76179934309566,3.29056042270546,23.598));
#8336=CARTESIAN_POINT('Ctrl Pts',(-1.99999995529652,3.09999993294477,23.3597993877992));
#8337=CARTESIAN_POINT('Ctrl Pts',(-1.99999995529652,3.09999993294477,23.098));
#8338=CARTESIAN_POINT('Ctrl Pts',(-1.49999995529652,3.49999993294477,23.598));
#8339=CARTESIAN_POINT('Ctrl Pts',(-1.75182603308427,3.28058711269406,23.598));
#8340=CARTESIAN_POINT('Ctrl Pts',(-1.99999995529652,3.07008000291059,23.3757006380241));
#8341=CARTESIAN_POINT('Ctrl Pts',(-1.99999995529652,3.07008000291059,23.098));
#8342=CARTESIAN_POINT('Ctrl Pts',(-1.49999995529652,3.49999993294478,23.598));
#8343=CARTESIAN_POINT('Ctrl Pts',(-1.73437274056433,3.26313382017412,23.598));
#8344=CARTESIAN_POINT('Ctrl Pts',(-1.97489099978171,3.01827518556399,23.3893618377162));
#8345=CARTESIAN_POINT('Ctrl Pts',(-1.97489099978171,3.01827518556399,23.098));
#8346=CARTESIAN_POINT('Ctrl Pts',(-1.49999995529652,3.49999993294477,23.598));
#8347=CARTESIAN_POINT('Ctrl Pts',(-1.71691944804439,3.24568052765418,23.598));
#8348=CARTESIAN_POINT('Ctrl Pts',(-1.92243990282216,2.99999993294477,23.3715674375772));
#8349=CARTESIAN_POINT('Ctrl Pts',(-1.92243990282216,2.99999993294477,23.098));
#8350=CARTESIAN_POINT('Ctrl Pts',(-1.49999995529652,3.49999993294477,23.598));
#8351=CARTESIAN_POINT('Ctrl Pts',(-1.70943946553584,3.23820054514563,23.598));
#8352=CARTESIAN_POINT('Ctrl Pts',(-1.89999995529652,2.99999993294477,23.3597993877992));
#8353=CARTESIAN_POINT('Ctrl Pts',(-1.89999995529652,2.99999993294477,23.098));
#8354=CARTESIAN_POINT('Origin',(-1.49999995529652,3.49999993294477,23.098));
#8355=CARTESIAN_POINT('Ctrl Pts',(-1.49999995529652,3.99999989941716,23.598));
#8356=CARTESIAN_POINT('Ctrl Pts',(-1.70943946553584,4.26179928721631,23.598));
#8357=CARTESIAN_POINT('Ctrl Pts',(-1.89999995529652,4.49999989941716,23.3597993877992));
#8358=CARTESIAN_POINT('Ctrl Pts',(-1.89999995529652,4.49999989941716,23.098));
#8359=CARTESIAN_POINT('Ctrl Pts',(-1.49999995529652,3.99999989941716,23.598));
#8360=CARTESIAN_POINT('Ctrl Pts',(-1.71941277554723,4.25182597720491,23.598));
#8361=CARTESIAN_POINT('Ctrl Pts',(-1.9299198853307,4.49999989941716,23.3757006380241));
#8362=CARTESIAN_POINT('Ctrl Pts',(-1.9299198853307,4.49999989941716,23.098));
#8363=CARTESIAN_POINT('Ctrl Pts',(-1.49999995529652,3.99999989941716,23.598));
#8364=CARTESIAN_POINT('Ctrl Pts',(-1.73686606806717,4.23437268468497,23.598));
#8365=CARTESIAN_POINT('Ctrl Pts',(-1.98172387891524,4.47489025735329,23.3893618377162));
#8366=CARTESIAN_POINT('Ctrl Pts',(-1.98172387891524,4.47489025735329,23.098));
#8367=CARTESIAN_POINT('Ctrl Pts',(-1.49999995529652,3.99999989941716,23.598));
#8368=CARTESIAN_POINT('Ctrl Pts',(-1.75431936058711,4.21691939216503,23.598));
#8369=CARTESIAN_POINT('Ctrl Pts',(-1.99999995529652,4.4224398469428,23.3715674375772));
#8370=CARTESIAN_POINT('Ctrl Pts',(-1.99999995529652,4.4224398469428,23.098));
#8371=CARTESIAN_POINT('Ctrl Pts',(-1.49999995529652,3.99999989941716,23.598));
#8372=CARTESIAN_POINT('Ctrl Pts',(-1.76179934309566,4.20943940965649,23.598));
#8373=CARTESIAN_POINT('Ctrl Pts',(-1.99999995529652,4.39999989941716,23.3597993877992));
#8374=CARTESIAN_POINT('Ctrl Pts',(-1.99999995529652,4.39999989941716,23.098));
#8375=CARTESIAN_POINT('',(-1.99999995529652,4.39999989941716,23.098));
#8376=CARTESIAN_POINT('Origin',(-1.89999995529652,4.39999989941716,23.098));
#8377=CARTESIAN_POINT('Origin',(-1.49999995529652,3.99999989941716,23.098));
#8378=CARTESIAN_POINT('Origin',(-1.89999995529652,4.39999989941716,21.598));
#8379=CARTESIAN_POINT('',(-1.99999995529652,4.39999989941716,21.598));
#8380=CARTESIAN_POINT('Origin',(1.25460602503993,4.59999989941716,21.698));
#8381=CARTESIAN_POINT('Origin',(1.99999994412065,3.37499992456287,23.098));
#8382=CARTESIAN_POINT('',(1.99999994412065,3.37499992456287,23.598));
#8383=CARTESIAN_POINT('',(2.49999994412065,3.37499992456287,23.098));
#8384=CARTESIAN_POINT('Origin',(-1.49999995529652,4.12499990779907,23.098));
#8385=CARTESIAN_POINT('',(-1.49999995529652,4.12499990779907,23.598));
#8386=CARTESIAN_POINT('',(-1.99999995529652,4.12499990779907,23.098));
#8387=CARTESIAN_POINT('Origin',(-1.99999995529652,4.49999989941716,21.598));
#8388=CARTESIAN_POINT('Origin',(1.74999996088445,3.74999991618097,23.598));
#8389=CARTESIAN_POINT('Origin',(2.49999994412065,2.99999993294477,21.598));
#8390=CARTESIAN_POINT('Origin',(3.16842427152308,2.04999995417893,21.498));
#8391=CARTESIAN_POINT('',(3.16842427152308,5.44999987818301,21.498));
#8392=CARTESIAN_POINT('',(3.16842427152308,2.04999995417893,21.498));
#8393=CARTESIAN_POINT('',(3.16842427152308,3.07499999171123,21.498));
#8394=CARTESIAN_POINT('',(3.16842427152308,5.44999987818301,21.498));
#8395=CARTESIAN_POINT('',(3.16842427152308,2.04999995417893,21.498));
#8396=CARTESIAN_POINT('Origin',(0.,4.10000002924353,21.498));
#8397=CARTESIAN_POINT('',(3.64999991841614,2.04999995417893,21.498));
#8398=CARTESIAN_POINT('',(3.64999991841614,2.04999995417893,21.498));
#8399=CARTESIAN_POINT('',(3.64999991841614,5.44999987818301,21.498));
#8400=CARTESIAN_POINT('',(3.64999991841614,5.44999987818301,21.498));
#8401=CARTESIAN_POINT('',(-3.64999991841614,5.44999987818301,21.498));
#8402=CARTESIAN_POINT('Origin',(0.,4.10000002924353,21.3));
#8403=CARTESIAN_POINT('',(-3.15000005960464,5.44999987818301,21.3));
#8404=CARTESIAN_POINT('',(-3.15000005960464,2.05000002980232,21.3));
#8405=CARTESIAN_POINT('',(-3.15000005960464,6.15000010430813,21.3));
#8406=CARTESIAN_POINT('',(-3.64999991841614,2.04999995417893,21.3));
#8407=CARTESIAN_POINT('',(3.64999991841614,2.04999995417893,21.3));
#8408=CARTESIAN_POINT('',(-3.64999991841614,5.44999987818301,21.3));
#8409=CARTESIAN_POINT('',(-3.64999991841614,2.04999995417893,21.3));
#8410=CARTESIAN_POINT('',(-3.64999991841614,5.44999987818301,21.3));
#8411=CARTESIAN_POINT('Origin',(3.64999991841614,5.44999987818301,21.3));
#8412=CARTESIAN_POINT('',(3.15000005960464,5.44999987818301,21.3));
#8413=CARTESIAN_POINT('',(3.64999991841614,5.44999987818301,21.3));
#8414=CARTESIAN_POINT('',(-3.64999991841614,5.44999987818301,21.3));
#8415=CARTESIAN_POINT('',(3.15000005960464,5.44999987818301,21.3));
#8416=CARTESIAN_POINT('',(3.64999991841614,5.44999987818301,21.3));
#8417=CARTESIAN_POINT('Origin',(3.64999991841614,2.04999995417893,21.3));
#8418=CARTESIAN_POINT('',(3.64999991841614,2.04999995417893,21.3));
#8419=CARTESIAN_POINT('',(3.64999991841614,5.44999987818301,21.3));
#8420=CARTESIAN_POINT('',(3.64999991841614,2.04999995417893,21.3));
#8421=CARTESIAN_POINT('Origin',(-3.64999991841614,5.44999987818301,21.3));
#8422=CARTESIAN_POINT('',(-3.64999991841614,2.04999995417893,21.498));
#8423=CARTESIAN_POINT('',(-3.64999991841614,2.04999995417893,21.3));
#8424=CARTESIAN_POINT('',(-3.64999991841614,5.44999987818301,21.498));
#8425=CARTESIAN_POINT('',(-3.64999991841614,2.04999995417893,21.498));
#8426=CARTESIAN_POINT('',(-3.64999991841614,5.44999987818301,21.3));
#8427=CARTESIAN_POINT('Origin',(-3.15000005960464,5.44999987818301,21.3));
#8428=CARTESIAN_POINT('',(-3.15000005960464,5.44999987818301,21.498));
#8429=CARTESIAN_POINT('',(-3.64999991841614,5.44999987818301,21.498));
#8430=CARTESIAN_POINT('',(-3.15000005960464,5.44999987818301,21.3));
#8431=CARTESIAN_POINT('Origin',(0.,4.10000002924353,21.498));
#8432=CARTESIAN_POINT('',(-3.15000005960464,2.04999995417893,21.498));
#8433=CARTESIAN_POINT('',(-3.15000005960464,5.12500006677583,21.498));
#8434=CARTESIAN_POINT('',(3.64999991841614,2.04999995417893,21.498));
#8435=CARTESIAN_POINT('Origin',(0.,4.10000002924353,21.3));
#8436=CARTESIAN_POINT('',(3.15000005960464,2.05000002980232,21.3));
#8437=CARTESIAN_POINT('',(3.15000005960464,2.05000002980232,21.3));
#8438=CARTESIAN_POINT('',(3.64999991841614,2.04999995417893,21.3));
#8439=CARTESIAN_POINT('Origin',(3.15000005960464,2.05000002980232,21.2));
#8440=CARTESIAN_POINT('',(3.15000005960464,2.05000002980232,21.2));
#8441=CARTESIAN_POINT('',(3.15000005960464,6.15000010430813,21.2));
#8442=CARTESIAN_POINT('',(3.15000005960464,2.05000002980232,21.2));
#8443=CARTESIAN_POINT('',(3.15000005960464,6.15000010430813,21.2));
#8444=CARTESIAN_POINT('',(3.15000005960464,2.05000002980232,21.2));
#8445=CARTESIAN_POINT('Origin',(-3.15000005960464,2.05000002980232,21.2));
#8446=CARTESIAN_POINT('',(-3.15000005960464,2.05000002980232,21.2));
#8447=CARTESIAN_POINT('',(-3.15000005960464,2.05000002980232,21.2));
#8448=CARTESIAN_POINT('',(-3.15000005960464,2.04999995417893,21.498));
#8449=CARTESIAN_POINT('',(-3.15000005960464,2.05000002980232,21.2));
#8450=CARTESIAN_POINT('Origin',(-3.15000005960464,6.15000010430813,21.2));
#8451=CARTESIAN_POINT('',(-3.15000005960464,6.15000010430813,21.2));
#8452=CARTESIAN_POINT('',(-3.15000005960464,6.15000010430813,21.2));
#8453=CARTESIAN_POINT('',(-3.15000005960464,6.15000010430813,21.2));
#8454=CARTESIAN_POINT('Origin',(3.15000005960464,6.15000010430813,21.2));
#8455=CARTESIAN_POINT('',(3.15000005960464,6.15000010430813,21.2));
#8456=CARTESIAN_POINT('Origin',(5.55111512312578E-16,4.10000006705523,21.2));
#8457=CARTESIAN_POINT('Origin',(14.2649110640673,8.6,0.));
#8458=CARTESIAN_POINT('',(14.8070158058105,8.85714285714286,2.));
#8459=CARTESIAN_POINT('',(14.2649110640673,8.,2.));
#8460=CARTESIAN_POINT('Origin',(14.2649110640673,8.6,2.));
#8461=CARTESIAN_POINT('',(14.8070158058105,8.85714285714286,18.));
#8462=CARTESIAN_POINT('',(14.8070158058105,8.85714285714286,0.));
#8463=CARTESIAN_POINT('',(14.2649110640673,8.,18.));
#8464=CARTESIAN_POINT('Origin',(14.2649110640673,8.6,18.));
#8465=CARTESIAN_POINT('',(14.2649110640673,8.,0.));
#8466=CARTESIAN_POINT('Origin',(15.,8.,18.));
#8467=CARTESIAN_POINT('',(12.,8.,18.));
#8468=CARTESIAN_POINT('',(15.,8.,18.));
#8469=CARTESIAN_POINT('',(12.,8.,17.1387904775908));
#8470=CARTESIAN_POINT('',(12.,8.,0.));
#8471=CARTESIAN_POINT('',(12.138790403085,8.,17.1387904775908));
#8472=CARTESIAN_POINT('',(6.25,8.,17.1387904775908));
#8473=CARTESIAN_POINT('',(12.1387904707612,8.,2.86120975275627));
#8474=CARTESIAN_POINT('',(12.1387904200041,8.,0.));
#8475=CARTESIAN_POINT('',(12.,8.,2.86120975275627));
#8476=CARTESIAN_POINT('',(6.25,8.,2.86120975275627));
#8477=CARTESIAN_POINT('',(12.,8.,2.));
#8478=CARTESIAN_POINT('',(12.,8.,0.));
#8479=CARTESIAN_POINT('',(15.,8.,2.));
#8480=CARTESIAN_POINT('Origin',(14.2649110640673,0.400000000000003,0.));
#8481=CARTESIAN_POINT('',(14.8070158058105,0.142857142857145,18.));
#8482=CARTESIAN_POINT('',(14.2649110640673,1.,18.));
#8483=CARTESIAN_POINT('Origin',(14.2649110640673,0.400000000000003,18.));
#8484=CARTESIAN_POINT('',(14.8070158058105,0.142857142857146,2.));
#8485=CARTESIAN_POINT('',(14.8070158058105,0.142857142857146,0.));
#8486=CARTESIAN_POINT('',(14.2649110640673,1.,2.));
#8487=CARTESIAN_POINT('Origin',(14.2649110640673,0.400000000000003,2.));
#8488=CARTESIAN_POINT('',(14.2649110640673,1.,0.));
#8489=CARTESIAN_POINT('Origin',(15.,1.,2.));
#8490=CARTESIAN_POINT('',(12.,1.,2.));
#8491=CARTESIAN_POINT('',(15.,1.,2.));
#8492=CARTESIAN_POINT('',(12.0000001788139,1.,17.0000002533197));
#8493=CARTESIAN_POINT('',(12.,1.,0.));
#8494=CARTESIAN_POINT('',(12.,1.,18.));
#8495=CARTESIAN_POINT('',(12.,1.,0.));
#8496=CARTESIAN_POINT('',(15.,1.,18.));
#8497=CARTESIAN_POINT('Origin',(12.0000001788139,0.732050833378447,3.00000004470348));
#8498=CARTESIAN_POINT('',(12.0000001788139,0.732050704330594,3.00000004470348));
#8499=CARTESIAN_POINT('',(3.98196959622896,0.732050833378447,3.00000004470348));
#8500=CARTESIAN_POINT('',(-11.25,0.732050833378447,3.00000004470348));
#8501=CARTESIAN_POINT('',(12.0000001788139,0.732050704330593,2.00000004470348));
#8502=CARTESIAN_POINT('',(12.0000001788139,0.732050704330594,3.00000004470348));
#8503=CARTESIAN_POINT('',(3.98196959622896,0.732050833378447,2.00000004470348));
#8504=CARTESIAN_POINT('',(-11.25,0.732050833378447,2.00000004470348));
#8505=CARTESIAN_POINT('',(3.98196959622896,0.732050833378447,3.00000004470348));
#8506=CARTESIAN_POINT('Origin',(3.98196959622896,7.26794916662156,3.00000004470348));
#8507=CARTESIAN_POINT('',(3.98196959622896,7.26794916662156,3.00000004470348));
#8508=CARTESIAN_POINT('',(12.0000001788139,7.26794929566941,3.00000004470348));
#8509=CARTESIAN_POINT('',(6.25,7.26794916662156,3.00000004470348));
#8510=CARTESIAN_POINT('',(3.98196959622896,7.26794916662156,2.00000004470348));
#8511=CARTESIAN_POINT('',(3.98196959622896,7.26794916662156,3.00000004470348));
#8512=CARTESIAN_POINT('',(12.0000001788139,7.26794929566941,2.00000004470348));
#8513=CARTESIAN_POINT('',(6.25,7.26794916662156,2.00000004470348));
#8514=CARTESIAN_POINT('',(12.,7.26794916662156,1.50000002235174));
#8515=CARTESIAN_POINT('Origin',(12.,-10.,0.));
#8516=CARTESIAN_POINT('',(12.,-5.,2.));
#8517=CARTESIAN_POINT('Origin',(12.,7.26794916662156,1.00000004470348));
#8518=CARTESIAN_POINT('Origin',(15.,8.,2.));
#8519=CARTESIAN_POINT('',(15.,8.,2.));
#8520=CARTESIAN_POINT('',(15.,1.,2.));
#8521=CARTESIAN_POINT('',(15.,-5.,2.));
#8522=CARTESIAN_POINT('Origin',(13.,8.,2.));
#8523=CARTESIAN_POINT('',(4.00000005960464,7.,2.00000004470348));
#8524=CARTESIAN_POINT('Origin',(2.00000005960464,7.,2.00000004470348));
#8525=CARTESIAN_POINT('',(4.00000005960464,1.,2.00000004470348));
#8526=CARTESIAN_POINT('',(4.00000005960464,-0.999999999999998,2.00000004470348));
#8527=CARTESIAN_POINT('Origin',(2.00000005960464,1.,2.00000004470348));
#8528=CARTESIAN_POINT('',(12.0000001788139,-0.999999999999998,2.00000004470348));
#8529=CARTESIAN_POINT('Origin',(13.,1.,2.));
#8530=CARTESIAN_POINT('Origin',(15.,1.,18.));
#8531=CARTESIAN_POINT('',(15.,1.,18.));
#8532=CARTESIAN_POINT('',(15.,8.,18.));
#8533=CARTESIAN_POINT('',(15.,-5.,18.));
#8534=CARTESIAN_POINT('Origin',(13.,1.,18.));
#8535=CARTESIAN_POINT('',(12.,-5.,18.));
#8536=CARTESIAN_POINT('Origin',(13.,8.,18.));
#8537=CARTESIAN_POINT('Origin',(12.,-10.,0.));
#8538=CARTESIAN_POINT('',(12.0000001788139,7.26794929566941,17.0000002533197));
#8539=CARTESIAN_POINT('',(12.0000001788139,-0.999999999999998,17.0000002533197));
#8540=CARTESIAN_POINT('Origin',(12.,7.26794933868537,19.0000002533197));
#8541=CARTESIAN_POINT('Origin',(12.0000001788139,-0.999999999999998,17.0000002533197));
#8542=CARTESIAN_POINT('',(12.0000001788139,0.732050704330594,17.0000002533197));
#8543=CARTESIAN_POINT('',(12.0000001788139,0.732050704330594,0.));
#8544=CARTESIAN_POINT('',(12.0000001788139,-0.999999999999998,17.0000002533197));
#8545=CARTESIAN_POINT('Origin',(6.25,7.26794916662156,1.00000004470348));
#8546=CARTESIAN_POINT('',(13.,9.,2.));
#8547=CARTESIAN_POINT('Origin',(14.0000001788139,7.26794916662156,1.00000004470348));
#8548=CARTESIAN_POINT('',(2.00000005960464,9.,2.));
#8549=CARTESIAN_POINT('',(6.25,9.,2.));
#8550=CARTESIAN_POINT('Ctrl Pts',(3.98196959622896,7.26794916662154,3.00000004470348));
#8551=CARTESIAN_POINT('Ctrl Pts',(3.97608372523239,7.31148584620448,3.00000004470348));
#8552=CARTESIAN_POINT('Ctrl Pts',(3.96874685825281,7.35492104801604,2.99857456997286));
#8553=CARTESIAN_POINT('Ctrl Pts',(3.91576122423651,7.61585072338188,2.98157066802853));
#8554=CARTESIAN_POINT('Ctrl Pts',(3.83310148852438,7.82451196748243,2.93001707296882));
#8555=CARTESIAN_POINT('Ctrl Pts',(3.59879215397499,8.23142787613611,2.7704717645533));
#8556=CARTESIAN_POINT('Ctrl Pts',(3.39208719106465,8.45771351635462,2.62013060508837));
#8557=CARTESIAN_POINT('Ctrl Pts',(3.03298536123514,8.72379294165921,2.38031258161697));
#8558=CARTESIAN_POINT('Ctrl Pts',(2.84643570677197,8.82460265039219,2.26125944310318));
#8559=CARTESIAN_POINT('Ctrl Pts',(2.54310128199038,8.92780914825327,2.11729640265402));
#8560=CARTESIAN_POINT('Ctrl Pts',(2.43789720620079,8.9545469505764,2.07542473345508));
#8561=CARTESIAN_POINT('Ctrl Pts',(2.22206270785166,8.9906340563264,2.01665397139229));
#8562=CARTESIAN_POINT('Ctrl Pts',(2.11136839668001,9.,2.));
#8563=CARTESIAN_POINT('Ctrl Pts',(2.00000005960464,9.,2.));
#8564=CARTESIAN_POINT('Origin',(13.1495775300638,8.,2.));
#8565=CARTESIAN_POINT('',(13.2991550601277,9.95786359684902,1.72201369434194));
#8566=CARTESIAN_POINT('',(13.,9.7,2.));
#8567=CARTESIAN_POINT('Ctrl Pts',(12.9999999999989,9.699999999999,2.00000000000108));
#8568=CARTESIAN_POINT('Ctrl Pts',(13.1285048863555,9.81920275040126,1.87149511364442));
#8569=CARTESIAN_POINT('Ctrl Pts',(13.2991550600958,9.95786359682307,1.72201369436992));
#8570=CARTESIAN_POINT('',(13.2991550601277,9.9775,2.));
#8571=CARTESIAN_POINT('',(13.,9.7,2.));
#8572=CARTESIAN_POINT('Origin',(13.2991550601277,8.,2.));
#8573=CARTESIAN_POINT('Origin',(13.1495775300638,9.83875,0.));
#8574=CARTESIAN_POINT('',(13.,9.7,18.));
#8575=CARTESIAN_POINT('',(13.2991550601277,9.9775,18.));
#8576=CARTESIAN_POINT('',(13.,9.7,18.));
#8577=CARTESIAN_POINT('',(13.2991550601277,9.9775,0.));
#8578=CARTESIAN_POINT('',(13.,9.7,0.));
#8579=CARTESIAN_POINT('Origin',(13.1495775300638,8.,18.));
#8580=CARTESIAN_POINT('',(13.2991550601277,9.95786359684902,18.2779863056581));
#8581=CARTESIAN_POINT('Ctrl Pts',(13.2991550601277,9.95786359684902,18.2779863056581));
#8582=CARTESIAN_POINT('Ctrl Pts',(13.1285048863674,9.81920275041229,18.1285048863675));
#8583=CARTESIAN_POINT('Ctrl Pts',(12.9999999999989,9.699999999999,17.9999999999989));
#8584=CARTESIAN_POINT('Origin',(13.2991550601277,8.,18.));
#8585=CARTESIAN_POINT('Origin',(13.,8.,18.));
#8586=CARTESIAN_POINT('',(13.,9.9775,18.2991550601277));
#8587=CARTESIAN_POINT('Origin',(13.,8.91374999999999,17.1523939963049));
#8588=CARTESIAN_POINT('',(13.,8.,20.));
#8589=CARTESIAN_POINT('Origin',(13.,8.,18.));
#8590=CARTESIAN_POINT('Origin',(13.,8.,18.));
#8591=CARTESIAN_POINT('Origin',(13.,8.,18.));
#8592=CARTESIAN_POINT('Origin',(13.,10.,2.));
#8593=CARTESIAN_POINT('',(13.,10.,2.));
#8594=CARTESIAN_POINT('',(13.,9.,18.));
#8595=CARTESIAN_POINT('',(13.,9.,0.));
#8596=CARTESIAN_POINT('',(13.,10.,18.));
#8597=CARTESIAN_POINT('Origin',(-18.1495775300638,8.,18.));
#8598=CARTESIAN_POINT('',(-18.2991550601277,9.95786359684902,18.2779863056581));
#8599=CARTESIAN_POINT('',(-18.,9.7,18.));
#8600=CARTESIAN_POINT('Ctrl Pts',(-17.9999999999989,9.699999999999,17.9999999999989));
#8601=CARTESIAN_POINT('Ctrl Pts',(-18.1285048863555,9.81920275040126,18.1285048863556));
#8602=CARTESIAN_POINT('Ctrl Pts',(-18.2991550600958,9.95786359682308,18.2779863056301));
#8603=CARTESIAN_POINT('',(-18.2991550601277,9.9775,18.));
#8604=CARTESIAN_POINT('',(-18.,9.7,18.));
#8605=CARTESIAN_POINT('Origin',(-18.2991550601277,8.,18.));
#8606=CARTESIAN_POINT('Origin',(-18.1495775300638,9.83875,0.));
#8607=CARTESIAN_POINT('',(-18.,9.7,2.));
#8608=CARTESIAN_POINT('',(-18.2991550601277,9.9775,2.));
#8609=CARTESIAN_POINT('',(-18.,9.7,2.));
#8610=CARTESIAN_POINT('',(-18.2991550601277,9.9775,0.));
#8611=CARTESIAN_POINT('',(-18.,9.7,0.));
#8612=CARTESIAN_POINT('Origin',(-18.1495775300638,8.,2.));
#8613=CARTESIAN_POINT('',(-18.2991550601277,9.95786359684902,1.72201369434194));
#8614=CARTESIAN_POINT('Ctrl Pts',(-18.2991550601277,9.95786359684902,1.72201369434194));
#8615=CARTESIAN_POINT('Ctrl Pts',(-18.1285048863674,9.8192027504123,1.87149511363252));
#8616=CARTESIAN_POINT('Ctrl Pts',(-17.9999999999989,9.699999999999,2.00000000000108));
#8617=CARTESIAN_POINT('Origin',(-18.2991550601277,8.,2.));
#8618=CARTESIAN_POINT('Origin',(-18.,8.,2.));
#8619=CARTESIAN_POINT('',(-18.,9.9775,1.70084493987231));
#8620=CARTESIAN_POINT('Origin',(-18.,8.91375,2.84760600369511));
#8621=CARTESIAN_POINT('',(-18.,8.,0.));
#8622=CARTESIAN_POINT('Origin',(-18.,8.,2.));
#8623=CARTESIAN_POINT('',(-20.,8.,2.));
#8624=CARTESIAN_POINT('Origin',(-18.,8.,2.));
#8625=CARTESIAN_POINT('Origin',(-18.,8.,2.));
#8626=CARTESIAN_POINT('Origin',(-18.,10.,18.));
#8627=CARTESIAN_POINT('',(-18.,9.,18.));
#8628=CARTESIAN_POINT('',(-18.,10.,18.));
#8629=CARTESIAN_POINT('',(-18.,9.,2.));
#8630=CARTESIAN_POINT('',(-18.,9.,0.));
#8631=CARTESIAN_POINT('',(-18.,10.,2.));
#8632=CARTESIAN_POINT('Origin',(6.25,9.83875,1.85042246993616));
#8633=CARTESIAN_POINT('',(13.,9.9775,1.70084493987231));
#8634=CARTESIAN_POINT('',(6.25,9.9775,1.70084493987231));
#8635=CARTESIAN_POINT('',(6.25,9.7,2.));
#8636=CARTESIAN_POINT('Origin',(13.,8.91375,2.84760600369511));
#8637=CARTESIAN_POINT('Origin',(-18.,10.,2.));
#8638=CARTESIAN_POINT('',(6.25,9.,2.));
#8639=CARTESIAN_POINT('Origin',(6.25,9.83875,18.1495775300638));
#8640=CARTESIAN_POINT('',(-18.,9.9775,18.2991550601277));
#8641=CARTESIAN_POINT('',(6.25,9.9775,18.2991550601277));
#8642=CARTESIAN_POINT('',(6.25,9.7,18.));
#8643=CARTESIAN_POINT('Origin',(-18.,8.91374999999999,17.1523939963049));
#8644=CARTESIAN_POINT('Origin',(13.,10.,18.));
#8645=CARTESIAN_POINT('',(2.00000005960464,9.,18.));
#8646=CARTESIAN_POINT('',(6.25,9.,18.));
#8647=CARTESIAN_POINT('',(6.25,9.,18.));
#8648=CARTESIAN_POINT('Origin',(6.25,7.26794933868537,19.0000002533197));
#8649=CARTESIAN_POINT('',(3.98196957296707,7.26794933868537,17.0000002533197));
#8650=CARTESIAN_POINT('',(6.25,7.26794933868537,17.0000002533197));
#8651=CARTESIAN_POINT('Ctrl Pts',(2.00000005960464,9.,18.));
#8652=CARTESIAN_POINT('Ctrl Pts',(2.11136840267065,9.,18.));
#8653=CARTESIAN_POINT('Ctrl Pts',(2.22206272271196,8.99063405521664,17.9833460333074));
#8654=CARTESIAN_POINT('Ctrl Pts',(2.43789724044153,8.95454694347242,17.9245752837105));
#8655=CARTESIAN_POINT('Ctrl Pts',(2.54310132667395,8.92780913628372,17.882703622091));
#8656=CARTESIAN_POINT('Ctrl Pts',(2.84643578021511,8.82460261893673,17.7387406041698));
#8657=CARTESIAN_POINT('Ctrl Pts',(3.03298545058572,8.72379289056218,17.6196874802473));
#8658=CARTESIAN_POINT('Ctrl Pts',(3.39208727231696,8.4577134368543,17.3798695109311));
#8659=CARTESIAN_POINT('Ctrl Pts',(3.59879221293744,8.2314277958975,17.2295283993693));
#8660=CARTESIAN_POINT('Ctrl Pts',(3.83310151831827,7.82451189927025,17.069983156992));
#8661=CARTESIAN_POINT('Ctrl Pts',(3.91576124187777,7.61585066318012,17.0184295908673));
#8662=CARTESIAN_POINT('Ctrl Pts',(3.9687468520611,7.35492107323187,17.0014257232258));
#8663=CARTESIAN_POINT('Ctrl Pts',(3.97608370805568,7.31148594478924,17.0000002533197));
#8664=CARTESIAN_POINT('Ctrl Pts',(3.98196957296707,7.26794933868536,17.0000002533197));
#8665=CARTESIAN_POINT('Origin',(14.0000001788139,7.26794933868537,19.0000002533197));
#8666=CARTESIAN_POINT('Origin',(15.,9.,0.));
#8667=CARTESIAN_POINT('',(2.00000005960464,9.,1.50000002235174));
#8668=CARTESIAN_POINT('Origin',(14.0000001788139,7.26794929566941,0.));
#8669=CARTESIAN_POINT('Origin',(2.00000005960464,7.,1.50000002235174));
#8670=CARTESIAN_POINT('',(4.00000005960464,7.,17.0000002533197));
#8671=CARTESIAN_POINT('Origin',(2.00000005960464,7.,17.0000002533197));
#8672=CARTESIAN_POINT('',(4.00000005960464,7.,1.50000002235174));
#8673=CARTESIAN_POINT('Origin',(4.00000005960464,-0.999999999999998,3.00000004470348));
#8674=CARTESIAN_POINT('',(4.00000005960464,1.,17.0000002533197));
#8675=CARTESIAN_POINT('',(4.00000005960464,-0.999999999999998,17.0000002533197));
#8676=CARTESIAN_POINT('',(4.00000005960464,1.,3.00000004470348));
#8677=CARTESIAN_POINT('Origin',(-11.25,0.732050833378447,1.00000004470348));
#8678=CARTESIAN_POINT('',(13.,-0.999999999999998,2.));
#8679=CARTESIAN_POINT('Origin',(14.0000001788139,0.732050833378447,1.00000004470348));
#8680=CARTESIAN_POINT('',(2.00000005960464,-0.999999999999998,2.));
#8681=CARTESIAN_POINT('Ctrl Pts',(2.00000005960464,-0.999999999999998,2.));
#8682=CARTESIAN_POINT('Ctrl Pts',(2.11136839668001,-0.999999999999998,2.));
#8683=CARTESIAN_POINT('Ctrl Pts',(2.22206270785166,-0.990634056326401,2.01665397139229));
#8684=CARTESIAN_POINT('Ctrl Pts',(2.43789720620079,-0.954546950576395,2.07542473345508));
#8685=CARTESIAN_POINT('Ctrl Pts',(2.54310128199038,-0.927809148253273,2.11729640265402));
#8686=CARTESIAN_POINT('Ctrl Pts',(2.84643570677197,-0.824602650392188,2.26125944310318));
#8687=CARTESIAN_POINT('Ctrl Pts',(3.03298536123514,-0.723792941659208,2.38031258161697));
#8688=CARTESIAN_POINT('Ctrl Pts',(3.39208719106465,-0.457713516354623,2.62013060508837));
#8689=CARTESIAN_POINT('Ctrl Pts',(3.59879215397499,-0.231427876136109,2.7704717645533));
#8690=CARTESIAN_POINT('Ctrl Pts',(3.83310148852438,0.175488032517568,2.93001707296882));
#8691=CARTESIAN_POINT('Ctrl Pts',(3.91576122423651,0.38414927661812,2.98157066802853));
#8692=CARTESIAN_POINT('Ctrl Pts',(3.96874685825281,0.645078951983961,2.99857456997286));
#8693=CARTESIAN_POINT('Ctrl Pts',(3.97608372523239,0.688514153795516,3.00000004470348));
#8694=CARTESIAN_POINT('Ctrl Pts',(3.98196959622896,0.732050833378457,3.00000004470348));
#8695=CARTESIAN_POINT('',(-11.25,-0.999999999999998,2.));
#8696=CARTESIAN_POINT('Origin',(-11.25,0.732050661314635,19.0000002533197));
#8697=CARTESIAN_POINT('',(2.00000005960464,-0.999999999999998,18.));
#8698=CARTESIAN_POINT('',(3.98196957296707,0.732050661314635,17.0000002533197));
#8699=CARTESIAN_POINT('Ctrl Pts',(3.98196957296707,0.732050661314644,17.0000002533197));
#8700=CARTESIAN_POINT('Ctrl Pts',(3.97608370805568,0.688514055210757,17.0000002533197));
#8701=CARTESIAN_POINT('Ctrl Pts',(3.96874685206109,0.645078926768125,17.0014257232258));
#8702=CARTESIAN_POINT('Ctrl Pts',(3.91576124187777,0.384149336819881,17.0184295908673));
#8703=CARTESIAN_POINT('Ctrl Pts',(3.83310151831827,0.175488100729748,17.069983156992));
#8704=CARTESIAN_POINT('Ctrl Pts',(3.59879221293744,-0.231427795897499,17.2295283993693));
#8705=CARTESIAN_POINT('Ctrl Pts',(3.39208727231696,-0.457713436854301,17.3798695109311));
#8706=CARTESIAN_POINT('Ctrl Pts',(3.03298545058572,-0.72379289056218,17.6196874802473));
#8707=CARTESIAN_POINT('Ctrl Pts',(2.84643578021511,-0.824602618936731,17.7387406041698));
#8708=CARTESIAN_POINT('Ctrl Pts',(2.54310132667395,-0.927809136283719,17.882703622091));
#8709=CARTESIAN_POINT('Ctrl Pts',(2.43789724044153,-0.954546943472422,17.9245752837105));
#8710=CARTESIAN_POINT('Ctrl Pts',(2.22206272271196,-0.99063405521664,17.9833460333074));
#8711=CARTESIAN_POINT('Ctrl Pts',(2.11136840267065,-0.999999999999998,18.));
#8712=CARTESIAN_POINT('Ctrl Pts',(2.00000005960464,-0.999999999999998,18.));
#8713=CARTESIAN_POINT('',(-11.25,0.732050661314635,17.0000002533197));
#8714=CARTESIAN_POINT('',(13.,-0.999999999999998,18.));
#8715=CARTESIAN_POINT('Origin',(14.0000001788139,0.732050661314635,19.0000002533197));
#8716=CARTESIAN_POINT('',(-11.25,-0.999999999999998,18.));
#8717=CARTESIAN_POINT('Origin',(-20.,-0.999999999999998,0.));
#8718=CARTESIAN_POINT('',(2.00000005960464,-0.999999999999998,1.50000002235174));
#8719=CARTESIAN_POINT('',(-18.,-0.999999999999998,18.));
#8720=CARTESIAN_POINT('',(-11.25,-0.999999999999998,18.));
#8721=CARTESIAN_POINT('',(-18.,-0.999999999999998,2.));
#8722=CARTESIAN_POINT('',(-18.,-0.999999999999998,0.));
#8723=CARTESIAN_POINT('',(-11.25,-0.999999999999998,2.));
#8724=CARTESIAN_POINT('',(-2.11793908199472,-0.999999999999998,12.5000829427788));
#8725=CARTESIAN_POINT('',(-0.999999992549418,-0.999999999999998,12.5000829427788));
#8726=CARTESIAN_POINT('',(-10.4999999962747,-0.999999999999998,12.5000829427788));
#8727=CARTESIAN_POINT('',(0.500000007450582,-0.999999999999998,11.0000829427788));
#8728=CARTESIAN_POINT('Origin',(-0.999999992549418,-0.999999999999998,11.0000829427788));
#8729=CARTESIAN_POINT('',(0.500000007450581,-0.999999999999998,9.50000011920929));
#8730=CARTESIAN_POINT('',(0.500000007450578,-0.999999999999998,4.75000005960464));
#8731=CARTESIAN_POINT('',(-0.999999992549419,-0.999999999999998,8.00000011920929));
#8732=CARTESIAN_POINT('Origin',(-0.99999999254942,-0.999999999999998,9.50000011920929));
#8733=CARTESIAN_POINT('',(-1.95633786356327,-0.999999999999998,8.00000011920929));
#8734=CARTESIAN_POINT('',(-10.9781689317816,-0.999999999999998,8.00000011920929));
#8735=CARTESIAN_POINT('',(-16.3221021752418,-0.999999999999998,10.0000001490116));
#8736=CARTESIAN_POINT('Origin',(-9.00000013411045,-0.999999999999998,10.0000001490116));
#8737=CARTESIAN_POINT('Origin',(-9.00000013411045,-0.999999999999998,10.0000001490116));
#8738=CARTESIAN_POINT('Origin',(14.0000001788139,0.732050704330594,0.));
#8739=CARTESIAN_POINT('',(13.,-0.999999999999998,0.));
#8740=CARTESIAN_POINT('Origin',(2.00000005960464,1.,1.50000002235174));
#8741=CARTESIAN_POINT('Origin',(2.00000005960464,1.,17.0000002533197));
#8742=CARTESIAN_POINT('Origin',(4.00000005960464,-0.999999999999998,17.0000002533197));
#8743=CARTESIAN_POINT('Origin',(-13.4000001788139,3.40000002980232,20.4));
#8744=CARTESIAN_POINT('',(-12.0000001788139,3.40000002980232,20.4));
#8745=CARTESIAN_POINT('',(-12.1000001788139,3.40000002980232,20.5));
#8746=CARTESIAN_POINT('Origin',(-12.1000001788139,3.40000002980232,20.4));
#8747=CARTESIAN_POINT('',(-13.4000001788139,2.10000002980232,20.5));
#8748=CARTESIAN_POINT('Origin',(-13.4000001788139,3.40000002980232,20.5));
#8749=CARTESIAN_POINT('',(-13.4000001788139,2.00000002980232,20.4));
#8750=CARTESIAN_POINT('Origin',(-13.4000001788139,2.10000002980232,20.4));
#8751=CARTESIAN_POINT('Origin',(-13.4000001788139,3.40000002980232,20.4));
#8752=CARTESIAN_POINT('Origin',(-15.7500002346933,2.10000002980232,20.4));
#8753=CARTESIAN_POINT('',(-15.6000002533197,2.10000002980232,20.5));
#8754=CARTESIAN_POINT('',(-15.6000002533197,2.00000002980232,20.4));
#8755=CARTESIAN_POINT('Origin',(-15.6000002533197,2.10000002980232,20.4));
#8756=CARTESIAN_POINT('',(-15.7500002346933,2.00000002980232,20.4));
#8757=CARTESIAN_POINT('',(-15.7500002346933,2.10000002980232,20.5));
#8758=CARTESIAN_POINT('Origin',(-15.6000002533197,3.40000002980232,20.4));
#8759=CARTESIAN_POINT('',(-16.9000002533197,3.40000002980232,20.5));
#8760=CARTESIAN_POINT('',(-17.0000002533197,3.40000002980232,20.4));
#8761=CARTESIAN_POINT('Origin',(-16.9000002533197,3.40000002980232,20.4));
#8762=CARTESIAN_POINT('Origin',(-15.6000002533197,3.40000002980232,20.4));
#8763=CARTESIAN_POINT('Origin',(-15.6000002533197,3.40000002980232,20.5));
#8764=CARTESIAN_POINT('Origin',(-16.9000002533197,5.75000008568168,20.4));
#8765=CARTESIAN_POINT('',(-16.9000002533197,5.60000010430813,20.5));
#8766=CARTESIAN_POINT('',(-17.0000002533197,5.60000010430813,20.4));
#8767=CARTESIAN_POINT('Origin',(-16.9000002533197,5.60000010430813,20.4));
#8768=CARTESIAN_POINT('',(-17.0000002533197,5.75000008568168,20.4));
#8769=CARTESIAN_POINT('',(-16.9000002533197,5.75000008568168,20.5));
#8770=CARTESIAN_POINT('Origin',(-15.6000002533197,5.60000010430813,20.4));
#8771=CARTESIAN_POINT('',(-15.6000002533197,6.90000010430813,20.5));
#8772=CARTESIAN_POINT('',(-15.6000002533197,7.00000010430813,20.4));
#8773=CARTESIAN_POINT('Origin',(-15.6000002533197,6.90000010430813,20.4));
#8774=CARTESIAN_POINT('Origin',(-15.6000002533197,5.60000010430813,20.4));
#8775=CARTESIAN_POINT('Origin',(-15.6000002533197,5.60000010430813,20.5));
#8776=CARTESIAN_POINT('Origin',(-13.2500001974404,6.90000010430813,20.4));
#8777=CARTESIAN_POINT('',(-13.4000001788139,6.90000010430813,20.5));
#8778=CARTESIAN_POINT('',(-13.4000001788139,7.00000010430813,20.4));
#8779=CARTESIAN_POINT('Origin',(-13.4000001788139,6.90000010430813,20.4));
#8780=CARTESIAN_POINT('',(-13.2500001974404,7.00000010430813,20.4));
#8781=CARTESIAN_POINT('',(-13.2500001974404,6.90000010430813,20.5));
#8782=CARTESIAN_POINT('Origin',(-13.4000001788139,5.60000010430813,20.4));
#8783=CARTESIAN_POINT('',(-12.1000001788139,5.60000010430813,20.5));
#8784=CARTESIAN_POINT('',(-12.0000001788139,5.60000010430813,20.4));
#8785=CARTESIAN_POINT('Origin',(-12.1000001788139,5.60000010430813,20.4));
#8786=CARTESIAN_POINT('Origin',(-13.4000001788139,5.60000010430813,20.4));
#8787=CARTESIAN_POINT('Origin',(-13.4000001788139,5.60000010430813,20.5));
#8788=CARTESIAN_POINT('Origin',(-12.1000001788139,3.25000004842877,20.4));
#8789=CARTESIAN_POINT('',(-12.0000001788139,3.25000004842877,20.4));
#8790=CARTESIAN_POINT('',(-12.1000001788139,3.25000004842877,20.5));
#8791=CARTESIAN_POINT('Origin',(-12.0000001788139,7.00000010430813,20.));
#8792=CARTESIAN_POINT('',(-13.4000001788139,7.00000010430813,20.));
#8793=CARTESIAN_POINT('',(-13.4000001788139,7.00000010430813,20.));
#8794=CARTESIAN_POINT('',(-15.6000002533197,7.00000010430813,20.));
#8795=CARTESIAN_POINT('',(-7.25000008940697,7.00000010430813,20.));
#8796=CARTESIAN_POINT('',(-15.6000002533197,7.00000010430813,20.));
#8797=CARTESIAN_POINT('Origin',(-13.4000001788139,5.60000010430813,20.));
#8798=CARTESIAN_POINT('',(-12.0000001788139,5.60000010430813,20.));
#8799=CARTESIAN_POINT('',(-12.0000001788139,5.60000010430813,20.));
#8800=CARTESIAN_POINT('Origin',(-13.4000001788139,5.60000010430813,20.));
#8801=CARTESIAN_POINT('Origin',(-12.0000001788139,2.00000002980232,20.));
#8802=CARTESIAN_POINT('',(-12.0000001788139,3.40000002980232,20.));
#8803=CARTESIAN_POINT('',(-12.0000001788139,3.40000002980232,20.));
#8804=CARTESIAN_POINT('',(-12.0000001788139,1.00000001490116,20.));
#8805=CARTESIAN_POINT('Origin',(-13.4000001788139,3.40000002980232,20.));
#8806=CARTESIAN_POINT('',(-13.4000001788139,2.00000002980232,20.));
#8807=CARTESIAN_POINT('',(-13.4000001788139,2.00000002980232,20.));
#8808=CARTESIAN_POINT('Origin',(-13.4000001788139,3.40000002980232,20.));
#8809=CARTESIAN_POINT('Origin',(-14.5000002160668,4.50000006705523,20.5));
#8810=CARTESIAN_POINT('',(-12.9000002160668,4.50000006705523,20.5));
#8811=CARTESIAN_POINT('Origin',(-14.5000002160668,4.50000006705523,20.5));
#8812=CARTESIAN_POINT('Origin',(-15.6000002533197,3.40000002980232,20.));
#8813=CARTESIAN_POINT('',(-17.0000002533197,3.40000002980232,20.));
#8814=CARTESIAN_POINT('',(-17.0000002533197,3.40000002980232,20.));
#8815=CARTESIAN_POINT('',(-15.6000002533197,2.00000002980232,20.));
#8816=CARTESIAN_POINT('Origin',(-15.6000002533197,3.40000002980232,20.));
#8817=CARTESIAN_POINT('',(-15.6000002533197,2.00000002980232,20.));
#8818=CARTESIAN_POINT('Origin',(-17.0000002533197,2.00000002980232,20.));
#8819=CARTESIAN_POINT('',(-9.75000012665987,2.00000002980232,20.));
#8820=CARTESIAN_POINT('Origin',(-15.6000002533197,5.60000010430813,20.));
#8821=CARTESIAN_POINT('',(-17.0000002533197,5.60000010430813,20.));
#8822=CARTESIAN_POINT('Origin',(-15.6000002533197,5.60000010430813,20.));
#8823=CARTESIAN_POINT('',(-17.0000002533197,5.60000010430813,20.));
#8824=CARTESIAN_POINT('Origin',(-14.5000002160668,4.50000006705523,20.95));
#8825=CARTESIAN_POINT('',(-15.5000002160668,4.50000006705523,21.55));
#8826=CARTESIAN_POINT('Origin',(-14.5000002160668,4.50000006705523,21.55));
#8827=CARTESIAN_POINT('',(-16.1000002160668,4.50000006705523,20.95));
#8828=CARTESIAN_POINT('Origin',(-15.5000002160668,4.50000006705523,20.95));
#8829=CARTESIAN_POINT('',(-12.9000002160668,4.50000006705523,20.95));
#8830=CARTESIAN_POINT('Origin',(-14.5000002160668,4.50000006705523,20.95));
#8831=CARTESIAN_POINT('Origin',(-14.5000002160668,4.50000006705523,20.95));
#8832=CARTESIAN_POINT('Origin',(-14.5000002160668,4.50000006705523,18.5));
#8833=CARTESIAN_POINT('',(-12.9000002160668,4.50000006705523,18.5));
#8834=CARTESIAN_POINT('Origin',(-14.5000002160668,4.50000006705523,21.55));
#8835=CARTESIAN_POINT('Origin',(-20.75,7.75000005587935,10.));
#8836=CARTESIAN_POINT('',(-20.8,7.75000005587935,10.));
#8837=CARTESIAN_POINT('Origin',(-20.75,7.75000005587935,10.));
#8838=CARTESIAN_POINT('',(-20.8,7.75000005587935,11.));
#8839=CARTESIAN_POINT('',(-20.8,7.75000005587935,10.));
#8840=CARTESIAN_POINT('Origin',(-20.75,7.75000005587935,11.));
#8841=CARTESIAN_POINT('Origin',(-20.75,7.75000005587935,11.));
#8842=CARTESIAN_POINT('Origin',(-20.75,1.25000001862645,10.));
#8843=CARTESIAN_POINT('',(-20.8,1.25000001862645,10.));
#8844=CARTESIAN_POINT('Origin',(-20.75,1.25000001862645,10.));
#8845=CARTESIAN_POINT('',(-20.8,1.25000001862645,11.));
#8846=CARTESIAN_POINT('',(-20.8,1.25000001862645,10.));
#8847=CARTESIAN_POINT('Origin',(-20.75,1.25000001862645,11.));
#8848=CARTESIAN_POINT('Origin',(-20.75,1.25000001862645,11.));
#8849=CARTESIAN_POINT('Origin',(-21.,1.00000001490116,8.00000011920929));
#8850=CARTESIAN_POINT('',(-21.,1.00000001490116,8.00000011920929));
#8851=CARTESIAN_POINT('',(-21.,1.50000002235174,8.00000011920929));
#8852=CARTESIAN_POINT('',(-21.,5.50000000745058,8.00000011920929));
#8853=CARTESIAN_POINT('',(-20.5,1.00000001490116,8.00000011920929));
#8854=CARTESIAN_POINT('',(-20.5,1.,8.00000011920929));
#8855=CARTESIAN_POINT('',(-20.5,1.50000002235174,8.00000011920929));
#8856=CARTESIAN_POINT('',(-20.5,1.00000001490116,8.00000011920929));
#8857=CARTESIAN_POINT('',(-20.5,1.50000002235174,8.00000011920929));
#8858=CARTESIAN_POINT('Origin',(-21.,1.50000002235174,10.));
#8859=CARTESIAN_POINT('',(-21.,1.50000002235174,10.));
#8860=CARTESIAN_POINT('',(-21.,1.00000001490116,10.));
#8861=CARTESIAN_POINT('',(-21.,5.75000001117587,10.));
#8862=CARTESIAN_POINT('',(-20.5,1.50000002235174,10.));
#8863=CARTESIAN_POINT('',(-20.5,1.50000002235174,10.));
#8864=CARTESIAN_POINT('',(-20.5,1.00000001490116,10.));
#8865=CARTESIAN_POINT('',(-20.5,8.,10.));
#8866=CARTESIAN_POINT('',(-20.5,1.,10.));
#8867=CARTESIAN_POINT('Origin',(-20.5,1.25000001862645,9.00000005960464));
#8868=CARTESIAN_POINT('',(-20.5,1.50000002235174,13.2500001601875));
#8869=CARTESIAN_POINT('',(-20.5,1.,5.50000002980232));
#8870=CARTESIAN_POINT('Origin',(-21.,8.,10.));
#8871=CARTESIAN_POINT('',(-21.,8.,10.));
#8872=CARTESIAN_POINT('',(-21.,7.50000011175871,10.));
#8873=CARTESIAN_POINT('',(-21.,9.,10.));
#8874=CARTESIAN_POINT('',(-20.5,8.,10.));
#8875=CARTESIAN_POINT('',(-20.5,8.,10.));
#8876=CARTESIAN_POINT('',(-20.5,7.50000011175871,10.));
#8877=CARTESIAN_POINT('',(-20.5,8.,10.));
#8878=CARTESIAN_POINT('',(-20.5,7.50000011175871,10.));
#8879=CARTESIAN_POINT('Origin',(-21.,7.50000011175871,8.00000011920929));
#8880=CARTESIAN_POINT('',(-21.,7.50000011175871,8.00000011920929));
#8881=CARTESIAN_POINT('',(-21.,8.,8.00000011920929));
#8882=CARTESIAN_POINT('',(-21.,8.75000005587935,8.00000011920929));
#8883=CARTESIAN_POINT('',(-20.5,7.50000011175871,8.00000011920929));
#8884=CARTESIAN_POINT('',(-20.5,7.50000011175871,8.00000011920929));
#8885=CARTESIAN_POINT('',(-20.5,8.,8.00000011920929));
#8886=CARTESIAN_POINT('',(-20.5,1.00000001490116,8.00000011920929));
#8887=CARTESIAN_POINT('',(-20.5,8.,8.00000011920929));
#8888=CARTESIAN_POINT('Origin',(-20.5,7.75000005587935,9.00000005960464));
#8889=CARTESIAN_POINT('',(-20.5,7.50000011175871,5.75000004842877));
#8890=CARTESIAN_POINT('',(-20.5,8.,13.5000000298023));
#8891=CARTESIAN_POINT('Origin',(-20.,1.,2.));
#8892=CARTESIAN_POINT('',(-21.,1.,2.));
#8893=CARTESIAN_POINT('',(-21.,1.,0.));
#8894=CARTESIAN_POINT('',(-20.,1.,2.));
#8895=CARTESIAN_POINT('',(-20.,1.,2.));
#8896=CARTESIAN_POINT('',(-20.,1.,18.));
#8897=CARTESIAN_POINT('',(-20.,1.,0.));
#8898=CARTESIAN_POINT('',(-21.,1.,18.));
#8899=CARTESIAN_POINT('',(-20.,1.,18.));
#8900=CARTESIAN_POINT('',(-21.,1.,0.));
#8901=CARTESIAN_POINT('Origin',(-21.,10.,0.));
#8902=CARTESIAN_POINT('',(-21.,1.50000002235174,2.5000000372529));
#8903=CARTESIAN_POINT('',(-21.,1.50000002235174,8.75000013038516));
#8904=CARTESIAN_POINT('',(-21.,7.50000011175871,2.5000000372529));
#8905=CARTESIAN_POINT('',(-21.,5.75000001117587,2.5000000372529));
#8906=CARTESIAN_POINT('',(-21.,7.50000011175871,1.25000001862645));
#8907=CARTESIAN_POINT('',(-21.,8.,2.));
#8908=CARTESIAN_POINT('',(-21.,8.,0.));
#8909=CARTESIAN_POINT('',(-21.,5.,2.));
#8910=CARTESIAN_POINT('Origin',(-21.,10.,0.));
#8911=CARTESIAN_POINT('',(-21.,8.,18.));
#8912=CARTESIAN_POINT('',(-21.,5.,18.));
#8913=CARTESIAN_POINT('',(-21.,8.,0.));
#8914=CARTESIAN_POINT('',(-21.,7.50000011175871,17.5000002607703));
#8915=CARTESIAN_POINT('',(-21.,7.50000011175871,1.25000001862645));
#8916=CARTESIAN_POINT('',(-21.,1.50000002235174,17.5000002607703));
#8917=CARTESIAN_POINT('',(-21.,8.75000005587935,17.5000002607703));
#8918=CARTESIAN_POINT('',(-21.,1.50000002235174,8.75000013038516));
#8919=CARTESIAN_POINT('Origin',(-20.,8.,18.));
#8920=CARTESIAN_POINT('',(-20.,8.,18.));
#8921=CARTESIAN_POINT('',(-20.,8.,18.));
#8922=CARTESIAN_POINT('',(-20.,8.,0.));
#8923=CARTESIAN_POINT('',(-20.,8.,2.));
#8924=CARTESIAN_POINT('Origin',(-20.,1.,18.));
#8925=CARTESIAN_POINT('',(-20.,5.,18.));
#8926=CARTESIAN_POINT('Origin',(-20.,8.,2.));
#8927=CARTESIAN_POINT('',(-20.,5.,2.));
#8928=CARTESIAN_POINT('Origin',(-1.38265370041767,-2.,9.00000011920929));
#8929=CARTESIAN_POINT('',(-0.999999992549419,-2.,8.00000011920929));
#8930=CARTESIAN_POINT('',(-0.999999992549419,-3.,9.00000011920929));
#8931=CARTESIAN_POINT('Origin',(-0.999999992549419,-2.,9.00000011920929));
#8932=CARTESIAN_POINT('',(-1.74650592503201,-3.,9.00000011920929));
#8933=CARTESIAN_POINT('',(-1.38265370041767,-3.,9.00000011920929));
#8934=CARTESIAN_POINT('',(-1.95633786356327,-2.,8.00000011920929));
#8935=CARTESIAN_POINT('Ctrl Pts',(-1.95633786356327,-2.,8.00000011920929));
#8936=CARTESIAN_POINT('Ctrl Pts',(-1.95633786356327,-2.1257865057208,8.00000011920929));
#8937=CARTESIAN_POINT('Ctrl Pts',(-1.94903753444481,-2.2595471598051,8.02519156549921));
#8938=CARTESIAN_POINT('Ctrl Pts',(-1.92140618621349,-2.50484817675593,8.12664748691751));
#8939=CARTESIAN_POINT('Ctrl Pts',(-1.90129523771464,-2.61642648143738,8.20288003645253));
#8940=CARTESIAN_POINT('Ctrl Pts',(-1.85897251557064,-2.79399075077888,8.37911887382662));
#8941=CARTESIAN_POINT('Ctrl Pts',(-1.83384654083581,-2.87146372157381,8.49160865091418));
#8942=CARTESIAN_POINT('Ctrl Pts',(-1.78626264065107,-2.97447895123663,8.73865419806731));
#8943=CARTESIAN_POINT('Ctrl Pts',(-1.76397993020703,-3.,8.87325252764019));
#8944=CARTESIAN_POINT('Ctrl Pts',(-1.74650592503201,-3.,9.00000011920929));
#8945=CARTESIAN_POINT('',(-1.38265370041767,-2.,8.00000011920929));
#8946=CARTESIAN_POINT('Ctrl Pts',(-0.99999999254942,-2.,8.00000011920929));
#8947=CARTESIAN_POINT('Ctrl Pts',(0.500000007450581,-2.,8.00000011920929));
#8948=CARTESIAN_POINT('Ctrl Pts',(0.500000007450581,-2.,9.50000011920929));
#8949=CARTESIAN_POINT('Ctrl Pts',(-0.99999999254942,-3.,8.00000011920929));
#8950=CARTESIAN_POINT('Ctrl Pts',(0.500000007450581,-3.,8.00000011920929));
#8951=CARTESIAN_POINT('Ctrl Pts',(0.500000007450581,-3.,9.50000011920929));
#8952=CARTESIAN_POINT('Ctrl Pts',(-0.99999999254942,-3.,9.00000011920929));
#8953=CARTESIAN_POINT('Ctrl Pts',(-0.499999992549419,-3.,9.00000011920929));
#8954=CARTESIAN_POINT('Ctrl Pts',(-0.499999992549418,-3.,9.50000011920929));
#8955=CARTESIAN_POINT('',(0.500000007450581,-2.,9.50000011920929));
#8956=CARTESIAN_POINT('',(-0.499999992549419,-3.,9.50000011920929));
#8957=CARTESIAN_POINT('Origin',(-0.499999992549419,-2.,9.50000011920929));
#8958=CARTESIAN_POINT('Origin',(-0.99999999254942,-3.,9.50000011920929));
#8959=CARTESIAN_POINT('Origin',(-0.99999999254942,-2.,9.50000011920929));
#8960=CARTESIAN_POINT('Origin',(-0.499999992549419,-2.,9.87502082510168));
#8961=CARTESIAN_POINT('',(0.500000007450582,-2.,11.0000829427788));
#8962=CARTESIAN_POINT('',(-0.499999992549418,-3.,11.0000829427788));
#8963=CARTESIAN_POINT('Origin',(-0.499999992549418,-2.,11.0000829427788));
#8964=CARTESIAN_POINT('',(-0.499999992549419,-3.,9.87502082510168));
#8965=CARTESIAN_POINT('',(0.500000007450581,-2.,9.87502082510168));
#8966=CARTESIAN_POINT('Ctrl Pts',(0.500000007450582,-2.,11.0000829427788));
#8967=CARTESIAN_POINT('Ctrl Pts',(0.50000000745058,-2.,12.5000829427788));
#8968=CARTESIAN_POINT('Ctrl Pts',(-0.999999992549418,-2.,12.5000829427788));
#8969=CARTESIAN_POINT('Ctrl Pts',(0.500000007450582,-3.,11.0000829427788));
#8970=CARTESIAN_POINT('Ctrl Pts',(0.50000000745058,-3.,12.5000829427788));
#8971=CARTESIAN_POINT('Ctrl Pts',(-0.999999992549418,-3.,12.5000829427788));
#8972=CARTESIAN_POINT('Ctrl Pts',(-0.49999999254942,-3.,11.0000829427788));
#8973=CARTESIAN_POINT('Ctrl Pts',(-0.49999999254942,-3.,11.5000829427788));
#8974=CARTESIAN_POINT('Ctrl Pts',(-0.999999992549418,-3.,11.5000829427788));
#8975=CARTESIAN_POINT('',(-0.999999992549418,-2.,12.5000829427788));
#8976=CARTESIAN_POINT('',(-0.999999992549418,-3.,11.5000829427788));
#8977=CARTESIAN_POINT('Origin',(-0.999999992549418,-2.,11.5000829427788));
#8978=CARTESIAN_POINT('Origin',(-0.999999992549418,-3.,11.0000829427788));
#8979=CARTESIAN_POINT('Origin',(-0.999999992549418,-2.,11.0000829427788));
#8980=CARTESIAN_POINT('Origin',(-0.904484764910744,-2.,11.5000829427788));
#8981=CARTESIAN_POINT('',(-2.11793908199472,-2.,12.5000829427788));
#8982=CARTESIAN_POINT('',(-1.83320657544123,-3.,11.5000829427788));
#8983=CARTESIAN_POINT('Ctrl Pts',(-1.83320657544123,-3.,11.5000829427788));
#8984=CARTESIAN_POINT('Ctrl Pts',(-1.85986450290656,-3.,11.6274438215515));
#8985=CARTESIAN_POINT('Ctrl Pts',(-1.89202812700363,-2.97426167305989,11.7624847163798));
#8986=CARTESIAN_POINT('Ctrl Pts',(-1.95809254180769,-2.87049246731139,12.0102626610498));
#8987=CARTESIAN_POINT('Ctrl Pts',(-1.99182201593183,-2.79248779078554,12.1230563285596));
#8988=CARTESIAN_POINT('Ctrl Pts',(-2.04740372532197,-2.61459405702157,12.2984253397737));
#8989=CARTESIAN_POINT('Ctrl Pts',(-2.07323865710533,-2.50367859442856,12.3740283119848));
#8990=CARTESIAN_POINT('Ctrl Pts',(-2.10862926836951,-2.25930419372485,12.4748823544936));
#8991=CARTESIAN_POINT('Ctrl Pts',(-2.11793908199472,-2.12578888263146,12.5000829427788));
#8992=CARTESIAN_POINT('Ctrl Pts',(-2.11793908199472,-2.,12.5000829427788));
#8993=CARTESIAN_POINT('',(-0.904484764910744,-3.,11.5000829427788));
#8994=CARTESIAN_POINT('',(-0.904484764910744,-2.,12.5000829427788));
#8995=CARTESIAN_POINT('Origin',(-0.999999992549418,-0.999999999999998,12.5000829427788));
#8996=CARTESIAN_POINT('',(-0.999999992549418,-0.999999999999998,12.5000829427788));
#8997=CARTESIAN_POINT('',(-2.11793908199472,-0.999999999999998,12.5000829427788));
#8998=CARTESIAN_POINT('Origin',(-0.999999992549418,-0.999999999999998,11.0000829427788));
#8999=CARTESIAN_POINT('',(0.500000007450582,-0.999999999999998,11.0000829427788));
#9000=CARTESIAN_POINT('Origin',(0.500000007450581,-0.999999999999998,9.50000011920929));
#9001=CARTESIAN_POINT('',(0.500000007450581,-0.999999999999998,9.50000011920929));
#9002=CARTESIAN_POINT('Origin',(-0.99999999254942,-0.999999999999998,9.50000011920929));
#9003=CARTESIAN_POINT('',(-0.999999992549419,-0.999999999999998,8.00000011920929));
#9004=CARTESIAN_POINT('Origin',(-1.95633786356327,-0.999999999999998,8.00000011920929));
#9005=CARTESIAN_POINT('',(-1.95633786356327,-0.999999999999998,8.00000011920929));
#9006=CARTESIAN_POINT('Origin',(-0.808969537272071,-3.,10.2500415309941));
#9007=CARTESIAN_POINT('Origin',(-9.00000013411045,-3.,10.0000001490116));
#9008=CARTESIAN_POINT('Origin',(-9.00000013411045,-8.,10.0000001490116));
#9009=CARTESIAN_POINT('',(-12.7485583880145,-8.,10.0000001490116));
#9010=CARTESIAN_POINT('Origin',(-9.00000013411045,-8.,10.0000001490116));
#9011=CARTESIAN_POINT('',(-12.7485583880145,-7.,10.0000001490116));
#9012=CARTESIAN_POINT('',(-12.7485583880145,-8.,10.0000001490116));
#9013=CARTESIAN_POINT('Origin',(-9.00000013411045,-7.,10.0000001490116));
#9014=CARTESIAN_POINT('Origin',(-9.00000013411045,-7.,10.0000001490116));
#9015=CARTESIAN_POINT('Origin',(-9.00000013411045,-6.,10.0000001490116));
#9016=CARTESIAN_POINT('',(-9.00000013411045,-8.,15.3221021901429));
#9017=CARTESIAN_POINT('Origin',(-9.00000013411045,-8.,10.0000001490116));
#9018=CARTESIAN_POINT('',(-9.00000013411045,-6.,17.3221021901429));
#9019=CARTESIAN_POINT('Origin',(-9.00000013411045,-6.,15.3221021901429));
#9020=CARTESIAN_POINT('',(-16.3221021752418,-6.,10.0000001490116));
#9021=CARTESIAN_POINT('Origin',(-9.00000013411045,-6.,10.0000001490116));
#9022=CARTESIAN_POINT('Origin',(-9.00000013411045,-6.,10.0000001490116));
#9023=CARTESIAN_POINT('Origin',(-9.00000013411045,-0.999999999999998,10.0000001490116));
#9024=CARTESIAN_POINT('',(-16.3221021752418,-0.999999999999998,10.0000001490116));
#9025=CARTESIAN_POINT('Origin',(-9.00000013411045,-8.,10.0000001490116));
#9026=CARTESIAN_POINT('Origin',(-19.6,4.50768554102221,13.7703337927118));
#9027=CARTESIAN_POINT('',(-19.6,4.50768554102221,13.7703337927118));
#9028=CARTESIAN_POINT('',(-19.6,4.50768554102221,2.77033379271179));
#9029=CARTESIAN_POINT('',(-19.6,4.50768554102221,11.8851669708617));
#9030=CARTESIAN_POINT('',(-4.6,4.50768554102221,13.7703337927118));
#9031=CARTESIAN_POINT('',(-19.6,4.50768554102221,13.7703337927118));
#9032=CARTESIAN_POINT('',(-4.6,4.50768554102221,2.77033379271179));
#9033=CARTESIAN_POINT('',(-4.6,4.50768554102221,13.7703337927118));
#9034=CARTESIAN_POINT('',(-19.6,4.50768554102221,2.77033379271179));
#9035=CARTESIAN_POINT('Origin',(-19.6,5.51768554102221,13.7703337927118));
#9036=CARTESIAN_POINT('',(-19.6,5.51768554102221,13.7703337927118));
#9037=CARTESIAN_POINT('',(-19.6,5.00884280403872,13.7703337927118));
#9038=CARTESIAN_POINT('',(-4.6,5.51768554102221,13.7703337927118));
#9039=CARTESIAN_POINT('',(-19.6,5.51768554102221,13.7703337927118));
#9040=CARTESIAN_POINT('',(-4.6,5.51768554102221,13.7703337927118));
#9041=CARTESIAN_POINT('Origin',(-19.6,5.51768554102221,2.77033379271179));
#9042=CARTESIAN_POINT('',(-19.6,5.51768554102221,2.77033379271179));
#9043=CARTESIAN_POINT('',(-19.6,5.51768554102221,6.3851669708617));
#9044=CARTESIAN_POINT('',(-4.6,5.51768554102221,2.77033379271179));
#9045=CARTESIAN_POINT('',(-19.6,5.51768554102221,2.77033379271179));
#9046=CARTESIAN_POINT('',(-4.6,5.51768554102221,2.77033379271179));
#9047=CARTESIAN_POINT('Origin',(-19.6,4.50768554102221,2.77033379271179));
#9048=CARTESIAN_POINT('',(-19.6,4.50384280403872,2.77033379271179));
#9049=CARTESIAN_POINT('',(-4.6,4.50768554102221,2.77033379271179));
#9050=CARTESIAN_POINT('Origin',(-4.6,5.01268554102221,8.27033379271179));
#9051=CARTESIAN_POINT('Origin',(-19.6,3.17435220768887,13.7703337927118));
#9052=CARTESIAN_POINT('',(-19.6,3.17435220768887,13.7703337927118));
#9053=CARTESIAN_POINT('',(-19.6,3.17435220768887,2.77033379271179));
#9054=CARTESIAN_POINT('',(-19.6,3.17435220768887,11.8851669708617));
#9055=CARTESIAN_POINT('',(-4.6,3.17435220768887,13.7703337927118));
#9056=CARTESIAN_POINT('',(-19.6,3.17435220768887,13.7703337927118));
#9057=CARTESIAN_POINT('',(-4.6,3.17435220768887,2.77033379271179));
#9058=CARTESIAN_POINT('',(-4.6,3.17435220768887,13.7703337927118));
#9059=CARTESIAN_POINT('',(-19.6,3.17435220768887,2.77033379271179));
#9060=CARTESIAN_POINT('Origin',(-19.6,4.18435220768887,13.7703337927118));
#9061=CARTESIAN_POINT('',(-19.6,4.18435220768887,13.7703337927118));
#9062=CARTESIAN_POINT('',(-19.6,4.34217613737205,13.7703337927118));
#9063=CARTESIAN_POINT('',(-4.6,4.18435220768887,13.7703337927118));
#9064=CARTESIAN_POINT('',(-19.6,4.18435220768887,13.7703337927118));
#9065=CARTESIAN_POINT('',(-4.6,4.18435220768887,13.7703337927118));
#9066=CARTESIAN_POINT('Origin',(-19.6,4.18435220768887,2.77033379271179));
#9067=CARTESIAN_POINT('',(-19.6,4.18435220768887,2.77033379271179));
#9068=CARTESIAN_POINT('',(-19.6,4.18435220768887,6.3851669708617));
#9069=CARTESIAN_POINT('',(-4.6,4.18435220768887,2.77033379271179));
#9070=CARTESIAN_POINT('',(-19.6,4.18435220768887,2.77033379271179));
#9071=CARTESIAN_POINT('',(-4.6,4.18435220768887,2.77033379271179));
#9072=CARTESIAN_POINT('Origin',(-19.6,3.17435220768887,2.77033379271179));
#9073=CARTESIAN_POINT('',(-19.6,3.83717613737205,2.77033379271179));
#9074=CARTESIAN_POINT('',(-4.6,3.17435220768887,2.77033379271179));
#9075=CARTESIAN_POINT('Origin',(-4.6,3.67935220768887,8.27033379271179));
#9076=CARTESIAN_POINT('Origin',(-19.6,5.84101887435554,13.7703337927118));
#9077=CARTESIAN_POINT('',(-19.6,5.84101887435554,13.7703337927118));
#9078=CARTESIAN_POINT('',(-19.6,5.84101887435554,2.77033379271179));
#9079=CARTESIAN_POINT('',(-19.6,5.84101887435554,11.8851669708617));
#9080=CARTESIAN_POINT('',(-4.6,5.84101887435554,13.7703337927118));
#9081=CARTESIAN_POINT('',(-19.6,5.84101887435554,13.7703337927118));
#9082=CARTESIAN_POINT('',(-4.6,5.84101887435554,2.77033379271179));
#9083=CARTESIAN_POINT('',(-4.6,5.84101887435554,13.7703337927118));
#9084=CARTESIAN_POINT('',(-19.6,5.84101887435554,2.77033379271179));
#9085=CARTESIAN_POINT('Origin',(-19.6,6.85101887435554,13.7703337927118));
#9086=CARTESIAN_POINT('',(-19.6,6.85101887435554,13.7703337927118));
#9087=CARTESIAN_POINT('',(-19.6,5.67550947070538,13.7703337927118));
#9088=CARTESIAN_POINT('',(-4.6,6.85101887435554,13.7703337927118));
#9089=CARTESIAN_POINT('',(-19.6,6.85101887435554,13.7703337927118));
#9090=CARTESIAN_POINT('',(-4.6,6.85101887435554,13.7703337927118));
#9091=CARTESIAN_POINT('Origin',(-19.6,6.85101887435554,2.77033379271179));
#9092=CARTESIAN_POINT('',(-19.6,6.85101887435554,2.77033379271179));
#9093=CARTESIAN_POINT('',(-19.6,6.85101887435554,6.3851669708617));
#9094=CARTESIAN_POINT('',(-4.6,6.85101887435554,2.77033379271179));
#9095=CARTESIAN_POINT('',(-19.6,6.85101887435554,2.77033379271179));
#9096=CARTESIAN_POINT('',(-4.6,6.85101887435554,2.77033379271179));
#9097=CARTESIAN_POINT('Origin',(-19.6,5.84101887435554,2.77033379271179));
#9098=CARTESIAN_POINT('',(-19.6,5.17050947070538,2.77033379271179));
#9099=CARTESIAN_POINT('',(-4.6,5.84101887435554,2.77033379271179));
#9100=CARTESIAN_POINT('Origin',(-4.6,6.34601887435554,8.27033379271179));
#9101=CARTESIAN_POINT('Origin',(-19.6,1.84101887435554,13.7703337927118));
#9102=CARTESIAN_POINT('',(-19.6,1.84101887435554,13.7703337927118));
#9103=CARTESIAN_POINT('',(-19.6,1.84101887435554,2.77033379271179));
#9104=CARTESIAN_POINT('',(-19.6,1.84101887435554,11.8851669708617));
#9105=CARTESIAN_POINT('',(-4.6,1.84101887435554,13.7703337927118));
#9106=CARTESIAN_POINT('',(-19.6,1.84101887435554,13.7703337927118));
#9107=CARTESIAN_POINT('',(-4.6,1.84101887435554,2.77033379271179));
#9108=CARTESIAN_POINT('',(-4.6,1.84101887435554,13.7703337927118));
#9109=CARTESIAN_POINT('',(-19.6,1.84101887435554,2.77033379271179));
#9110=CARTESIAN_POINT('Origin',(-19.6,2.85101887435554,13.7703337927118));
#9111=CARTESIAN_POINT('',(-19.6,2.85101887435554,13.7703337927118));
#9112=CARTESIAN_POINT('',(-19.6,3.67550947070538,13.7703337927118));
#9113=CARTESIAN_POINT('',(-4.6,2.85101887435554,13.7703337927118));
#9114=CARTESIAN_POINT('',(-19.6,2.85101887435554,13.7703337927118));
#9115=CARTESIAN_POINT('',(-4.6,2.85101887435554,13.7703337927118));
#9116=CARTESIAN_POINT('Origin',(-19.6,2.85101887435554,2.77033379271179));
#9117=CARTESIAN_POINT('',(-19.6,2.85101887435554,2.77033379271179));
#9118=CARTESIAN_POINT('',(-19.6,2.85101887435554,6.3851669708617));
#9119=CARTESIAN_POINT('',(-4.6,2.85101887435554,2.77033379271179));
#9120=CARTESIAN_POINT('',(-19.6,2.85101887435554,2.77033379271179));
#9121=CARTESIAN_POINT('',(-4.6,2.85101887435554,2.77033379271179));
#9122=CARTESIAN_POINT('Origin',(-19.6,1.84101887435554,2.77033379271179));
#9123=CARTESIAN_POINT('',(-19.6,3.17050947070538,2.77033379271179));
#9124=CARTESIAN_POINT('',(-4.6,1.84101887435554,2.77033379271179));
#9125=CARTESIAN_POINT('Origin',(-4.6,2.34601887435554,8.27033379271179));
#9126=CARTESIAN_POINT('Origin',(-19.6,7.00000010430813,17.0000002533197));
#9127=CARTESIAN_POINT('',(-19.6,7.00000010430813,14.0000002086163));
#9128=CARTESIAN_POINT('',(-19.6,7.00000010430813,17.0000002533197));
#9129=CARTESIAN_POINT('',(-19.6,7.00000010430813,13.5000002011657));
#9130=CARTESIAN_POINT('',(-19.8,7.00000010430813,14.0000002086163));
#9131=CARTESIAN_POINT('',(-19.6,7.00000010430813,14.0000002086163));
#9132=CARTESIAN_POINT('',(-19.8,7.00000010430813,17.0000002533197));
#9133=CARTESIAN_POINT('',(-19.8,7.00000010430813,14.0000002086163));
#9134=CARTESIAN_POINT('',(-19.6,7.00000010430813,17.0000002533197));
#9135=CARTESIAN_POINT('Origin',(-19.6,2.00000002980232,17.0000002533197));
#9136=CARTESIAN_POINT('',(-19.6,2.00000002980232,17.0000002533197));
#9137=CARTESIAN_POINT('',(-19.6,3.25000004842877,17.0000002533197));
#9138=CARTESIAN_POINT('',(-19.8,2.00000002980232,17.0000002533197));
#9139=CARTESIAN_POINT('',(-19.8,7.00000010430813,17.0000002533197));
#9140=CARTESIAN_POINT('',(-19.6,2.00000002980232,17.0000002533197));
#9141=CARTESIAN_POINT('Origin',(-19.6,2.00000002980232,14.0000002086163));
#9142=CARTESIAN_POINT('',(-19.6,2.00000002980232,14.0000002086163));
#9143=CARTESIAN_POINT('',(-19.6,2.00000002980232,12.0000001788139));
#9144=CARTESIAN_POINT('',(-19.8,2.00000002980232,14.0000002086163));
#9145=CARTESIAN_POINT('',(-19.8,2.00000002980232,17.0000002533197));
#9146=CARTESIAN_POINT('',(-19.6,2.00000002980232,14.0000002086163));
#9147=CARTESIAN_POINT('Origin',(-19.6,7.00000010430813,14.0000002086163));
#9148=CARTESIAN_POINT('',(-19.6,5.75000008568168,14.0000002086163));
#9149=CARTESIAN_POINT('',(-19.8,2.00000002980232,14.0000002086163));
#9150=CARTESIAN_POINT('Origin',(-19.8,4.50000006705523,15.500000230968));
#9151=CARTESIAN_POINT('',(-19.8,4.51434713778726,14.8025287954472));
#9152=CARTESIAN_POINT('',(-19.8,4.05527926759825,14.8004802545703));
#9153=CARTESIAN_POINT('',(-19.8,4.50872990981882,14.8025037291731));
#9154=CARTESIAN_POINT('',(-19.8,4.50988479029589,15.8025187795199));
#9155=CARTESIAN_POINT('',(-19.8,4.51055965664398,15.6512845715181));
#9156=CARTESIAN_POINT('',(-19.8,4.05081692010688,15.8004702386429));
#9157=CARTESIAN_POINT('',(-19.8,4.27473362723295,15.8014694428072));
#9158=CARTESIAN_POINT('',(-19.8,3.83202044275501,15.7626587398079));
#9159=CARTESIAN_POINT('Ctrl Pts',(-19.8,3.83202044275501,15.7626587398079));
#9160=CARTESIAN_POINT('Ctrl Pts',(-19.8,3.86381966519564,15.7735153773654));
#9161=CARTESIAN_POINT('Ctrl Pts',(-19.8,3.89561888763628,15.7843720149229));
#9162=CARTESIAN_POINT('Ctrl Pts',(-19.8,3.92824681619451,15.7907145714895));
#9163=CARTESIAN_POINT('Ctrl Pts',(-19.8,3.96827213683425,15.7984951101712));
#9164=CARTESIAN_POINT('Ctrl Pts',(-19.8,4.00954452847056,15.7994826744071));
#9165=CARTESIAN_POINT('Ctrl Pts',(-19.8,4.05081692010688,15.8004702386429));
#9166=CARTESIAN_POINT('',(-19.8,3.69402160481685,15.6563118850212));
#9167=CARTESIAN_POINT('Ctrl Pts',(-19.8,3.69402160481685,15.6563118850212));
#9168=CARTESIAN_POINT('Ctrl Pts',(-19.8,3.7134862111118,15.6780932391705));
#9169=CARTESIAN_POINT('Ctrl Pts',(-19.8,3.73295081740676,15.6998745933199));
#9170=CARTESIAN_POINT('Ctrl Pts',(-19.8,3.75565232114507,15.7174673977444));
#9171=CARTESIAN_POINT('Ctrl Pts',(-19.8,3.7788542448671,15.7354480086775));
#9172=CARTESIAN_POINT('Ctrl Pts',(-19.8,3.80543734381106,15.7490533742427));
#9173=CARTESIAN_POINT('Ctrl Pts',(-19.8,3.83202044275501,15.7626587398079));
#9174=CARTESIAN_POINT('',(-19.8,3.61561105152263,15.4956602547525));
#9175=CARTESIAN_POINT('Ctrl Pts',(-19.8,3.61561105152263,15.4956602547525));
#9176=CARTESIAN_POINT('Ctrl Pts',(-19.8,3.62473686453938,15.525003221538));
#9177=CARTESIAN_POINT('Ctrl Pts',(-19.8,3.63386267755613,15.5543461883235));
#9178=CARTESIAN_POINT('Ctrl Pts',(-19.8,3.64728810899222,15.5815801045874));
#9179=CARTESIAN_POINT('Ctrl Pts',(-19.8,3.6602103645187,15.6077933124551));
#9180=CARTESIAN_POINT('Ctrl Pts',(-19.8,3.67711598466777,15.6320525987381));
#9181=CARTESIAN_POINT('Ctrl Pts',(-19.8,3.69402160481685,15.6563118850212));
#9182=CARTESIAN_POINT('',(-19.8,3.59191894574242,15.3018282682435));
#9183=CARTESIAN_POINT('Ctrl Pts',(-19.8,3.59191894574242,15.3018282682435));
#9184=CARTESIAN_POINT('Ctrl Pts',(-19.8,3.59271021243225,15.3351707464817));
#9185=CARTESIAN_POINT('Ctrl Pts',(-19.8,3.59350147912207,15.3685132247198));
#9186=CARTESIAN_POINT('Ctrl Pts',(-19.8,3.5976137546092,15.4014453910275));
#9187=CARTESIAN_POINT('Ctrl Pts',(-19.8,3.60156689036147,15.4331031251551));
#9188=CARTESIAN_POINT('Ctrl Pts',(-19.8,3.60858897094205,15.4643816899538));
#9189=CARTESIAN_POINT('Ctrl Pts',(-19.8,3.61561105152263,15.4956602547525));
#9190=CARTESIAN_POINT('',(-19.8,3.62986437712107,15.0530181708433));
#9191=CARTESIAN_POINT('Ctrl Pts',(-19.8,3.62986437712107,15.0530181708433));
#9192=CARTESIAN_POINT('Ctrl Pts',(-19.8,3.61900868498899,15.0882586115155));
#9193=CARTESIAN_POINT('Ctrl Pts',(-19.8,3.60815299285692,15.1234990521877));
#9194=CARTESIAN_POINT('Ctrl Pts',(-19.8,3.60176288655735,15.1594764737547));
#9195=CARTESIAN_POINT('Ctrl Pts',(-19.8,3.59348154382714,15.2061018888226));
#9196=CARTESIAN_POINT('Ctrl Pts',(-19.8,3.59270024478478,15.253965078533));
#9197=CARTESIAN_POINT('Ctrl Pts',(-19.8,3.59191894574242,15.3018282682435));
#9198=CARTESIAN_POINT('',(-19.8,3.73147896613488,14.905448264411));
#9199=CARTESIAN_POINT('Ctrl Pts',(-19.8,3.73147896613488,14.905448264411));
#9200=CARTESIAN_POINT('Ctrl Pts',(-19.8,3.71086591432936,14.9268026737825));
#9201=CARTESIAN_POINT('Ctrl Pts',(-19.8,3.69025286252384,14.9481570831541));
#9202=CARTESIAN_POINT('Ctrl Pts',(-19.8,3.67354040151583,14.9722095516463));
#9203=CARTESIAN_POINT('Ctrl Pts',(-19.8,3.65617377870873,14.9972034856745));
#9204=CARTESIAN_POINT('Ctrl Pts',(-19.8,3.6430190779149,15.0251108282589));
#9205=CARTESIAN_POINT('Ctrl Pts',(-19.8,3.62986437712107,15.0530181708433));
#9206=CARTESIAN_POINT('',(-19.8,3.87098486711244,14.8269433505796));
#9207=CARTESIAN_POINT('Ctrl Pts',(-19.8,3.87098486711244,14.8269433505796));
#9208=CARTESIAN_POINT('Ctrl Pts',(-19.8,3.84621267354553,14.8353986682969));
#9209=CARTESIAN_POINT('Ctrl Pts',(-19.8,3.82144047997863,14.8438539860141));
#9210=CARTESIAN_POINT('Ctrl Pts',(-19.8,3.79888861317828,14.8562943085122));
#9211=CARTESIAN_POINT('Ctrl Pts',(-19.8,3.7747184538895,14.8696273322945));
#9212=CARTESIAN_POINT('Ctrl Pts',(-19.8,3.75309871001219,14.8875377983527));
#9213=CARTESIAN_POINT('Ctrl Pts',(-19.8,3.73147896613488,14.905448264411));
#9214=CARTESIAN_POINT('Ctrl Pts',(-19.8,4.05527926759825,14.8004802545703));
#9215=CARTESIAN_POINT('Ctrl Pts',(-19.8,4.02604203875033,14.8017409081754));
#9216=CARTESIAN_POINT('Ctrl Pts',(-19.8,3.99680480990242,14.8030015617805));
#9217=CARTESIAN_POINT('Ctrl Pts',(-19.8,3.96793723859549,14.806911723645));
#9218=CARTESIAN_POINT('Ctrl Pts',(-19.8,3.93530487252708,14.8113318333933));
#9219=CARTESIAN_POINT('Ctrl Pts',(-19.8,3.90314486981976,14.8191375919865));
#9220=CARTESIAN_POINT('Ctrl Pts',(-19.8,3.87098486711244,14.8269433505796));
#9221=CARTESIAN_POINT('',(-19.8,5.46963708422065,14.8879656635682));
#9222=CARTESIAN_POINT('',(-19.8,5.11673647872252,14.7881635362532));
#9223=CARTESIAN_POINT('Ctrl Pts',(-19.8,5.46963708422065,14.8879656635682));
#9224=CARTESIAN_POINT('Ctrl Pts',(-19.8,5.42516679926931,14.8593075594828));
#9225=CARTESIAN_POINT('Ctrl Pts',(-19.8,5.38069651431797,14.8306494553975));
#9226=CARTESIAN_POINT('Ctrl Pts',(-19.8,5.33251828497164,14.8136834994216));
#9227=CARTESIAN_POINT('Ctrl Pts',(-19.8,5.26539002035945,14.7900442914723));
#9228=CARTESIAN_POINT('Ctrl Pts',(-19.8,5.19106324954098,14.7891039138628));
#9229=CARTESIAN_POINT('Ctrl Pts',(-19.8,5.11673647872252,14.7881635362532));
#9230=CARTESIAN_POINT('',(-19.8,5.57970871377727,15.1381184530961));
#9231=CARTESIAN_POINT('Ctrl Pts',(-19.8,5.57970871377727,15.1381184530961));
#9232=CARTESIAN_POINT('Ctrl Pts',(-19.8,5.57246868542997,15.0902516879892));
#9233=CARTESIAN_POINT('Ctrl Pts',(-19.8,5.56522865708267,15.0423849228822));
#9234=CARTESIAN_POINT('Ctrl Pts',(-19.8,5.54604859957198,14.9998360891423));
#9235=CARTESIAN_POINT('Ctrl Pts',(-19.8,5.52779092048114,14.9593334497899));
#9236=CARTESIAN_POINT('Ctrl Pts',(-19.8,5.49871400235089,14.9236495566791));
#9237=CARTESIAN_POINT('Ctrl Pts',(-19.8,5.46963708422065,14.8879656635682));
#9238=CARTESIAN_POINT('',(-19.8,5.28563222863714,15.1552235910456));
#9239=CARTESIAN_POINT('',(-19.8,4.88414739496291,15.1785762010353));
#9240=CARTESIAN_POINT('',(-19.8,5.24723833574197,15.0459108988823));
#9241=CARTESIAN_POINT('Ctrl Pts',(-19.8,5.24723833574197,15.0459108988823));
#9242=CARTESIAN_POINT('Ctrl Pts',(-19.8,5.25624538651851,15.0609471336773));
#9243=CARTESIAN_POINT('Ctrl Pts',(-19.8,5.26525243729506,15.0759833684724));
#9244=CARTESIAN_POINT('Ctrl Pts',(-19.8,5.27141867828879,15.0920629535038));
#9245=CARTESIAN_POINT('Ctrl Pts',(-19.8,5.2790805239407,15.1120425973066));
#9246=CARTESIAN_POINT('Ctrl Pts',(-19.8,5.28235637628892,15.1336330941761));
#9247=CARTESIAN_POINT('Ctrl Pts',(-19.8,5.28563222863714,15.1552235910456));
#9248=CARTESIAN_POINT('',(-19.8,5.11108495641068,14.9845933077914));
#9249=CARTESIAN_POINT('Ctrl Pts',(-19.8,5.11108495641068,14.9845933077914));
#9250=CARTESIAN_POINT('Ctrl Pts',(-19.8,5.13857633263702,14.986813154883));
#9251=CARTESIAN_POINT('Ctrl Pts',(-19.8,5.16606770886337,14.9890330019747));
#9252=CARTESIAN_POINT('Ctrl Pts',(-19.8,5.18946122734329,15.0001206332856));
#9253=CARTESIAN_POINT('Ctrl Pts',(-19.8,5.2110460612376,15.0103510174125));
#9254=CARTESIAN_POINT('Ctrl Pts',(-19.8,5.22914219848978,15.0281309581474));
#9255=CARTESIAN_POINT('Ctrl Pts',(-19.8,5.24723833574197,15.0459108988823));
#9256=CARTESIAN_POINT('',(-19.8,5.00931189781302,15.0148352581231));
#9257=CARTESIAN_POINT('Ctrl Pts',(-19.8,5.00931189781302,15.0148352581231));
#9258=CARTESIAN_POINT('Ctrl Pts',(-19.8,5.02332961556934,15.005965312845));
#9259=CARTESIAN_POINT('Ctrl Pts',(-19.8,5.03734733332565,14.997095367567));
#9260=CARTESIAN_POINT('Ctrl Pts',(-19.8,5.05255887218219,14.9920063158718));
#9261=CARTESIAN_POINT('Ctrl Pts',(-19.8,5.07090933452182,14.9858671308519));
#9262=CARTESIAN_POINT('Ctrl Pts',(-19.8,5.09099714546625,14.9852302193216));
#9263=CARTESIAN_POINT('Ctrl Pts',(-19.8,5.11108495641068,14.9845933077914));
#9264=CARTESIAN_POINT('',(-19.8,4.97283670620965,15.0869787119245));
#9265=CARTESIAN_POINT('Ctrl Pts',(-19.8,4.97283670620965,15.0869787119245));
#9266=CARTESIAN_POINT('Ctrl Pts',(-19.8,4.97465601944546,15.0735291565538));
#9267=CARTESIAN_POINT('Ctrl Pts',(-19.8,4.97647533268127,15.060079601183));
#9268=CARTESIAN_POINT('Ctrl Pts',(-19.8,4.98204674570733,15.0484793617231));
#9269=CARTESIAN_POINT('Ctrl Pts',(-19.8,4.98814161568765,15.0357892325013));
#9270=CARTESIAN_POINT('Ctrl Pts',(-19.8,4.99872675675034,15.0253122453122));
#9271=CARTESIAN_POINT('Ctrl Pts',(-19.8,5.00931189781302,15.0148352581231));
#9272=CARTESIAN_POINT('',(-19.8,5.00663241222588,15.1567073122507));
#9273=CARTESIAN_POINT('Ctrl Pts',(-19.8,5.00663241222588,15.1567073122507));
#9274=CARTESIAN_POINT('Ctrl Pts',(-19.8,4.99673707474103,15.146424106765));
#9275=CARTESIAN_POINT('Ctrl Pts',(-19.8,4.98684173725617,15.1361409012792));
#9276=CARTESIAN_POINT('Ctrl Pts',(-19.8,4.981198845181,15.1238511702123));
#9277=CARTESIAN_POINT('Ctrl Pts',(-19.8,4.97606403250139,15.1126679921414));
#9278=CARTESIAN_POINT('Ctrl Pts',(-19.8,4.97445036935552,15.099823352033));
#9279=CARTESIAN_POINT('Ctrl Pts',(-19.8,4.97283670620965,15.0869787119245));
#9280=CARTESIAN_POINT('',(-19.8,5.16462586562699,15.2153936345117));
#9281=CARTESIAN_POINT('Ctrl Pts',(-19.8,5.16462586562699,15.2153936345117));
#9282=CARTESIAN_POINT('Ctrl Pts',(-19.8,5.12991377638791,15.2080415872269));
#9283=CARTESIAN_POINT('Ctrl Pts',(-19.8,5.09520168714883,15.2006895399422));
#9284=CARTESIAN_POINT('Ctrl Pts',(-19.8,5.06311519293426,15.1868028092704));
#9285=CARTESIAN_POINT('Ctrl Pts',(-19.8,5.04364294945325,15.1783754067943));
#9286=CARTESIAN_POINT('Ctrl Pts',(-19.8,5.02513768083957,15.1675413595225));
#9287=CARTESIAN_POINT('Ctrl Pts',(-19.8,5.00663241222588,15.1567073122507));
#9288=CARTESIAN_POINT('',(-19.8,5.453985641396,15.3381049139439));
#9289=CARTESIAN_POINT('Ctrl Pts',(-19.8,5.453985641396,15.3381049139439));
#9290=CARTESIAN_POINT('Ctrl Pts',(-19.8,5.41640066764108,15.3131511215717));
#9291=CARTESIAN_POINT('Ctrl Pts',(-19.8,5.37881569388617,15.2881973291996));
#9292=CARTESIAN_POINT('Ctrl Pts',(-19.8,5.33849992205625,15.2693761446435));
#9293=CARTESIAN_POINT('Ctrl Pts',(-19.8,5.28388309433948,15.2438785949833));
#9294=CARTESIAN_POINT('Ctrl Pts',(-19.8,5.22425447998323,15.2296361147475));
#9295=CARTESIAN_POINT('Ctrl Pts',(-19.8,5.16462586562699,15.2153936345117));
#9296=CARTESIAN_POINT('',(-19.8,5.54043580945506,15.5315350676144));
#9297=CARTESIAN_POINT('Ctrl Pts',(-19.8,5.54043580945506,15.5315350676144));
#9298=CARTESIAN_POINT('Ctrl Pts',(-19.8,5.53702777069368,15.4941997429502));
#9299=CARTESIAN_POINT('Ctrl Pts',(-19.8,5.53361973193229,15.456864418286));
#9300=CARTESIAN_POINT('Ctrl Pts',(-19.8,5.51908504199459,15.4245151473705));
#9301=CARTESIAN_POINT('Ctrl Pts',(-19.8,5.50467565948651,15.3924447681276));
#9302=CARTESIAN_POINT('Ctrl Pts',(-19.8,5.47933065044125,15.3652748410358));
#9303=CARTESIAN_POINT('Ctrl Pts',(-19.8,5.453985641396,15.3381049139439));
#9304=CARTESIAN_POINT('',(-19.8,5.49544949709141,15.67662894382));
#9305=CARTESIAN_POINT('Ctrl Pts',(-19.8,5.49544949709141,15.67662894382));
#9306=CARTESIAN_POINT('Ctrl Pts',(-19.8,5.50848285716282,15.6537695344561));
#9307=CARTESIAN_POINT('Ctrl Pts',(-19.8,5.52151621723423,15.6309101250922));
#9308=CARTESIAN_POINT('Ctrl Pts',(-19.8,5.52901717735271,15.6063482924096));
#9309=CARTESIAN_POINT('Ctrl Pts',(-19.8,5.53630568909218,15.5824821202099));
#9310=CARTESIAN_POINT('Ctrl Pts',(-19.8,5.53837074927362,15.5570085939121));
#9311=CARTESIAN_POINT('Ctrl Pts',(-19.8,5.54043580945506,15.5315350676144));
#9312=CARTESIAN_POINT('',(-19.8,5.36059063232808,15.7838044483544));
#9313=CARTESIAN_POINT('Ctrl Pts',(-19.8,5.36059063232808,15.7838044483544));
#9314=CARTESIAN_POINT('Ctrl Pts',(-19.8,5.38821380496107,15.770275343618));
#9315=CARTESIAN_POINT('Ctrl Pts',(-19.8,5.41583697759406,15.7567462388816));
#9316=CARTESIAN_POINT('Ctrl Pts',(-19.8,5.43907114700011,15.7377695647774));
#9317=CARTESIAN_POINT('Ctrl Pts',(-19.8,5.46030863671689,15.7204236930958));
#9318=CARTESIAN_POINT('Ctrl Pts',(-19.8,5.47787906690415,15.6985263184579));
#9319=CARTESIAN_POINT('Ctrl Pts',(-19.8,5.49544949709141,15.67662894382));
#9320=CARTESIAN_POINT('',(-19.8,5.11416829282293,15.8222686861821));
#9321=CARTESIAN_POINT('Ctrl Pts',(-19.8,5.11416829282293,15.8222686861821));
#9322=CARTESIAN_POINT('Ctrl Pts',(-19.8,5.16117131727949,15.8217568143263));
#9323=CARTESIAN_POINT('Ctrl Pts',(-19.8,5.20817434173605,15.8212449424706));
#9324=CARTESIAN_POINT('Ctrl Pts',(-19.8,5.25387679108064,15.8130012270621));
#9325=CARTESIAN_POINT('Ctrl Pts',(-19.8,5.28998942835011,15.8064873025664));
#9326=CARTESIAN_POINT('Ctrl Pts',(-19.8,5.32529003033909,15.7951458754604));
#9327=CARTESIAN_POINT('Ctrl Pts',(-19.8,5.36059063232808,15.7838044483544));
#9328=CARTESIAN_POINT('',(-19.8,4.82253980707627,15.749343287046));
#9329=CARTESIAN_POINT('Ctrl Pts',(-19.8,4.82253980707627,15.749343287046));
#9330=CARTESIAN_POINT('Ctrl Pts',(-19.8,4.86271789600945,15.7703403147329));
#9331=CARTESIAN_POINT('Ctrl Pts',(-19.8,4.90289598494263,15.7913373424199));
#9332=CARTESIAN_POINT('Ctrl Pts',(-19.8,4.94542299769339,15.8036096688806));
#9333=CARTESIAN_POINT('Ctrl Pts',(-19.8,4.99917016776368,15.8191198769761));
#9334=CARTESIAN_POINT('Ctrl Pts',(-19.8,5.0566692302933,15.8206942815791));
#9335=CARTESIAN_POINT('Ctrl Pts',(-19.8,5.11416829282293,15.8222686861821));
#9336=CARTESIAN_POINT('',(-19.8,4.70349709193714,15.5223431612352));
#9337=CARTESIAN_POINT('Ctrl Pts',(-19.8,4.70349709193714,15.5223431612352));
#9338=CARTESIAN_POINT('Ctrl Pts',(-19.8,4.71179087908954,15.5697459399137));
#9339=CARTESIAN_POINT('Ctrl Pts',(-19.8,4.72008466624193,15.6171487185922));
#9340=CARTESIAN_POINT('Ctrl Pts',(-19.8,4.74246052804588,15.6568976369974));
#9341=CARTESIAN_POINT('Ctrl Pts',(-19.8,4.76199699909106,15.6916026061424));
#9342=CARTESIAN_POINT('Ctrl Pts',(-19.8,4.79226840308366,15.7204729465942));
#9343=CARTESIAN_POINT('Ctrl Pts',(-19.8,4.82253980707627,15.749343287046));
#9344=CARTESIAN_POINT('',(-19.8,4.99483911475183,15.5065898869192));
#9345=CARTESIAN_POINT('',(-19.8,4.74831850352929,15.5199196042584));
#9346=CARTESIAN_POINT('',(-19.8,5.04351348976387,15.6050344374804));
#9347=CARTESIAN_POINT('Ctrl Pts',(-19.8,5.04351348976387,15.6050344374804));
#9348=CARTESIAN_POINT('Ctrl Pts',(-19.8,5.0320114115004,15.5923142203182));
#9349=CARTESIAN_POINT('Ctrl Pts',(-19.8,5.02050933323693,15.5795940031559));
#9350=CARTESIAN_POINT('Ctrl Pts',(-19.8,5.01265513290402,15.564991624451));
#9351=CARTESIAN_POINT('Ctrl Pts',(-19.8,5.0031688065595,15.5473548283509));
#9352=CARTESIAN_POINT('Ctrl Pts',(-19.8,4.99900396065566,15.5269723576351));
#9353=CARTESIAN_POINT('Ctrl Pts',(-19.8,4.99483911475183,15.5065898869192));
#9354=CARTESIAN_POINT('',(-19.8,5.14569476609602,15.6361865120427));
#9355=CARTESIAN_POINT('Ctrl Pts',(-19.8,5.14569476609602,15.6361865120427));
#9356=CARTESIAN_POINT('Ctrl Pts',(-19.8,5.12569737797814,15.6353104435239));
#9357=CARTESIAN_POINT('Ctrl Pts',(-19.8,5.10569998986025,15.6344343750051));
#9358=CARTESIAN_POINT('Ctrl Pts',(-19.8,5.08740763844248,15.6282522375983));
#9359=CARTESIAN_POINT('Ctrl Pts',(-19.8,5.07196627479132,15.6230336284835));
#9360=CARTESIAN_POINT('Ctrl Pts',(-19.8,5.05773988227759,15.614034032982));
#9361=CARTESIAN_POINT('Ctrl Pts',(-19.8,5.04351348976387,15.6050344374804));
#9362=CARTESIAN_POINT('',(-19.8,5.22697063095906,15.6133567986339));
#9363=CARTESIAN_POINT('Ctrl Pts',(-19.8,5.22697063095906,15.6133567986339));
#9364=CARTESIAN_POINT('Ctrl Pts',(-19.8,5.21591886633836,15.62005074375));
#9365=CARTESIAN_POINT('Ctrl Pts',(-19.8,5.20486710171765,15.6267446888661));
#9366=CARTESIAN_POINT('Ctrl Pts',(-19.8,5.19295744569628,15.6305993171066));
#9367=CARTESIAN_POINT('Ctrl Pts',(-19.8,5.17809401969842,15.6354099498821));
#9368=CARTESIAN_POINT('Ctrl Pts',(-19.8,5.16189439289722,15.6357982309624));
#9369=CARTESIAN_POINT('Ctrl Pts',(-19.8,5.14569476609602,15.6361865120427));
#9370=CARTESIAN_POINT('',(-19.8,5.25450213390506,15.5582264932421));
#9371=CARTESIAN_POINT('Ctrl Pts',(-19.8,5.25450213390506,15.5582264932421));
#9372=CARTESIAN_POINT('Ctrl Pts',(-19.8,5.25313804163618,15.5694619569945));
#9373=CARTESIAN_POINT('Ctrl Pts',(-19.8,5.25188012181162,15.5798229222421));
#9374=CARTESIAN_POINT('Ctrl Pts',(-19.8,5.24260478030438,15.598162254168));
#9375=CARTESIAN_POINT('Ctrl Pts',(-19.8,5.23478770563172,15.6057595264009));
#9376=CARTESIAN_POINT('Ctrl Pts',(-19.8,5.22697063095906,15.6133567986339));
#9377=CARTESIAN_POINT('',(-19.8,5.23218383305603,15.5151524175495));
#9378=CARTESIAN_POINT('Ctrl Pts',(-19.8,5.23218383305603,15.5151524175495));
#9379=CARTESIAN_POINT('Ctrl Pts',(-19.8,5.2387137814302,15.5214751610704));
#9380=CARTESIAN_POINT('Ctrl Pts',(-19.8,5.24524372980438,15.5277979045914));
#9381=CARTESIAN_POINT('Ctrl Pts',(-19.8,5.24897582550462,15.5355211454637));
#9382=CARTESIAN_POINT('Ctrl Pts',(-19.8,5.25227957063214,15.5423579528368));
#9383=CARTESIAN_POINT('Ctrl Pts',(-19.8,5.2533908522686,15.5502922230394));
#9384=CARTESIAN_POINT('Ctrl Pts',(-19.8,5.25450213390506,15.5582264932421));
#9385=CARTESIAN_POINT('',(-19.8,5.12866576326438,15.4778553361796));
#9386=CARTESIAN_POINT('Ctrl Pts',(-19.8,5.12866576326438,15.4778553361796));
#9387=CARTESIAN_POINT('Ctrl Pts',(-19.8,5.15149631740616,15.4824001848822));
#9388=CARTESIAN_POINT('Ctrl Pts',(-19.8,5.17432687154793,15.4869450335847));
#9389=CARTESIAN_POINT('Ctrl Pts',(-19.8,5.19543450261211,15.495888823114));
#9390=CARTESIAN_POINT('Ctrl Pts',(-19.8,5.20809769012948,15.5012545073816));
#9391=CARTESIAN_POINT('Ctrl Pts',(-19.8,5.22014076159276,15.5082034624655));
#9392=CARTESIAN_POINT('Ctrl Pts',(-19.8,5.23218383305603,15.5151524175495));
#9393=CARTESIAN_POINT('',(-19.8,4.83915988120038,15.3878857542252));
#9394=CARTESIAN_POINT('Ctrl Pts',(-19.8,4.83915988120038,15.3878857542252));
#9395=CARTESIAN_POINT('Ctrl Pts',(-19.8,4.87749275400532,15.4039157133509));
#9396=CARTESIAN_POINT('Ctrl Pts',(-19.8,4.91582562681025,15.4199456724767));
#9397=CARTESIAN_POINT('Ctrl Pts',(-19.8,4.95509169762599,15.43308317403));
#9398=CARTESIAN_POINT('Ctrl Pts',(-19.8,5.01165858292231,15.4520091202224));
#9399=CARTESIAN_POINT('Ctrl Pts',(-19.8,5.07016217309335,15.464932228201));
#9400=CARTESIAN_POINT('Ctrl Pts',(-19.8,5.12866576326438,15.4778553361796));
#9401=CARTESIAN_POINT('',(-19.8,4.7120961491412,15.2768130185616));
#9402=CARTESIAN_POINT('Ctrl Pts',(-19.8,4.7120961491412,15.2768130185616));
#9403=CARTESIAN_POINT('Ctrl Pts',(-19.8,4.7280559038235,15.2984437162912));
#9404=CARTESIAN_POINT('Ctrl Pts',(-19.8,4.74401565850579,15.3200744140209));
#9405=CARTESIAN_POINT('Ctrl Pts',(-19.8,4.76349599471095,15.3377524061457));
#9406=CARTESIAN_POINT('Ctrl Pts',(-19.8,4.78567492447072,15.3578793147114));
#9407=CARTESIAN_POINT('Ctrl Pts',(-19.8,4.81241740283555,15.3728825344683));
#9408=CARTESIAN_POINT('Ctrl Pts',(-19.8,4.83915988120038,15.3878857542252));
#9409=CARTESIAN_POINT('',(-19.8,4.6725115717413,15.1286130260724));
#9410=CARTESIAN_POINT('Ctrl Pts',(-19.8,4.6725115717413,15.1286130260724));
#9411=CARTESIAN_POINT('Ctrl Pts',(-19.8,4.67396997609899,15.1550846292732));
#9412=CARTESIAN_POINT('Ctrl Pts',(-19.8,4.67542838045668,15.1815562324741));
#9413=CARTESIAN_POINT('Ctrl Pts',(-19.8,4.68222512014259,15.2065902207133));
#9414=CARTESIAN_POINT('Ctrl Pts',(-19.8,4.68882570027618,15.23090170726));
#9415=CARTESIAN_POINT('Ctrl Pts',(-19.8,4.70046092470869,15.2538573629108));
#9416=CARTESIAN_POINT('Ctrl Pts',(-19.8,4.7120961491412,15.2768130185616));
#9417=CARTESIAN_POINT('',(-19.8,4.72650839135387,14.9514988927477));
#9418=CARTESIAN_POINT('Ctrl Pts',(-19.8,4.72650839135387,14.9514988927477));
#9419=CARTESIAN_POINT('Ctrl Pts',(-19.8,4.71086683436859,14.9790735087974));
#9420=CARTESIAN_POINT('Ctrl Pts',(-19.8,4.69522527738332,15.006648124847));
#9421=CARTESIAN_POINT('Ctrl Pts',(-19.8,4.68622540818268,15.0362449757267));
#9422=CARTESIAN_POINT('Ctrl Pts',(-19.8,4.67726892827382,15.0656991371551));
#9423=CARTESIAN_POINT('Ctrl Pts',(-19.8,4.67489025000756,15.0971560816137));
#9424=CARTESIAN_POINT('Ctrl Pts',(-19.8,4.6725115717413,15.1286130260724));
#9425=CARTESIAN_POINT('',(-19.8,4.87576190814847,14.8286983319906));
#9426=CARTESIAN_POINT('Ctrl Pts',(-19.8,4.87576190814847,14.8286983319906));
#9427=CARTESIAN_POINT('Ctrl Pts',(-19.8,4.84580396270968,14.8440092176231));
#9428=CARTESIAN_POINT('Ctrl Pts',(-19.8,4.8158460172709,14.8593201032557));
#9429=CARTESIAN_POINT('Ctrl Pts',(-19.8,4.79060565991321,14.8803313524195));
#9430=CARTESIAN_POINT('Ctrl Pts',(-19.8,4.76633087032447,14.9005388179961));
#9431=CARTESIAN_POINT('Ctrl Pts',(-19.8,4.74641963083917,14.9260188553719));
#9432=CARTESIAN_POINT('Ctrl Pts',(-19.8,4.72650839135387,14.9514988927477));
#9433=CARTESIAN_POINT('Ctrl Pts',(-19.8,5.11673647872252,14.7881635362532));
#9434=CARTESIAN_POINT('Ctrl Pts',(-19.8,5.07201348648362,14.7890257603255));
#9435=CARTESIAN_POINT('Ctrl Pts',(-19.8,5.02729049424472,14.7898879843977));
#9436=CARTESIAN_POINT('Ctrl Pts',(-19.8,4.98384693502972,14.7979728371667));
#9437=CARTESIAN_POINT('Ctrl Pts',(-19.8,4.94721204456901,14.8047905956776));
#9438=CARTESIAN_POINT('Ctrl Pts',(-19.8,4.91148697635874,14.8167444638341));
#9439=CARTESIAN_POINT('Ctrl Pts',(-19.8,4.87576190814847,14.8286983319906));
#9440=CARTESIAN_POINT('Ctrl Pts',(-19.6,4.70349709193714,15.5223431612352));
#9441=CARTESIAN_POINT('Ctrl Pts',(-20.,4.70349709193714,15.5223431612352));
#9442=CARTESIAN_POINT('Ctrl Pts',(-19.6,4.71179087908954,15.5697459399137));
#9443=CARTESIAN_POINT('Ctrl Pts',(-20.,4.71179087908954,15.5697459399137));
#9444=CARTESIAN_POINT('Ctrl Pts',(-19.6,4.72732601113302,15.6585363094357));
#9445=CARTESIAN_POINT('Ctrl Pts',(-20.,4.72732601113302,15.6585363094357));
#9446=CARTESIAN_POINT('Ctrl Pts',(-19.6,4.79226840308366,15.7204729465942));
#9447=CARTESIAN_POINT('Ctrl Pts',(-20.,4.79226840308366,15.7204729465942));
#9448=CARTESIAN_POINT('Ctrl Pts',(-19.6,4.82253980707627,15.749343287046));
#9449=CARTESIAN_POINT('Ctrl Pts',(-20.,4.82253980707627,15.749343287046));
#9450=CARTESIAN_POINT('',(-20.,4.82253980707627,15.749343287046));
#9451=CARTESIAN_POINT('',(-19.6,4.82253980707627,15.749343287046));
#9452=CARTESIAN_POINT('',(-20.,4.70349709193714,15.5223431612352));
#9453=CARTESIAN_POINT('Ctrl Pts',(-20.,4.70349709193714,15.5223431612352));
#9454=CARTESIAN_POINT('Ctrl Pts',(-20.,4.71179087908954,15.5697459399137));
#9455=CARTESIAN_POINT('Ctrl Pts',(-20.,4.72732601113302,15.6585363094357));
#9456=CARTESIAN_POINT('Ctrl Pts',(-20.,4.79226840308366,15.7204729465942));
#9457=CARTESIAN_POINT('Ctrl Pts',(-20.,4.82253980707627,15.749343287046));
#9458=CARTESIAN_POINT('',(-19.6,4.70349709193714,15.5223431612352));
#9459=CARTESIAN_POINT('Ctrl Pts',(-19.6,4.82253980707627,15.749343287046));
#9460=CARTESIAN_POINT('Ctrl Pts',(-20.,4.82253980707627,15.749343287046));
#9461=CARTESIAN_POINT('Ctrl Pts',(-19.6,4.86271789600945,15.7703403147329));
#9462=CARTESIAN_POINT('Ctrl Pts',(-20.,4.86271789600945,15.7703403147329));
#9463=CARTESIAN_POINT('Ctrl Pts',(-19.6,4.95367450050982,15.817874142093));
#9464=CARTESIAN_POINT('Ctrl Pts',(-20.,4.95367450050982,15.817874142093));
#9465=CARTESIAN_POINT('Ctrl Pts',(-19.6,5.0566692302933,15.8206942815791));
#9466=CARTESIAN_POINT('Ctrl Pts',(-20.,5.0566692302933,15.8206942815791));
#9467=CARTESIAN_POINT('Ctrl Pts',(-19.6,5.11416829282293,15.8222686861821));
#9468=CARTESIAN_POINT('Ctrl Pts',(-20.,5.11416829282293,15.8222686861821));
#9469=CARTESIAN_POINT('',(-20.,5.11416829282293,15.8222686861821));
#9470=CARTESIAN_POINT('',(-19.6,5.11416829282293,15.8222686861821));
#9471=CARTESIAN_POINT('Ctrl Pts',(-20.,4.82253980707627,15.749343287046));
#9472=CARTESIAN_POINT('Ctrl Pts',(-20.,4.86271789600945,15.7703403147329));
#9473=CARTESIAN_POINT('Ctrl Pts',(-20.,4.95367450050982,15.817874142093));
#9474=CARTESIAN_POINT('Ctrl Pts',(-20.,5.0566692302933,15.8206942815791));
#9475=CARTESIAN_POINT('Ctrl Pts',(-20.,5.11416829282293,15.8222686861821));
#9476=CARTESIAN_POINT('Ctrl Pts',(-19.6,5.11416829282293,15.8222686861821));
#9477=CARTESIAN_POINT('Ctrl Pts',(-20.,5.11416829282293,15.8222686861821));
#9478=CARTESIAN_POINT('Ctrl Pts',(-19.6,5.16117131727949,15.8217568143263));
#9479=CARTESIAN_POINT('Ctrl Pts',(-20.,5.16117131727949,15.8217568143263));
#9480=CARTESIAN_POINT('Ctrl Pts',(-19.6,5.24531465253142,15.8208404774382));
#9481=CARTESIAN_POINT('Ctrl Pts',(-20.,5.24531465253142,15.8208404774382));
#9482=CARTESIAN_POINT('Ctrl Pts',(-19.6,5.32529003033909,15.7951458754604));
#9483=CARTESIAN_POINT('Ctrl Pts',(-20.,5.32529003033909,15.7951458754604));
#9484=CARTESIAN_POINT('Ctrl Pts',(-19.6,5.36059063232808,15.7838044483544));
#9485=CARTESIAN_POINT('Ctrl Pts',(-20.,5.36059063232808,15.7838044483544));
#9486=CARTESIAN_POINT('',(-20.,5.36059063232808,15.7838044483544));
#9487=CARTESIAN_POINT('',(-19.6,5.36059063232808,15.7838044483544));
#9488=CARTESIAN_POINT('Ctrl Pts',(-20.,5.11416829282293,15.8222686861821));
#9489=CARTESIAN_POINT('Ctrl Pts',(-20.,5.16117131727949,15.8217568143263));
#9490=CARTESIAN_POINT('Ctrl Pts',(-20.,5.24531465253142,15.8208404774382));
#9491=CARTESIAN_POINT('Ctrl Pts',(-20.,5.32529003033909,15.7951458754604));
#9492=CARTESIAN_POINT('Ctrl Pts',(-20.,5.36059063232808,15.7838044483544));
#9493=CARTESIAN_POINT('Ctrl Pts',(-19.6,5.36059063232808,15.7838044483544));
#9494=CARTESIAN_POINT('Ctrl Pts',(-20.,5.36059063232808,15.7838044483544));
#9495=CARTESIAN_POINT('Ctrl Pts',(-19.6,5.38821380496107,15.770275343618));
#9496=CARTESIAN_POINT('Ctrl Pts',(-20.,5.38821380496107,15.770275343618));
#9497=CARTESIAN_POINT('Ctrl Pts',(-19.6,5.44108629184694,15.7443797876565));
#9498=CARTESIAN_POINT('Ctrl Pts',(-20.,5.44108629184694,15.7443797876565));
#9499=CARTESIAN_POINT('Ctrl Pts',(-19.6,5.47787906690415,15.6985263184579));
#9500=CARTESIAN_POINT('Ctrl Pts',(-20.,5.47787906690415,15.6985263184579));
#9501=CARTESIAN_POINT('Ctrl Pts',(-19.6,5.49544949709141,15.67662894382));
#9502=CARTESIAN_POINT('Ctrl Pts',(-20.,5.49544949709141,15.67662894382));
#9503=CARTESIAN_POINT('',(-20.,5.49544949709141,15.67662894382));
#9504=CARTESIAN_POINT('',(-19.6,5.49544949709141,15.67662894382));
#9505=CARTESIAN_POINT('Ctrl Pts',(-20.,5.36059063232808,15.7838044483544));
#9506=CARTESIAN_POINT('Ctrl Pts',(-20.,5.38821380496107,15.770275343618));
#9507=CARTESIAN_POINT('Ctrl Pts',(-20.,5.44108629184694,15.7443797876565));
#9508=CARTESIAN_POINT('Ctrl Pts',(-20.,5.47787906690415,15.6985263184579));
#9509=CARTESIAN_POINT('Ctrl Pts',(-20.,5.49544949709141,15.67662894382));
#9510=CARTESIAN_POINT('Ctrl Pts',(-19.6,5.49544949709141,15.67662894382));
#9511=CARTESIAN_POINT('Ctrl Pts',(-20.,5.49544949709141,15.67662894382));
#9512=CARTESIAN_POINT('Ctrl Pts',(-19.6,5.50848285716282,15.6537695344561));
#9513=CARTESIAN_POINT('Ctrl Pts',(-20.,5.50848285716282,15.6537695344561));
#9514=CARTESIAN_POINT('Ctrl Pts',(-19.6,5.53418043573224,15.608698158774));
#9515=CARTESIAN_POINT('Ctrl Pts',(-20.,5.53418043573224,15.608698158774));
#9516=CARTESIAN_POINT('Ctrl Pts',(-19.6,5.53837074927362,15.5570085939121));
#9517=CARTESIAN_POINT('Ctrl Pts',(-20.,5.53837074927362,15.5570085939121));
#9518=CARTESIAN_POINT('Ctrl Pts',(-19.6,5.54043580945506,15.5315350676144));
#9519=CARTESIAN_POINT('Ctrl Pts',(-20.,5.54043580945506,15.5315350676144));
#9520=CARTESIAN_POINT('',(-20.,5.54043580945506,15.5315350676144));
#9521=CARTESIAN_POINT('',(-19.6,5.54043580945506,15.5315350676144));
#9522=CARTESIAN_POINT('Ctrl Pts',(-20.,5.49544949709141,15.67662894382));
#9523=CARTESIAN_POINT('Ctrl Pts',(-20.,5.50848285716282,15.6537695344561));
#9524=CARTESIAN_POINT('Ctrl Pts',(-20.,5.53418043573224,15.608698158774));
#9525=CARTESIAN_POINT('Ctrl Pts',(-20.,5.53837074927362,15.5570085939121));
#9526=CARTESIAN_POINT('Ctrl Pts',(-20.,5.54043580945506,15.5315350676144));
#9527=CARTESIAN_POINT('Ctrl Pts',(-19.6,5.54043580945506,15.5315350676144));
#9528=CARTESIAN_POINT('Ctrl Pts',(-20.,5.54043580945506,15.5315350676144));
#9529=CARTESIAN_POINT('Ctrl Pts',(-19.6,5.53702777069368,15.4941997429502));
#9530=CARTESIAN_POINT('Ctrl Pts',(-20.,5.53702777069368,15.4941997429502));
#9531=CARTESIAN_POINT('Ctrl Pts',(-19.6,5.53024107477995,15.4198509713906));
#9532=CARTESIAN_POINT('Ctrl Pts',(-20.,5.53024107477995,15.4198509713906));
#9533=CARTESIAN_POINT('Ctrl Pts',(-19.6,5.47933065044125,15.3652748410358));
#9534=CARTESIAN_POINT('Ctrl Pts',(-20.,5.47933065044125,15.3652748410358));
#9535=CARTESIAN_POINT('Ctrl Pts',(-19.6,5.453985641396,15.3381049139439));
#9536=CARTESIAN_POINT('Ctrl Pts',(-20.,5.453985641396,15.3381049139439));
#9537=CARTESIAN_POINT('',(-20.,5.453985641396,15.3381049139439));
#9538=CARTESIAN_POINT('',(-19.6,5.453985641396,15.3381049139439));
#9539=CARTESIAN_POINT('Ctrl Pts',(-20.,5.54043580945506,15.5315350676144));
#9540=CARTESIAN_POINT('Ctrl Pts',(-20.,5.53702777069368,15.4941997429502));
#9541=CARTESIAN_POINT('Ctrl Pts',(-20.,5.53024107477995,15.4198509713906));
#9542=CARTESIAN_POINT('Ctrl Pts',(-20.,5.47933065044125,15.3652748410358));
#9543=CARTESIAN_POINT('Ctrl Pts',(-20.,5.453985641396,15.3381049139439));
#9544=CARTESIAN_POINT('Ctrl Pts',(-19.6,5.453985641396,15.3381049139439));
#9545=CARTESIAN_POINT('Ctrl Pts',(-20.,5.453985641396,15.3381049139439));
#9546=CARTESIAN_POINT('Ctrl Pts',(-19.6,5.41640066764108,15.3131511215717));
#9547=CARTESIAN_POINT('Ctrl Pts',(-20.,5.41640066764108,15.3131511215717));
#9548=CARTESIAN_POINT('Ctrl Pts',(-19.6,5.32789834955325,15.2543917757645));
#9549=CARTESIAN_POINT('Ctrl Pts',(-20.,5.32789834955325,15.2543917757645));
#9550=CARTESIAN_POINT('Ctrl Pts',(-19.6,5.22425447998323,15.2296361147475));
#9551=CARTESIAN_POINT('Ctrl Pts',(-20.,5.22425447998323,15.2296361147475));
#9552=CARTESIAN_POINT('Ctrl Pts',(-19.6,5.16462586562699,15.2153936345117));
#9553=CARTESIAN_POINT('Ctrl Pts',(-20.,5.16462586562699,15.2153936345117));
#9554=CARTESIAN_POINT('',(-20.,5.16462586562699,15.2153936345117));
#9555=CARTESIAN_POINT('',(-19.6,5.16462586562699,15.2153936345117));
#9556=CARTESIAN_POINT('Ctrl Pts',(-20.,5.453985641396,15.3381049139439));
#9557=CARTESIAN_POINT('Ctrl Pts',(-20.,5.41640066764108,15.3131511215717));
#9558=CARTESIAN_POINT('Ctrl Pts',(-20.,5.32789834955325,15.2543917757645));
#9559=CARTESIAN_POINT('Ctrl Pts',(-20.,5.22425447998323,15.2296361147475));
#9560=CARTESIAN_POINT('Ctrl Pts',(-20.,5.16462586562699,15.2153936345117));
#9561=CARTESIAN_POINT('Ctrl Pts',(-19.6,5.16462586562699,15.2153936345117));
#9562=CARTESIAN_POINT('Ctrl Pts',(-20.,5.16462586562699,15.2153936345117));
#9563=CARTESIAN_POINT('Ctrl Pts',(-19.6,5.12991377638791,15.2080415872269));
#9564=CARTESIAN_POINT('Ctrl Pts',(-20.,5.12991377638791,15.2080415872269));
#9565=CARTESIAN_POINT('Ctrl Pts',(-19.6,5.0741360559559,15.1962278230012));
#9566=CARTESIAN_POINT('Ctrl Pts',(-20.,5.0741360559559,15.1962278230012));
#9567=CARTESIAN_POINT('Ctrl Pts',(-19.6,5.02513768083957,15.1675413595225));
#9568=CARTESIAN_POINT('Ctrl Pts',(-20.,5.02513768083957,15.1675413595225));
#9569=CARTESIAN_POINT('Ctrl Pts',(-19.6,5.00663241222588,15.1567073122507));
#9570=CARTESIAN_POINT('Ctrl Pts',(-20.,5.00663241222588,15.1567073122507));
#9571=CARTESIAN_POINT('',(-20.,5.00663241222588,15.1567073122507));
#9572=CARTESIAN_POINT('',(-19.6,5.00663241222588,15.1567073122507));
#9573=CARTESIAN_POINT('Ctrl Pts',(-20.,5.16462586562699,15.2153936345117));
#9574=CARTESIAN_POINT('Ctrl Pts',(-20.,5.12991377638791,15.2080415872269));
#9575=CARTESIAN_POINT('Ctrl Pts',(-20.,5.0741360559559,15.1962278230012));
#9576=CARTESIAN_POINT('Ctrl Pts',(-20.,5.02513768083957,15.1675413595225));
#9577=CARTESIAN_POINT('Ctrl Pts',(-20.,5.00663241222588,15.1567073122507));
#9578=CARTESIAN_POINT('Ctrl Pts',(-19.6,5.00663241222588,15.1567073122507));
#9579=CARTESIAN_POINT('Ctrl Pts',(-20.,5.00663241222588,15.1567073122507));
#9580=CARTESIAN_POINT('Ctrl Pts',(-19.6,4.99673707474103,15.146424106765));
#9581=CARTESIAN_POINT('Ctrl Pts',(-20.,4.99673707474103,15.146424106765));
#9582=CARTESIAN_POINT('Ctrl Pts',(-19.6,4.97783736437268,15.1267835835755));
#9583=CARTESIAN_POINT('Ctrl Pts',(-20.,4.97783736437268,15.1267835835755));
#9584=CARTESIAN_POINT('Ctrl Pts',(-19.6,4.97445036935552,15.099823352033));
#9585=CARTESIAN_POINT('Ctrl Pts',(-20.,4.97445036935552,15.099823352033));
#9586=CARTESIAN_POINT('Ctrl Pts',(-19.6,4.97283670620965,15.0869787119245));
#9587=CARTESIAN_POINT('Ctrl Pts',(-20.,4.97283670620965,15.0869787119245));
#9588=CARTESIAN_POINT('',(-20.,4.97283670620965,15.0869787119245));
#9589=CARTESIAN_POINT('',(-19.6,4.97283670620965,15.0869787119245));
#9590=CARTESIAN_POINT('Ctrl Pts',(-20.,5.00663241222588,15.1567073122507));
#9591=CARTESIAN_POINT('Ctrl Pts',(-20.,4.99673707474103,15.146424106765));
#9592=CARTESIAN_POINT('Ctrl Pts',(-20.,4.97783736437268,15.1267835835755));
#9593=CARTESIAN_POINT('Ctrl Pts',(-20.,4.97445036935552,15.099823352033));
#9594=CARTESIAN_POINT('Ctrl Pts',(-20.,4.97283670620965,15.0869787119245));
#9595=CARTESIAN_POINT('Ctrl Pts',(-19.6,4.97283670620965,15.0869787119245));
#9596=CARTESIAN_POINT('Ctrl Pts',(-20.,4.97283670620965,15.0869787119245));
#9597=CARTESIAN_POINT('Ctrl Pts',(-19.6,4.97465601944546,15.0735291565538));
#9598=CARTESIAN_POINT('Ctrl Pts',(-20.,4.97465601944546,15.0735291565538));
#9599=CARTESIAN_POINT('Ctrl Pts',(-19.6,4.97846557780829,15.0453664052856));
#9600=CARTESIAN_POINT('Ctrl Pts',(-20.,4.97846557780829,15.0453664052856));
#9601=CARTESIAN_POINT('Ctrl Pts',(-19.6,4.99872675675034,15.0253122453122));
#9602=CARTESIAN_POINT('Ctrl Pts',(-20.,4.99872675675034,15.0253122453122));
#9603=CARTESIAN_POINT('Ctrl Pts',(-19.6,5.00931189781302,15.0148352581231));
#9604=CARTESIAN_POINT('Ctrl Pts',(-20.,5.00931189781302,15.0148352581231));
#9605=CARTESIAN_POINT('',(-20.,5.00931189781302,15.0148352581231));
#9606=CARTESIAN_POINT('',(-19.6,5.00931189781302,15.0148352581231));
#9607=CARTESIAN_POINT('Ctrl Pts',(-20.,4.97283670620965,15.0869787119245));
#9608=CARTESIAN_POINT('Ctrl Pts',(-20.,4.97465601944546,15.0735291565538));
#9609=CARTESIAN_POINT('Ctrl Pts',(-20.,4.97846557780829,15.0453664052856));
#9610=CARTESIAN_POINT('Ctrl Pts',(-20.,4.99872675675034,15.0253122453122));
#9611=CARTESIAN_POINT('Ctrl Pts',(-20.,5.00931189781302,15.0148352581231));
#9612=CARTESIAN_POINT('Ctrl Pts',(-19.6,5.00931189781302,15.0148352581231));
#9613=CARTESIAN_POINT('Ctrl Pts',(-20.,5.00931189781302,15.0148352581231));
#9614=CARTESIAN_POINT('Ctrl Pts',(-19.6,5.02332961556934,15.005965312845));
#9615=CARTESIAN_POINT('Ctrl Pts',(-20.,5.02332961556934,15.005965312845));
#9616=CARTESIAN_POINT('Ctrl Pts',(-19.6,5.0542576278199,14.9863950959959));
#9617=CARTESIAN_POINT('Ctrl Pts',(-20.,5.0542576278199,14.9863950959959));
#9618=CARTESIAN_POINT('Ctrl Pts',(-19.6,5.09099714546625,14.9852302193216));
#9619=CARTESIAN_POINT('Ctrl Pts',(-20.,5.09099714546625,14.9852302193216));
#9620=CARTESIAN_POINT('Ctrl Pts',(-19.6,5.11108495641068,14.9845933077914));
#9621=CARTESIAN_POINT('Ctrl Pts',(-20.,5.11108495641068,14.9845933077914));
#9622=CARTESIAN_POINT('',(-20.,5.11108495641068,14.9845933077914));
#9623=CARTESIAN_POINT('',(-19.6,5.11108495641068,14.9845933077914));
#9624=CARTESIAN_POINT('Ctrl Pts',(-20.,5.00931189781302,15.0148352581231));
#9625=CARTESIAN_POINT('Ctrl Pts',(-20.,5.02332961556934,15.005965312845));
#9626=CARTESIAN_POINT('Ctrl Pts',(-20.,5.0542576278199,14.9863950959959));
#9627=CARTESIAN_POINT('Ctrl Pts',(-20.,5.09099714546625,14.9852302193216));
#9628=CARTESIAN_POINT('Ctrl Pts',(-20.,5.11108495641068,14.9845933077914));
#9629=CARTESIAN_POINT('Ctrl Pts',(-19.6,5.11108495641068,14.9845933077914));
#9630=CARTESIAN_POINT('Ctrl Pts',(-20.,5.11108495641068,14.9845933077914));
#9631=CARTESIAN_POINT('Ctrl Pts',(-19.6,5.13857633263702,14.986813154883));
#9632=CARTESIAN_POINT('Ctrl Pts',(-20.,5.13857633263702,14.986813154883));
#9633=CARTESIAN_POINT('Ctrl Pts',(-19.6,5.19143357205667,14.9910812201932));
#9634=CARTESIAN_POINT('Ctrl Pts',(-20.,5.19143357205667,14.9910812201932));
#9635=CARTESIAN_POINT('Ctrl Pts',(-19.6,5.22914219848978,15.0281309581474));
#9636=CARTESIAN_POINT('Ctrl Pts',(-20.,5.22914219848978,15.0281309581474));
#9637=CARTESIAN_POINT('Ctrl Pts',(-19.6,5.24723833574197,15.0459108988823));
#9638=CARTESIAN_POINT('Ctrl Pts',(-20.,5.24723833574197,15.0459108988823));
#9639=CARTESIAN_POINT('',(-20.,5.24723833574197,15.0459108988823));
#9640=CARTESIAN_POINT('',(-19.6,5.24723833574197,15.0459108988823));
#9641=CARTESIAN_POINT('Ctrl Pts',(-20.,5.11108495641068,14.9845933077914));
#9642=CARTESIAN_POINT('Ctrl Pts',(-20.,5.13857633263702,14.986813154883));
#9643=CARTESIAN_POINT('Ctrl Pts',(-20.,5.19143357205667,14.9910812201932));
#9644=CARTESIAN_POINT('Ctrl Pts',(-20.,5.22914219848978,15.0281309581474));
#9645=CARTESIAN_POINT('Ctrl Pts',(-20.,5.24723833574197,15.0459108988823));
#9646=CARTESIAN_POINT('Ctrl Pts',(-19.6,5.24723833574197,15.0459108988823));
#9647=CARTESIAN_POINT('Ctrl Pts',(-20.,5.24723833574197,15.0459108988823));
#9648=CARTESIAN_POINT('Ctrl Pts',(-19.6,5.25624538651851,15.0609471336773));
#9649=CARTESIAN_POINT('Ctrl Pts',(-20.,5.25624538651851,15.0609471336773));
#9650=CARTESIAN_POINT('Ctrl Pts',(-19.6,5.27644412326693,15.0946666003315));
#9651=CARTESIAN_POINT('Ctrl Pts',(-20.,5.27644412326693,15.0946666003315));
#9652=CARTESIAN_POINT('Ctrl Pts',(-19.6,5.28235637628892,15.1336330941761));
#9653=CARTESIAN_POINT('Ctrl Pts',(-20.,5.28235637628892,15.1336330941761));
#9654=CARTESIAN_POINT('Ctrl Pts',(-19.6,5.28563222863714,15.1552235910456));
#9655=CARTESIAN_POINT('Ctrl Pts',(-20.,5.28563222863714,15.1552235910456));
#9656=CARTESIAN_POINT('',(-20.,5.28563222863714,15.1552235910456));
#9657=CARTESIAN_POINT('',(-19.6,5.28563222863714,15.1552235910456));
#9658=CARTESIAN_POINT('Ctrl Pts',(-20.,5.24723833574197,15.0459108988823));
#9659=CARTESIAN_POINT('Ctrl Pts',(-20.,5.25624538651851,15.0609471336773));
#9660=CARTESIAN_POINT('Ctrl Pts',(-20.,5.27644412326693,15.0946666003315));
#9661=CARTESIAN_POINT('Ctrl Pts',(-20.,5.28235637628892,15.1336330941761));
#9662=CARTESIAN_POINT('Ctrl Pts',(-20.,5.28563222863714,15.1552235910456));
#9663=CARTESIAN_POINT('Origin',(-19.6,5.28563222863714,15.1552235910456));
#9664=CARTESIAN_POINT('',(-20.,5.57970871377727,15.1381184530961));
#9665=CARTESIAN_POINT('',(-19.6,5.57970871377727,15.1381184530961));
#9666=CARTESIAN_POINT('',(-20.,5.57970871377727,15.1381184530961));
#9667=CARTESIAN_POINT('Ctrl Pts',(-19.6,5.57970871377727,15.1381184530961));
#9668=CARTESIAN_POINT('Ctrl Pts',(-20.,5.57970871377727,15.1381184530961));
#9669=CARTESIAN_POINT('Ctrl Pts',(-19.6,5.57246868542997,15.0902516879892));
#9670=CARTESIAN_POINT('Ctrl Pts',(-20.,5.57246868542997,15.0902516879892));
#9671=CARTESIAN_POINT('Ctrl Pts',(-19.6,5.55833680526731,14.9968200941036));
#9672=CARTESIAN_POINT('Ctrl Pts',(-20.,5.55833680526731,14.9968200941036));
#9673=CARTESIAN_POINT('Ctrl Pts',(-19.6,5.49871400235089,14.9236495566791));
#9674=CARTESIAN_POINT('Ctrl Pts',(-20.,5.49871400235089,14.9236495566791));
#9675=CARTESIAN_POINT('Ctrl Pts',(-19.6,5.46963708422065,14.8879656635682));
#9676=CARTESIAN_POINT('Ctrl Pts',(-20.,5.46963708422065,14.8879656635682));
#9677=CARTESIAN_POINT('',(-20.,5.46963708422065,14.8879656635682));
#9678=CARTESIAN_POINT('',(-19.6,5.46963708422065,14.8879656635682));
#9679=CARTESIAN_POINT('Ctrl Pts',(-20.,5.57970871377727,15.1381184530961));
#9680=CARTESIAN_POINT('Ctrl Pts',(-20.,5.57246868542997,15.0902516879892));
#9681=CARTESIAN_POINT('Ctrl Pts',(-20.,5.55833680526731,14.9968200941036));
#9682=CARTESIAN_POINT('Ctrl Pts',(-20.,5.49871400235089,14.9236495566791));
#9683=CARTESIAN_POINT('Ctrl Pts',(-20.,5.46963708422065,14.8879656635682));
#9684=CARTESIAN_POINT('Ctrl Pts',(-19.6,3.59191894574242,15.3018282682435));
#9685=CARTESIAN_POINT('Ctrl Pts',(-20.,3.59191894574242,15.3018282682435));
#9686=CARTESIAN_POINT('Ctrl Pts',(-19.6,3.59271021243225,15.3351707464817));
#9687=CARTESIAN_POINT('Ctrl Pts',(-20.,3.59271021243225,15.3351707464817));
#9688=CARTESIAN_POINT('Ctrl Pts',(-19.6,3.5942621248159,15.4005653922376));
#9689=CARTESIAN_POINT('Ctrl Pts',(-20.,3.5942621248159,15.4005653922376));
#9690=CARTESIAN_POINT('Ctrl Pts',(-19.6,3.60858897094205,15.4643816899538));
#9691=CARTESIAN_POINT('Ctrl Pts',(-20.,3.60858897094205,15.4643816899538));
#9692=CARTESIAN_POINT('Ctrl Pts',(-19.6,3.61561105152263,15.4956602547525));
#9693=CARTESIAN_POINT('Ctrl Pts',(-20.,3.61561105152263,15.4956602547525));
#9694=CARTESIAN_POINT('',(-20.,3.61561105152263,15.4956602547525));
#9695=CARTESIAN_POINT('',(-19.6,3.61561105152263,15.4956602547525));
#9696=CARTESIAN_POINT('',(-20.,3.59191894574242,15.3018282682435));
#9697=CARTESIAN_POINT('Ctrl Pts',(-20.,3.59191894574242,15.3018282682435));
#9698=CARTESIAN_POINT('Ctrl Pts',(-20.,3.59271021243225,15.3351707464817));
#9699=CARTESIAN_POINT('Ctrl Pts',(-20.,3.5942621248159,15.4005653922376));
#9700=CARTESIAN_POINT('Ctrl Pts',(-20.,3.60858897094205,15.4643816899538));
#9701=CARTESIAN_POINT('Ctrl Pts',(-20.,3.61561105152263,15.4956602547525));
#9702=CARTESIAN_POINT('',(-19.6,3.59191894574242,15.3018282682435));
#9703=CARTESIAN_POINT('Ctrl Pts',(-19.6,3.61561105152263,15.4956602547525));
#9704=CARTESIAN_POINT('Ctrl Pts',(-20.,3.61561105152263,15.4956602547525));
#9705=CARTESIAN_POINT('Ctrl Pts',(-19.6,3.62473686453938,15.525003221538));
#9706=CARTESIAN_POINT('Ctrl Pts',(-20.,3.62473686453938,15.525003221538));
#9707=CARTESIAN_POINT('Ctrl Pts',(-19.6,3.64264646139584,15.5825894009542));
#9708=CARTESIAN_POINT('Ctrl Pts',(-20.,3.64264646139584,15.5825894009542));
#9709=CARTESIAN_POINT('Ctrl Pts',(-19.6,3.67711598466777,15.6320525987381));
#9710=CARTESIAN_POINT('Ctrl Pts',(-20.,3.67711598466777,15.6320525987381));
#9711=CARTESIAN_POINT('Ctrl Pts',(-19.6,3.69402160481685,15.6563118850212));
#9712=CARTESIAN_POINT('Ctrl Pts',(-20.,3.69402160481685,15.6563118850212));
#9713=CARTESIAN_POINT('',(-20.,3.69402160481685,15.6563118850212));
#9714=CARTESIAN_POINT('',(-19.6,3.69402160481685,15.6563118850212));
#9715=CARTESIAN_POINT('Ctrl Pts',(-20.,3.61561105152263,15.4956602547525));
#9716=CARTESIAN_POINT('Ctrl Pts',(-20.,3.62473686453938,15.525003221538));
#9717=CARTESIAN_POINT('Ctrl Pts',(-20.,3.64264646139584,15.5825894009542));
#9718=CARTESIAN_POINT('Ctrl Pts',(-20.,3.67711598466777,15.6320525987381));
#9719=CARTESIAN_POINT('Ctrl Pts',(-20.,3.69402160481685,15.6563118850212));
#9720=CARTESIAN_POINT('Ctrl Pts',(-19.6,3.69402160481685,15.6563118850212));
#9721=CARTESIAN_POINT('Ctrl Pts',(-20.,3.69402160481685,15.6563118850212));
#9722=CARTESIAN_POINT('Ctrl Pts',(-19.6,3.7134862111118,15.6780932391705));
#9723=CARTESIAN_POINT('Ctrl Pts',(-20.,3.7134862111118,15.6780932391705));
#9724=CARTESIAN_POINT('Ctrl Pts',(-19.6,3.75284449122417,15.7221360841604));
#9725=CARTESIAN_POINT('Ctrl Pts',(-20.,3.75284449122417,15.7221360841604));
#9726=CARTESIAN_POINT('Ctrl Pts',(-19.6,3.80543734381106,15.7490533742427));
#9727=CARTESIAN_POINT('Ctrl Pts',(-20.,3.80543734381106,15.7490533742427));
#9728=CARTESIAN_POINT('Ctrl Pts',(-19.6,3.83202044275501,15.7626587398079));
#9729=CARTESIAN_POINT('Ctrl Pts',(-20.,3.83202044275501,15.7626587398079));
#9730=CARTESIAN_POINT('',(-20.,3.83202044275501,15.7626587398079));
#9731=CARTESIAN_POINT('',(-19.6,3.83202044275501,15.7626587398079));
#9732=CARTESIAN_POINT('Ctrl Pts',(-20.,3.69402160481685,15.6563118850212));
#9733=CARTESIAN_POINT('Ctrl Pts',(-20.,3.7134862111118,15.6780932391705));
#9734=CARTESIAN_POINT('Ctrl Pts',(-20.,3.75284449122417,15.7221360841604));
#9735=CARTESIAN_POINT('Ctrl Pts',(-20.,3.80543734381106,15.7490533742427));
#9736=CARTESIAN_POINT('Ctrl Pts',(-20.,3.83202044275501,15.7626587398079));
#9737=CARTESIAN_POINT('Ctrl Pts',(-19.6,3.83202044275501,15.7626587398079));
#9738=CARTESIAN_POINT('Ctrl Pts',(-20.,3.83202044275501,15.7626587398079));
#9739=CARTESIAN_POINT('Ctrl Pts',(-19.6,3.86381966519564,15.7735153773654));
#9740=CARTESIAN_POINT('Ctrl Pts',(-20.,3.86381966519564,15.7735153773654));
#9741=CARTESIAN_POINT('Ctrl Pts',(-19.6,3.9346276182092,15.7976900653941));
#9742=CARTESIAN_POINT('Ctrl Pts',(-20.,3.9346276182092,15.7976900653941));
#9743=CARTESIAN_POINT('Ctrl Pts',(-19.6,4.00954452847056,15.7994826744071));
#9744=CARTESIAN_POINT('Ctrl Pts',(-20.,4.00954452847056,15.7994826744071));
#9745=CARTESIAN_POINT('Ctrl Pts',(-19.6,4.05081692010688,15.8004702386429));
#9746=CARTESIAN_POINT('Ctrl Pts',(-20.,4.05081692010688,15.8004702386429));
#9747=CARTESIAN_POINT('',(-20.,4.05081692010688,15.8004702386429));
#9748=CARTESIAN_POINT('',(-19.6,4.05081692010688,15.8004702386429));
#9749=CARTESIAN_POINT('Ctrl Pts',(-20.,3.83202044275501,15.7626587398079));
#9750=CARTESIAN_POINT('Ctrl Pts',(-20.,3.86381966519564,15.7735153773654));
#9751=CARTESIAN_POINT('Ctrl Pts',(-20.,3.9346276182092,15.7976900653941));
#9752=CARTESIAN_POINT('Ctrl Pts',(-20.,4.00954452847056,15.7994826744071));
#9753=CARTESIAN_POINT('Ctrl Pts',(-20.,4.05081692010688,15.8004702386429));
#9754=CARTESIAN_POINT('Origin',(-19.6,4.05081692010688,15.8004702386429));
#9755=CARTESIAN_POINT('',(-20.,4.50988479029589,15.8025187795199));
#9756=CARTESIAN_POINT('',(-19.6,4.50988479029589,15.8025187795199));
#9757=CARTESIAN_POINT('',(-20.,4.50988479029589,15.8025187795199));
#9758=CARTESIAN_POINT('Origin',(-19.6,4.50988479029589,15.8025187795199));
#9759=CARTESIAN_POINT('',(-20.,4.51434713778726,14.8025287954472));
#9760=CARTESIAN_POINT('',(-19.6,4.51434713778726,14.8025287954472));
#9761=CARTESIAN_POINT('',(-20.,4.51434713778726,14.8025287954473));
#9762=CARTESIAN_POINT('Origin',(-19.6,4.99483911475183,15.5065898869192));
#9763=CARTESIAN_POINT('',(-20.,4.99483911475183,15.5065898869192));
#9764=CARTESIAN_POINT('',(-20.,4.70349709193714,15.5223431612352));
#9765=CARTESIAN_POINT('',(-19.6,4.99483911475183,15.5065898869192));
#9766=CARTESIAN_POINT('Ctrl Pts',(-19.6,5.04351348976387,15.6050344374804));
#9767=CARTESIAN_POINT('Ctrl Pts',(-20.,5.04351348976387,15.6050344374804));
#9768=CARTESIAN_POINT('Ctrl Pts',(-19.6,5.0320114115004,15.5923142203182));
#9769=CARTESIAN_POINT('Ctrl Pts',(-20.,5.0320114115004,15.5923142203182));
#9770=CARTESIAN_POINT('Ctrl Pts',(-19.6,5.00661708916083,15.5642304873224));
#9771=CARTESIAN_POINT('Ctrl Pts',(-20.,5.00661708916083,15.5642304873224));
#9772=CARTESIAN_POINT('Ctrl Pts',(-19.6,4.99900396065566,15.5269723576351));
#9773=CARTESIAN_POINT('Ctrl Pts',(-20.,4.99900396065566,15.5269723576351));
#9774=CARTESIAN_POINT('Ctrl Pts',(-19.6,4.99483911475183,15.5065898869192));
#9775=CARTESIAN_POINT('Ctrl Pts',(-20.,4.99483911475183,15.5065898869192));
#9776=CARTESIAN_POINT('',(-20.,5.04351348976387,15.6050344374804));
#9777=CARTESIAN_POINT('Ctrl Pts',(-20.,5.04351348976387,15.6050344374804));
#9778=CARTESIAN_POINT('Ctrl Pts',(-20.,5.0320114115004,15.5923142203182));
#9779=CARTESIAN_POINT('Ctrl Pts',(-20.,5.00661708916083,15.5642304873224));
#9780=CARTESIAN_POINT('Ctrl Pts',(-20.,4.99900396065566,15.5269723576351));
#9781=CARTESIAN_POINT('Ctrl Pts',(-20.,4.99483911475183,15.5065898869192));
#9782=CARTESIAN_POINT('',(-19.6,5.04351348976387,15.6050344374804));
#9783=CARTESIAN_POINT('Ctrl Pts',(-19.6,5.14569476609602,15.6361865120427));
#9784=CARTESIAN_POINT('Ctrl Pts',(-20.,5.14569476609602,15.6361865120427));
#9785=CARTESIAN_POINT('Ctrl Pts',(-19.6,5.12569737797814,15.6353104435239));
#9786=CARTESIAN_POINT('Ctrl Pts',(-20.,5.12569737797814,15.6353104435239));
#9787=CARTESIAN_POINT('Ctrl Pts',(-19.6,5.08881933111117,15.6336948477418));
#9788=CARTESIAN_POINT('Ctrl Pts',(-20.,5.08881933111117,15.6336948477418));
#9789=CARTESIAN_POINT('Ctrl Pts',(-19.6,5.05773988227759,15.614034032982));
#9790=CARTESIAN_POINT('Ctrl Pts',(-20.,5.05773988227759,15.614034032982));
#9791=CARTESIAN_POINT('Ctrl Pts',(-19.6,5.04351348976387,15.6050344374804));
#9792=CARTESIAN_POINT('Ctrl Pts',(-20.,5.04351348976387,15.6050344374804));
#9793=CARTESIAN_POINT('',(-20.,5.14569476609602,15.6361865120427));
#9794=CARTESIAN_POINT('Ctrl Pts',(-20.,5.14569476609602,15.6361865120427));
#9795=CARTESIAN_POINT('Ctrl Pts',(-20.,5.12569737797814,15.6353104435239));
#9796=CARTESIAN_POINT('Ctrl Pts',(-20.,5.08881933111117,15.6336948477418));
#9797=CARTESIAN_POINT('Ctrl Pts',(-20.,5.05773988227759,15.614034032982));
#9798=CARTESIAN_POINT('Ctrl Pts',(-20.,5.04351348976387,15.6050344374804));
#9799=CARTESIAN_POINT('',(-19.6,5.14569476609602,15.6361865120427));
#9800=CARTESIAN_POINT('Ctrl Pts',(-19.6,5.22697063095906,15.6133567986339));
#9801=CARTESIAN_POINT('Ctrl Pts',(-20.,5.22697063095906,15.6133567986339));
#9802=CARTESIAN_POINT('Ctrl Pts',(-19.6,5.21591886633836,15.62005074375));
#9803=CARTESIAN_POINT('Ctrl Pts',(-20.,5.21591886633836,15.62005074375));
#9804=CARTESIAN_POINT('Ctrl Pts',(-19.6,5.19107433681405,15.6350988308907));
#9805=CARTESIAN_POINT('Ctrl Pts',(-20.,5.19107433681405,15.6350988308907));
#9806=CARTESIAN_POINT('Ctrl Pts',(-19.6,5.16189439289722,15.6357982309624));
#9807=CARTESIAN_POINT('Ctrl Pts',(-20.,5.16189439289722,15.6357982309624));
#9808=CARTESIAN_POINT('Ctrl Pts',(-19.6,5.14569476609602,15.6361865120427));
#9809=CARTESIAN_POINT('Ctrl Pts',(-20.,5.14569476609602,15.6361865120427));
#9810=CARTESIAN_POINT('',(-20.,5.22697063095906,15.6133567986339));
#9811=CARTESIAN_POINT('Ctrl Pts',(-20.,5.22697063095906,15.6133567986339));
#9812=CARTESIAN_POINT('Ctrl Pts',(-20.,5.21591886633836,15.62005074375));
#9813=CARTESIAN_POINT('Ctrl Pts',(-20.,5.19107433681405,15.6350988308907));
#9814=CARTESIAN_POINT('Ctrl Pts',(-20.,5.16189439289722,15.6357982309624));
#9815=CARTESIAN_POINT('Ctrl Pts',(-20.,5.14569476609602,15.6361865120427));
#9816=CARTESIAN_POINT('',(-19.6,5.22697063095906,15.6133567986339));
#9817=CARTESIAN_POINT('Ctrl Pts',(-19.6,5.25450213390506,15.5582264932421));
#9818=CARTESIAN_POINT('Ctrl Pts',(-20.,5.25450213390506,15.5582264932421));
#9819=CARTESIAN_POINT('Ctrl Pts',(-19.6,5.25321981244124,15.5687884446983));
#9820=CARTESIAN_POINT('Ctrl Pts',(-20.,5.25321981244124,15.5687884446983));
#9821=CARTESIAN_POINT('Ctrl Pts',(-19.6,5.25059654632002,15.5903952026064));
#9822=CARTESIAN_POINT('Ctrl Pts',(-20.,5.25059654632002,15.5903952026064));
#9823=CARTESIAN_POINT('Ctrl Pts',(-19.6,5.2349623969747,15.6055897470723));
#9824=CARTESIAN_POINT('Ctrl Pts',(-20.,5.2349623969747,15.6055897470723));
#9825=CARTESIAN_POINT('Ctrl Pts',(-19.6,5.22697063095906,15.6133567986339));
#9826=CARTESIAN_POINT('Ctrl Pts',(-20.,5.22697063095906,15.6133567986339));
#9827=CARTESIAN_POINT('',(-20.,5.25450213390506,15.5582264932421));
#9828=CARTESIAN_POINT('Ctrl Pts',(-20.,5.25450213390506,15.5582264932421));
#9829=CARTESIAN_POINT('Ctrl Pts',(-20.,5.25321981244124,15.5687884446983));
#9830=CARTESIAN_POINT('Ctrl Pts',(-20.,5.25059654632002,15.5903952026064));
#9831=CARTESIAN_POINT('Ctrl Pts',(-20.,5.2349623969747,15.6055897470723));
#9832=CARTESIAN_POINT('Ctrl Pts',(-20.,5.22697063095906,15.6133567986339));
#9833=CARTESIAN_POINT('',(-19.6,5.25450213390506,15.5582264932421));
#9834=CARTESIAN_POINT('Ctrl Pts',(-19.6,5.23218383305603,15.5151524175495));
#9835=CARTESIAN_POINT('Ctrl Pts',(-20.,5.23218383305603,15.5151524175495));
#9836=CARTESIAN_POINT('Ctrl Pts',(-19.6,5.2387137814302,15.5214751610704));
#9837=CARTESIAN_POINT('Ctrl Pts',(-20.,5.2387137814302,15.5214751610704));
#9838=CARTESIAN_POINT('Ctrl Pts',(-19.6,5.25102420459842,15.5333949564297));
#9839=CARTESIAN_POINT('Ctrl Pts',(-20.,5.25102420459842,15.5333949564297));
#9840=CARTESIAN_POINT('Ctrl Pts',(-19.6,5.2533908522686,15.5502922230394));
#9841=CARTESIAN_POINT('Ctrl Pts',(-20.,5.2533908522686,15.5502922230394));
#9842=CARTESIAN_POINT('Ctrl Pts',(-19.6,5.25450213390506,15.5582264932421));
#9843=CARTESIAN_POINT('Ctrl Pts',(-20.,5.25450213390506,15.5582264932421));
#9844=CARTESIAN_POINT('',(-20.,5.23218383305603,15.5151524175495));
#9845=CARTESIAN_POINT('Ctrl Pts',(-20.,5.23218383305603,15.5151524175495));
#9846=CARTESIAN_POINT('Ctrl Pts',(-20.,5.2387137814302,15.5214751610704));
#9847=CARTESIAN_POINT('Ctrl Pts',(-20.,5.25102420459842,15.5333949564297));
#9848=CARTESIAN_POINT('Ctrl Pts',(-20.,5.2533908522686,15.5502922230394));
#9849=CARTESIAN_POINT('Ctrl Pts',(-20.,5.25450213390506,15.5582264932421));
#9850=CARTESIAN_POINT('',(-19.6,5.23218383305603,15.5151524175495));
#9851=CARTESIAN_POINT('Ctrl Pts',(-19.6,5.12866576326438,15.4778553361796));
#9852=CARTESIAN_POINT('Ctrl Pts',(-20.,5.12866576326438,15.4778553361796));
#9853=CARTESIAN_POINT('Ctrl Pts',(-19.6,5.15149631740616,15.4824001848822));
#9854=CARTESIAN_POINT('Ctrl Pts',(-20.,5.15149631740616,15.4824001848822));
#9855=CARTESIAN_POINT('Ctrl Pts',(-19.6,5.18802369936076,15.4896716432731));
#9856=CARTESIAN_POINT('Ctrl Pts',(-20.,5.18802369936076,15.4896716432731));
#9857=CARTESIAN_POINT('Ctrl Pts',(-19.6,5.22014076159276,15.5082034624655));
#9858=CARTESIAN_POINT('Ctrl Pts',(-20.,5.22014076159276,15.5082034624655));
#9859=CARTESIAN_POINT('Ctrl Pts',(-19.6,5.23218383305603,15.5151524175495));
#9860=CARTESIAN_POINT('Ctrl Pts',(-20.,5.23218383305603,15.5151524175495));
#9861=CARTESIAN_POINT('',(-20.,5.12866576326438,15.4778553361796));
#9862=CARTESIAN_POINT('Ctrl Pts',(-20.,5.12866576326438,15.4778553361796));
#9863=CARTESIAN_POINT('Ctrl Pts',(-20.,5.15149631740616,15.4824001848822));
#9864=CARTESIAN_POINT('Ctrl Pts',(-20.,5.18802369936076,15.4896716432731));
#9865=CARTESIAN_POINT('Ctrl Pts',(-20.,5.22014076159276,15.5082034624655));
#9866=CARTESIAN_POINT('Ctrl Pts',(-20.,5.23218383305603,15.5151524175495));
#9867=CARTESIAN_POINT('',(-19.6,5.12866576326438,15.4778553361796));
#9868=CARTESIAN_POINT('Ctrl Pts',(-19.6,4.83915988120038,15.3878857542252));
#9869=CARTESIAN_POINT('Ctrl Pts',(-20.,4.83915988120038,15.3878857542252));
#9870=CARTESIAN_POINT('Ctrl Pts',(-19.6,4.87749275400532,15.4039157133509));
#9871=CARTESIAN_POINT('Ctrl Pts',(-20.,4.87749275400532,15.4039157133509));
#9872=CARTESIAN_POINT('Ctrl Pts',(-19.6,4.97104814268688,15.4430385065783));
#9873=CARTESIAN_POINT('Ctrl Pts',(-20.,4.97104814268688,15.4430385065783));
#9874=CARTESIAN_POINT('Ctrl Pts',(-19.6,5.07016217309335,15.464932228201));
#9875=CARTESIAN_POINT('Ctrl Pts',(-20.,5.07016217309335,15.464932228201));
#9876=CARTESIAN_POINT('Ctrl Pts',(-19.6,5.12866576326438,15.4778553361796));
#9877=CARTESIAN_POINT('Ctrl Pts',(-20.,5.12866576326438,15.4778553361796));
#9878=CARTESIAN_POINT('',(-20.,4.83915988120038,15.3878857542252));
#9879=CARTESIAN_POINT('Ctrl Pts',(-20.,4.83915988120038,15.3878857542252));
#9880=CARTESIAN_POINT('Ctrl Pts',(-20.,4.87749275400532,15.4039157133509));
#9881=CARTESIAN_POINT('Ctrl Pts',(-20.,4.97104814268688,15.4430385065783));
#9882=CARTESIAN_POINT('Ctrl Pts',(-20.,5.07016217309335,15.464932228201));
#9883=CARTESIAN_POINT('Ctrl Pts',(-20.,5.12866576326438,15.4778553361796));
#9884=CARTESIAN_POINT('',(-19.6,4.83915988120038,15.3878857542252));
#9885=CARTESIAN_POINT('Ctrl Pts',(-19.6,4.7120961491412,15.2768130185616));
#9886=CARTESIAN_POINT('Ctrl Pts',(-20.,4.7120961491412,15.2768130185616));
#9887=CARTESIAN_POINT('Ctrl Pts',(-19.6,4.7280559038235,15.2984437162912));
#9888=CARTESIAN_POINT('Ctrl Pts',(-20.,4.7280559038235,15.2984437162912));
#9889=CARTESIAN_POINT('Ctrl Pts',(-19.6,4.76218630373253,15.3447015929642));
#9890=CARTESIAN_POINT('Ctrl Pts',(-20.,4.76218630373253,15.3447015929642));
#9891=CARTESIAN_POINT('Ctrl Pts',(-19.6,4.81241740283555,15.3728825344683));
#9892=CARTESIAN_POINT('Ctrl Pts',(-20.,4.81241740283555,15.3728825344683));
#9893=CARTESIAN_POINT('Ctrl Pts',(-19.6,4.83915988120038,15.3878857542252));
#9894=CARTESIAN_POINT('Ctrl Pts',(-20.,4.83915988120038,15.3878857542252));
#9895=CARTESIAN_POINT('',(-20.,4.7120961491412,15.2768130185616));
#9896=CARTESIAN_POINT('Ctrl Pts',(-20.,4.7120961491412,15.2768130185616));
#9897=CARTESIAN_POINT('Ctrl Pts',(-20.,4.7280559038235,15.2984437162912));
#9898=CARTESIAN_POINT('Ctrl Pts',(-20.,4.76218630373253,15.3447015929642));
#9899=CARTESIAN_POINT('Ctrl Pts',(-20.,4.81241740283555,15.3728825344683));
#9900=CARTESIAN_POINT('Ctrl Pts',(-20.,4.83915988120038,15.3878857542252));
#9901=CARTESIAN_POINT('',(-19.6,4.7120961491412,15.2768130185616));
#9902=CARTESIAN_POINT('Ctrl Pts',(-19.6,4.6725115717413,15.1286130260724));
#9903=CARTESIAN_POINT('Ctrl Pts',(-20.,4.6725115717413,15.1286130260724));
#9904=CARTESIAN_POINT('Ctrl Pts',(-19.6,4.67396997609899,15.1550846292732));
#9905=CARTESIAN_POINT('Ctrl Pts',(-20.,4.67396997609899,15.1550846292732));
#9906=CARTESIAN_POINT('Ctrl Pts',(-19.6,4.67684469405335,15.2072638432208));
#9907=CARTESIAN_POINT('Ctrl Pts',(-20.,4.67684469405335,15.2072638432208));
#9908=CARTESIAN_POINT('Ctrl Pts',(-19.6,4.70046092470869,15.2538573629108));
#9909=CARTESIAN_POINT('Ctrl Pts',(-20.,4.70046092470869,15.2538573629108));
#9910=CARTESIAN_POINT('Ctrl Pts',(-19.6,4.7120961491412,15.2768130185616));
#9911=CARTESIAN_POINT('Ctrl Pts',(-20.,4.7120961491412,15.2768130185616));
#9912=CARTESIAN_POINT('',(-20.,4.6725115717413,15.1286130260724));
#9913=CARTESIAN_POINT('Ctrl Pts',(-20.,4.6725115717413,15.1286130260724));
#9914=CARTESIAN_POINT('Ctrl Pts',(-20.,4.67396997609899,15.1550846292732));
#9915=CARTESIAN_POINT('Ctrl Pts',(-20.,4.67684469405335,15.2072638432208));
#9916=CARTESIAN_POINT('Ctrl Pts',(-20.,4.70046092470869,15.2538573629108));
#9917=CARTESIAN_POINT('Ctrl Pts',(-20.,4.7120961491412,15.2768130185616));
#9918=CARTESIAN_POINT('',(-19.6,4.6725115717413,15.1286130260724));
#9919=CARTESIAN_POINT('Ctrl Pts',(-19.6,4.72650839135387,14.9514988927477));
#9920=CARTESIAN_POINT('Ctrl Pts',(-20.,4.72650839135387,14.9514988927477));
#9921=CARTESIAN_POINT('Ctrl Pts',(-19.6,4.71086683436859,14.9790735087974));
#9922=CARTESIAN_POINT('Ctrl Pts',(-20.,4.71086683436859,14.9790735087974));
#9923=CARTESIAN_POINT('Ctrl Pts',(-19.6,4.67965912994731,15.0340898008466));
#9924=CARTESIAN_POINT('Ctrl Pts',(-20.,4.67965912994731,15.0340898008466));
#9925=CARTESIAN_POINT('Ctrl Pts',(-19.6,4.67489025000756,15.0971560816137));
#9926=CARTESIAN_POINT('Ctrl Pts',(-20.,4.67489025000756,15.0971560816137));
#9927=CARTESIAN_POINT('Ctrl Pts',(-19.6,4.6725115717413,15.1286130260724));
#9928=CARTESIAN_POINT('Ctrl Pts',(-20.,4.6725115717413,15.1286130260724));
#9929=CARTESIAN_POINT('',(-20.,4.72650839135387,14.9514988927477));
#9930=CARTESIAN_POINT('Ctrl Pts',(-20.,4.72650839135387,14.9514988927477));
#9931=CARTESIAN_POINT('Ctrl Pts',(-20.,4.71086683436859,14.9790735087974));
#9932=CARTESIAN_POINT('Ctrl Pts',(-20.,4.67965912994731,15.0340898008466));
#9933=CARTESIAN_POINT('Ctrl Pts',(-20.,4.67489025000756,15.0971560816137));
#9934=CARTESIAN_POINT('Ctrl Pts',(-20.,4.6725115717413,15.1286130260724));
#9935=CARTESIAN_POINT('',(-19.6,4.72650839135387,14.9514988927477));
#9936=CARTESIAN_POINT('Ctrl Pts',(-19.6,4.87576190814847,14.8286983319906));
#9937=CARTESIAN_POINT('Ctrl Pts',(-20.,4.87576190814847,14.8286983319906));
#9938=CARTESIAN_POINT('Ctrl Pts',(-19.6,4.84580396270968,14.8440092176231));
#9939=CARTESIAN_POINT('Ctrl Pts',(-20.,4.84580396270968,14.8440092176231));
#9940=CARTESIAN_POINT('Ctrl Pts',(-19.6,4.78703411054027,14.8740452722332));
#9941=CARTESIAN_POINT('Ctrl Pts',(-20.,4.78703411054027,14.8740452722332));
#9942=CARTESIAN_POINT('Ctrl Pts',(-19.6,4.74641963083917,14.9260188553719));
#9943=CARTESIAN_POINT('Ctrl Pts',(-20.,4.74641963083917,14.9260188553719));
#9944=CARTESIAN_POINT('Ctrl Pts',(-19.6,4.72650839135387,14.9514988927477));
#9945=CARTESIAN_POINT('Ctrl Pts',(-20.,4.72650839135387,14.9514988927477));
#9946=CARTESIAN_POINT('',(-20.,4.87576190814847,14.8286983319906));
#9947=CARTESIAN_POINT('Ctrl Pts',(-20.,4.87576190814847,14.8286983319906));
#9948=CARTESIAN_POINT('Ctrl Pts',(-20.,4.84580396270968,14.8440092176231));
#9949=CARTESIAN_POINT('Ctrl Pts',(-20.,4.78703411054027,14.8740452722332));
#9950=CARTESIAN_POINT('Ctrl Pts',(-20.,4.74641963083917,14.9260188553719));
#9951=CARTESIAN_POINT('Ctrl Pts',(-20.,4.72650839135387,14.9514988927477));
#9952=CARTESIAN_POINT('',(-19.6,4.87576190814847,14.8286983319906));
#9953=CARTESIAN_POINT('Ctrl Pts',(-19.6,5.11673647872252,14.7881635362532));
#9954=CARTESIAN_POINT('Ctrl Pts',(-20.,5.11673647872252,14.7881635362532));
#9955=CARTESIAN_POINT('Ctrl Pts',(-19.6,5.07201348648362,14.7890257603255));
#9956=CARTESIAN_POINT('Ctrl Pts',(-20.,5.07201348648362,14.7890257603255));
#9957=CARTESIAN_POINT('Ctrl Pts',(-19.6,4.98957668922154,14.79061507686));
#9958=CARTESIAN_POINT('Ctrl Pts',(-20.,4.98957668922154,14.79061507686));
#9959=CARTESIAN_POINT('Ctrl Pts',(-19.6,4.91148697635874,14.8167444638341));
#9960=CARTESIAN_POINT('Ctrl Pts',(-20.,4.91148697635874,14.8167444638341));
#9961=CARTESIAN_POINT('Ctrl Pts',(-19.6,4.87576190814847,14.8286983319906));
#9962=CARTESIAN_POINT('Ctrl Pts',(-20.,4.87576190814847,14.8286983319906));
#9963=CARTESIAN_POINT('',(-20.,5.11673647872252,14.7881635362532));
#9964=CARTESIAN_POINT('Ctrl Pts',(-20.,5.11673647872252,14.7881635362532));
#9965=CARTESIAN_POINT('Ctrl Pts',(-20.,5.07201348648362,14.7890257603255));
#9966=CARTESIAN_POINT('Ctrl Pts',(-20.,4.98957668922154,14.79061507686));
#9967=CARTESIAN_POINT('Ctrl Pts',(-20.,4.91148697635874,14.8167444638341));
#9968=CARTESIAN_POINT('Ctrl Pts',(-20.,4.87576190814847,14.8286983319906));
#9969=CARTESIAN_POINT('',(-19.6,5.11673647872252,14.7881635362532));
#9970=CARTESIAN_POINT('Ctrl Pts',(-19.6,5.46963708422065,14.8879656635682));
#9971=CARTESIAN_POINT('Ctrl Pts',(-20.,5.46963708422065,14.8879656635682));
#9972=CARTESIAN_POINT('Ctrl Pts',(-19.6,5.42516679926931,14.8593075594828));
#9973=CARTESIAN_POINT('Ctrl Pts',(-20.,5.42516679926931,14.8593075594828));
#9974=CARTESIAN_POINT('Ctrl Pts',(-19.6,5.31873464697465,14.7907192043188));
#9975=CARTESIAN_POINT('Ctrl Pts',(-20.,5.31873464697465,14.7907192043188));
#9976=CARTESIAN_POINT('Ctrl Pts',(-19.6,5.19106324954098,14.7891039138628));
#9977=CARTESIAN_POINT('Ctrl Pts',(-20.,5.19106324954098,14.7891039138628));
#9978=CARTESIAN_POINT('Ctrl Pts',(-19.6,5.11673647872252,14.7881635362532));
#9979=CARTESIAN_POINT('Ctrl Pts',(-20.,5.11673647872252,14.7881635362532));
#9980=CARTESIAN_POINT('Ctrl Pts',(-20.,5.46963708422065,14.8879656635682));
#9981=CARTESIAN_POINT('Ctrl Pts',(-20.,5.42516679926931,14.8593075594828));
#9982=CARTESIAN_POINT('Ctrl Pts',(-20.,5.31873464697465,14.7907192043188));
#9983=CARTESIAN_POINT('Ctrl Pts',(-20.,5.19106324954098,14.7891039138628));
#9984=CARTESIAN_POINT('Ctrl Pts',(-20.,5.11673647872252,14.7881635362532));
#9985=CARTESIAN_POINT('Origin',(-20.,4.58581382975985,15.3052161112176));
#9986=CARTESIAN_POINT('Origin',(-19.6,4.20433255868295,15.0282964812922));
#9987=CARTESIAN_POINT('',(-19.6,4.20189439991112,15.5746757931057));
#9988=CARTESIAN_POINT('',(-19.6,4.20433255868295,15.0282964812922));
#9989=CARTESIAN_POINT('',(-19.6,4.2155543941604,12.5135386991933));
#9990=CARTESIAN_POINT('',(-20.,4.20189439991112,15.5746757931057));
#9991=CARTESIAN_POINT('',(-19.6,4.20189439991112,15.5746757931057));
#9992=CARTESIAN_POINT('',(-20.,4.20433255868295,15.0282964812922));
#9993=CARTESIAN_POINT('',(-20.,4.20189439991112,15.5746757931057));
#9994=CARTESIAN_POINT('',(-19.6,4.20433255868295,15.0282964812922));
#9995=CARTESIAN_POINT('Origin',(-19.6,4.12861693623505,15.0279586084902));
#9996=CARTESIAN_POINT('',(-19.6,4.12861693623505,15.0279586084902));
#9997=CARTESIAN_POINT('',(-19.6,4.30308666616772,15.0287371608498));
#9998=CARTESIAN_POINT('',(-20.,4.12861693623505,15.0279586084902));
#9999=CARTESIAN_POINT('',(-20.,4.20433255868295,15.0282964812922));
#10000=CARTESIAN_POINT('',(-19.6,4.12861693623505,15.0279586084902));
#10001=CARTESIAN_POINT('Ctrl Pts',(-19.6,3.99073410211152,15.0484894715734));
#10002=CARTESIAN_POINT('Ctrl Pts',(-20.,3.99073410211152,15.0484894715734));
#10003=CARTESIAN_POINT('Ctrl Pts',(-19.6,4.00892038822939,15.0424536591561));
#10004=CARTESIAN_POINT('Ctrl Pts',(-20.,4.00892038822939,15.0424536591561));
#10005=CARTESIAN_POINT('Ctrl Pts',(-19.6,4.05353119079172,15.0276478634974));
#10006=CARTESIAN_POINT('Ctrl Pts',(-20.,4.05353119079172,15.0276478634974));
#10007=CARTESIAN_POINT('Ctrl Pts',(-19.6,4.10068569663546,15.0278430140748));
#10008=CARTESIAN_POINT('Ctrl Pts',(-20.,4.10068569663546,15.0278430140748));
#10009=CARTESIAN_POINT('Ctrl Pts',(-19.6,4.12861693623505,15.0279586084902));
#10010=CARTESIAN_POINT('Ctrl Pts',(-20.,4.12861693623505,15.0279586084902));
#10011=CARTESIAN_POINT('',(-19.6,3.99073410211152,15.0484894715734));
#10012=CARTESIAN_POINT('Ctrl Pts',(-19.6,4.12861693623505,15.0279586084902));
#10013=CARTESIAN_POINT('Ctrl Pts',(-19.6,4.10068569663546,15.0278430140748));
#10014=CARTESIAN_POINT('Ctrl Pts',(-19.6,4.05353119079172,15.0276478634974));
#10015=CARTESIAN_POINT('Ctrl Pts',(-19.6,4.00892038822939,15.0424536591561));
#10016=CARTESIAN_POINT('Ctrl Pts',(-19.6,3.99073410211152,15.0484894715734));
#10017=CARTESIAN_POINT('',(-20.,3.99073410211152,15.0484894715734));
#10018=CARTESIAN_POINT('Ctrl Pts',(-20.,3.99073410211152,15.0484894715734));
#10019=CARTESIAN_POINT('Ctrl Pts',(-20.,4.00892038822939,15.0424536591561));
#10020=CARTESIAN_POINT('Ctrl Pts',(-20.,4.05353119079172,15.0276478634974));
#10021=CARTESIAN_POINT('Ctrl Pts',(-20.,4.10068569663546,15.0278430140748));
#10022=CARTESIAN_POINT('Ctrl Pts',(-20.,4.12861693623505,15.0279586084902));
#10023=CARTESIAN_POINT('',(-19.6,3.99073410211152,15.0484894715734));
#10024=CARTESIAN_POINT('Ctrl Pts',(-19.6,3.92627991850125,15.1232365019193));
#10025=CARTESIAN_POINT('Ctrl Pts',(-20.,3.92627991850125,15.1232365019193));
#10026=CARTESIAN_POINT('Ctrl Pts',(-19.6,3.93436009768291,15.1071040079677));
#10027=CARTESIAN_POINT('Ctrl Pts',(-20.,3.93436009768291,15.1071040079677));
#10028=CARTESIAN_POINT('Ctrl Pts',(-19.6,3.94959588363397,15.0766849765111));
#10029=CARTESIAN_POINT('Ctrl Pts',(-20.,3.94959588363397,15.0766849765111));
#10030=CARTESIAN_POINT('Ctrl Pts',(-19.6,3.97758758111152,15.0574998957358));
#10031=CARTESIAN_POINT('Ctrl Pts',(-20.,3.97758758111152,15.0574998957358));
#10032=CARTESIAN_POINT('Ctrl Pts',(-19.6,3.99073410211152,15.0484894715734));
#10033=CARTESIAN_POINT('Ctrl Pts',(-20.,3.99073410211152,15.0484894715734));
#10034=CARTESIAN_POINT('',(-19.6,3.92627991850125,15.1232365019193));
#10035=CARTESIAN_POINT('Ctrl Pts',(-19.6,3.99073410211152,15.0484894715734));
#10036=CARTESIAN_POINT('Ctrl Pts',(-19.6,3.97758758111152,15.0574998957358));
#10037=CARTESIAN_POINT('Ctrl Pts',(-19.6,3.94959588363397,15.0766849765111));
#10038=CARTESIAN_POINT('Ctrl Pts',(-19.6,3.93436009768291,15.1071040079677));
#10039=CARTESIAN_POINT('Ctrl Pts',(-19.6,3.92627991850125,15.1232365019193));
#10040=CARTESIAN_POINT('',(-20.,3.92627991850125,15.1232365019193));
#10041=CARTESIAN_POINT('Ctrl Pts',(-20.,3.92627991850125,15.1232365019193));
#10042=CARTESIAN_POINT('Ctrl Pts',(-20.,3.93436009768291,15.1071040079677));
#10043=CARTESIAN_POINT('Ctrl Pts',(-20.,3.94959588363397,15.0766849765111));
#10044=CARTESIAN_POINT('Ctrl Pts',(-20.,3.97758758111152,15.0574998957358));
#10045=CARTESIAN_POINT('Ctrl Pts',(-20.,3.99073410211152,15.0484894715734));
#10046=CARTESIAN_POINT('',(-19.6,3.92627991850125,15.1232365019193));
#10047=CARTESIAN_POINT('Ctrl Pts',(-19.6,3.90231149109074,15.2970740219754));
#10048=CARTESIAN_POINT('Ctrl Pts',(-20.,3.90231149109074,15.2970740219754));
#10049=CARTESIAN_POINT('Ctrl Pts',(-19.6,3.90253062081878,15.2622896987324));
#10050=CARTESIAN_POINT('Ctrl Pts',(-20.,3.90253062081878,15.2622896987324));
#10051=CARTESIAN_POINT('Ctrl Pts',(-19.6,3.90290308467953,15.2031653460268));
#10052=CARTESIAN_POINT('Ctrl Pts',(-20.,3.90290308467953,15.2031653460268));
#10053=CARTESIAN_POINT('Ctrl Pts',(-19.6,3.91946272523652,15.1465454915739));
#10054=CARTESIAN_POINT('Ctrl Pts',(-20.,3.91946272523652,15.1465454915739));
#10055=CARTESIAN_POINT('Ctrl Pts',(-19.6,3.92627991850125,15.1232365019193));
#10056=CARTESIAN_POINT('Ctrl Pts',(-20.,3.92627991850125,15.1232365019193));
#10057=CARTESIAN_POINT('',(-19.6,3.90231149109074,15.2970740219754));
#10058=CARTESIAN_POINT('Ctrl Pts',(-19.6,3.92627991850125,15.1232365019193));
#10059=CARTESIAN_POINT('Ctrl Pts',(-19.6,3.91946272523652,15.1465454915739));
#10060=CARTESIAN_POINT('Ctrl Pts',(-19.6,3.90290308467953,15.2031653460268));
#10061=CARTESIAN_POINT('Ctrl Pts',(-19.6,3.90253062081878,15.2622896987324));
#10062=CARTESIAN_POINT('Ctrl Pts',(-19.6,3.90231149109074,15.2970740219754));
#10063=CARTESIAN_POINT('',(-20.,3.90231149109074,15.2970740219754));
#10064=CARTESIAN_POINT('Ctrl Pts',(-20.,3.90231149109074,15.2970740219754));
#10065=CARTESIAN_POINT('Ctrl Pts',(-20.,3.90253062081878,15.2622896987324));
#10066=CARTESIAN_POINT('Ctrl Pts',(-20.,3.90290308467953,15.2031653460268));
#10067=CARTESIAN_POINT('Ctrl Pts',(-20.,3.91946272523652,15.1465454915739));
#10068=CARTESIAN_POINT('Ctrl Pts',(-20.,3.92627991850125,15.1232365019193));
#10069=CARTESIAN_POINT('',(-19.6,3.90231149109074,15.2970740219754));
#10070=CARTESIAN_POINT('Ctrl Pts',(-19.6,3.95318170848073,15.5149021660481));
#10071=CARTESIAN_POINT('Ctrl Pts',(-20.,3.95318170848073,15.5149021660481));
#10072=CARTESIAN_POINT('Ctrl Pts',(-19.6,3.93830938202504,15.4874784392081));
#10073=CARTESIAN_POINT('Ctrl Pts',(-20.,3.93830938202504,15.4874784392081));
#10074=CARTESIAN_POINT('Ctrl Pts',(-19.6,3.90177042298735,15.4201026702152));
#10075=CARTESIAN_POINT('Ctrl Pts',(-20.,3.90177042298735,15.4201026702152));
#10076=CARTESIAN_POINT('Ctrl Pts',(-19.6,3.90211008219734,15.3428705931346));
#10077=CARTESIAN_POINT('Ctrl Pts',(-20.,3.90211008219734,15.3428705931346));
#10078=CARTESIAN_POINT('Ctrl Pts',(-19.6,3.90231149109074,15.2970740219754));
#10079=CARTESIAN_POINT('Ctrl Pts',(-20.,3.90231149109074,15.2970740219754));
#10080=CARTESIAN_POINT('',(-19.6,3.95318170848073,15.5149021660481));
#10081=CARTESIAN_POINT('Ctrl Pts',(-19.6,3.90231149109074,15.2970740219754));
#10082=CARTESIAN_POINT('Ctrl Pts',(-19.6,3.90211008219734,15.3428705931346));
#10083=CARTESIAN_POINT('Ctrl Pts',(-19.6,3.90177042298735,15.4201026702152));
#10084=CARTESIAN_POINT('Ctrl Pts',(-19.6,3.93830938202504,15.4874784392081));
#10085=CARTESIAN_POINT('Ctrl Pts',(-19.6,3.95318170848073,15.5149021660481));
#10086=CARTESIAN_POINT('',(-20.,3.95318170848073,15.5149021660481));
#10087=CARTESIAN_POINT('Ctrl Pts',(-20.,3.95318170848073,15.5149021660481));
#10088=CARTESIAN_POINT('Ctrl Pts',(-20.,3.93830938202504,15.4874784392081));
#10089=CARTESIAN_POINT('Ctrl Pts',(-20.,3.90177042298735,15.4201026702152));
#10090=CARTESIAN_POINT('Ctrl Pts',(-20.,3.90211008219734,15.3428705931346));
#10091=CARTESIAN_POINT('Ctrl Pts',(-20.,3.90231149109074,15.2970740219754));
#10092=CARTESIAN_POINT('',(-19.6,3.95318170848073,15.5149021660481));
#10093=CARTESIAN_POINT('Ctrl Pts',(-19.6,4.12481444072822,15.5743318320981));
#10094=CARTESIAN_POINT('Ctrl Pts',(-20.,4.12481444072822,15.5743318320981));
#10095=CARTESIAN_POINT('Ctrl Pts',(-19.6,4.08905611131575,15.5731412925579));
#10096=CARTESIAN_POINT('Ctrl Pts',(-20.,4.08905611131575,15.5731412925579));
#10097=CARTESIAN_POINT('Ctrl Pts',(-19.6,4.02520214549814,15.5710153355474));
#10098=CARTESIAN_POINT('Ctrl Pts',(-20.,4.02520214549814,15.5710153355474));
#10099=CARTESIAN_POINT('Ctrl Pts',(-19.6,3.97518789407878,15.5320478107239));
#10100=CARTESIAN_POINT('Ctrl Pts',(-20.,3.97518789407878,15.5320478107239));
#10101=CARTESIAN_POINT('Ctrl Pts',(-19.6,3.95318170848073,15.5149021660481));
#10102=CARTESIAN_POINT('Ctrl Pts',(-20.,3.95318170848073,15.5149021660481));
#10103=CARTESIAN_POINT('',(-19.6,4.12481444072822,15.5743318320981));
#10104=CARTESIAN_POINT('Ctrl Pts',(-19.6,3.95318170848073,15.5149021660481));
#10105=CARTESIAN_POINT('Ctrl Pts',(-19.6,3.97518789407878,15.5320478107239));
#10106=CARTESIAN_POINT('Ctrl Pts',(-19.6,4.02520214549814,15.5710153355474));
#10107=CARTESIAN_POINT('Ctrl Pts',(-19.6,4.08905611131575,15.5731412925579));
#10108=CARTESIAN_POINT('Ctrl Pts',(-19.6,4.12481444072822,15.5743318320981));
#10109=CARTESIAN_POINT('',(-20.,4.12481444072822,15.5743318320981));
#10110=CARTESIAN_POINT('Ctrl Pts',(-20.,4.12481444072822,15.5743318320981));
#10111=CARTESIAN_POINT('Ctrl Pts',(-20.,4.08905611131575,15.5731412925579));
#10112=CARTESIAN_POINT('Ctrl Pts',(-20.,4.02520214549814,15.5710153355474));
#10113=CARTESIAN_POINT('Ctrl Pts',(-20.,3.97518789407878,15.5320478107239));
#10114=CARTESIAN_POINT('Ctrl Pts',(-20.,3.95318170848073,15.5149021660481));
#10115=CARTESIAN_POINT('',(-19.6,4.12481444072822,15.5743318320981));
#10116=CARTESIAN_POINT('Origin',(-19.6,4.20189439991112,15.5746757931057));
#10117=CARTESIAN_POINT('',(-19.6,4.33850631861983,15.5752854090643));
#10118=CARTESIAN_POINT('',(-20.,4.12481444072822,15.5743318320981));
#10119=CARTESIAN_POINT('Ctrl Pts',(-19.6,3.62986437712107,15.0530181708433));
#10120=CARTESIAN_POINT('Ctrl Pts',(-20.,3.62986437712107,15.0530181708433));
#10121=CARTESIAN_POINT('Ctrl Pts',(-19.6,3.61900868498899,15.0882586115155));
#10122=CARTESIAN_POINT('Ctrl Pts',(-20.,3.61900868498899,15.0882586115155));
#10123=CARTESIAN_POINT('Ctrl Pts',(-19.6,3.59408441513618,15.1691693671228));
#10124=CARTESIAN_POINT('Ctrl Pts',(-20.,3.59408441513618,15.1691693671228));
#10125=CARTESIAN_POINT('Ctrl Pts',(-19.6,3.59270024478478,15.253965078533));
#10126=CARTESIAN_POINT('Ctrl Pts',(-20.,3.59270024478478,15.253965078533));
#10127=CARTESIAN_POINT('Ctrl Pts',(-19.6,3.59191894574242,15.3018282682435));
#10128=CARTESIAN_POINT('Ctrl Pts',(-20.,3.59191894574242,15.3018282682435));
#10129=CARTESIAN_POINT('',(-20.,3.62986437712107,15.0530181708433));
#10130=CARTESIAN_POINT('Ctrl Pts',(-20.,3.62986437712107,15.0530181708433));
#10131=CARTESIAN_POINT('Ctrl Pts',(-20.,3.61900868498899,15.0882586115155));
#10132=CARTESIAN_POINT('Ctrl Pts',(-20.,3.59408441513618,15.1691693671228));
#10133=CARTESIAN_POINT('Ctrl Pts',(-20.,3.59270024478478,15.253965078533));
#10134=CARTESIAN_POINT('Ctrl Pts',(-20.,3.59191894574242,15.3018282682435));
#10135=CARTESIAN_POINT('',(-19.6,3.62986437712107,15.0530181708433));
#10136=CARTESIAN_POINT('Ctrl Pts',(-19.6,3.73147896613488,14.905448264411));
#10137=CARTESIAN_POINT('Ctrl Pts',(-20.,3.73147896613488,14.905448264411));
#10138=CARTESIAN_POINT('Ctrl Pts',(-19.6,3.71086591432936,14.9268026737825));
#10139=CARTESIAN_POINT('Ctrl Pts',(-20.,3.71086591432936,14.9268026737825));
#10140=CARTESIAN_POINT('Ctrl Pts',(-19.6,3.66883297137566,14.9703473502037));
#10141=CARTESIAN_POINT('Ctrl Pts',(-20.,3.66883297137566,14.9703473502037));
#10142=CARTESIAN_POINT('Ctrl Pts',(-19.6,3.6430190779149,15.0251108282589));
#10143=CARTESIAN_POINT('Ctrl Pts',(-20.,3.6430190779149,15.0251108282589));
#10144=CARTESIAN_POINT('Ctrl Pts',(-19.6,3.62986437712107,15.0530181708433));
#10145=CARTESIAN_POINT('Ctrl Pts',(-20.,3.62986437712107,15.0530181708433));
#10146=CARTESIAN_POINT('',(-20.,3.73147896613488,14.905448264411));
#10147=CARTESIAN_POINT('Ctrl Pts',(-20.,3.73147896613488,14.905448264411));
#10148=CARTESIAN_POINT('Ctrl Pts',(-20.,3.71086591432936,14.9268026737825));
#10149=CARTESIAN_POINT('Ctrl Pts',(-20.,3.66883297137566,14.9703473502037));
#10150=CARTESIAN_POINT('Ctrl Pts',(-20.,3.6430190779149,15.0251108282589));
#10151=CARTESIAN_POINT('Ctrl Pts',(-20.,3.62986437712107,15.0530181708433));
#10152=CARTESIAN_POINT('',(-19.6,3.73147896613488,14.905448264411));
#10153=CARTESIAN_POINT('Ctrl Pts',(-19.6,3.87098486711244,14.8269433505796));
#10154=CARTESIAN_POINT('Ctrl Pts',(-20.,3.87098486711244,14.8269433505796));
#10155=CARTESIAN_POINT('Ctrl Pts',(-19.6,3.84621267354553,14.8353986682969));
#10156=CARTESIAN_POINT('Ctrl Pts',(-20.,3.84621267354553,14.8353986682969));
#10157=CARTESIAN_POINT('Ctrl Pts',(-19.6,3.7948906661763,14.8529160462805));
#10158=CARTESIAN_POINT('Ctrl Pts',(-20.,3.7948906661763,14.8529160462805));
#10159=CARTESIAN_POINT('Ctrl Pts',(-19.6,3.75309871001219,14.8875377983527));
#10160=CARTESIAN_POINT('Ctrl Pts',(-20.,3.75309871001219,14.8875377983527));
#10161=CARTESIAN_POINT('Ctrl Pts',(-19.6,3.73147896613488,14.905448264411));
#10162=CARTESIAN_POINT('Ctrl Pts',(-20.,3.73147896613488,14.905448264411));
#10163=CARTESIAN_POINT('',(-20.,3.87098486711244,14.8269433505796));
#10164=CARTESIAN_POINT('Ctrl Pts',(-20.,3.87098486711244,14.8269433505796));
#10165=CARTESIAN_POINT('Ctrl Pts',(-20.,3.84621267354553,14.8353986682969));
#10166=CARTESIAN_POINT('Ctrl Pts',(-20.,3.7948906661763,14.8529160462805));
#10167=CARTESIAN_POINT('Ctrl Pts',(-20.,3.75309871001219,14.8875377983527));
#10168=CARTESIAN_POINT('Ctrl Pts',(-20.,3.73147896613488,14.905448264411));
#10169=CARTESIAN_POINT('',(-19.6,3.87098486711244,14.8269433505796));
#10170=CARTESIAN_POINT('Ctrl Pts',(-19.6,4.05527926759825,14.8004802545703));
#10171=CARTESIAN_POINT('Ctrl Pts',(-20.,4.05527926759825,14.8004802545703));
#10172=CARTESIAN_POINT('Ctrl Pts',(-19.6,4.02604203875033,14.8017409081754));
#10173=CARTESIAN_POINT('Ctrl Pts',(-20.,4.02604203875033,14.8017409081754));
#10174=CARTESIAN_POINT('Ctrl Pts',(-19.6,3.9637545770149,14.8044266248553));
#10175=CARTESIAN_POINT('Ctrl Pts',(-20.,3.9637545770149,14.8044266248553));
#10176=CARTESIAN_POINT('Ctrl Pts',(-19.6,3.90314486981976,14.8191375919865));
#10177=CARTESIAN_POINT('Ctrl Pts',(-20.,3.90314486981976,14.8191375919865));
#10178=CARTESIAN_POINT('Ctrl Pts',(-19.6,3.87098486711244,14.8269433505796));
#10179=CARTESIAN_POINT('Ctrl Pts',(-20.,3.87098486711244,14.8269433505796));
#10180=CARTESIAN_POINT('',(-20.,4.05527926759825,14.8004802545703));
#10181=CARTESIAN_POINT('Ctrl Pts',(-20.,4.05527926759825,14.8004802545703));
#10182=CARTESIAN_POINT('Ctrl Pts',(-20.,4.02604203875033,14.8017409081754));
#10183=CARTESIAN_POINT('Ctrl Pts',(-20.,3.9637545770149,14.8044266248553));
#10184=CARTESIAN_POINT('Ctrl Pts',(-20.,3.90314486981976,14.8191375919865));
#10185=CARTESIAN_POINT('Ctrl Pts',(-20.,3.87098486711244,14.8269433505796));
#10186=CARTESIAN_POINT('',(-19.6,4.05527926759825,14.8004802545703));
#10187=CARTESIAN_POINT('Origin',(-19.6,4.51434713778726,14.8025287954472));
#10188=CARTESIAN_POINT('',(-20.,4.05527926759825,14.8004802545703));
#10189=CARTESIAN_POINT('Origin',(-20.,4.58581382975985,15.3052161112176));
#10190=CARTESIAN_POINT('Origin',(-19.6,4.50000006705523,10.0000001490116));
#10191=CARTESIAN_POINT('',(-19.6,1.50000002235174,2.5000000372529));
#10192=CARTESIAN_POINT('',(-19.6,7.50000011175871,2.5000000372529));
#10193=CARTESIAN_POINT('',(-19.6,1.50000002235174,2.5000000372529));
#10194=CARTESIAN_POINT('',(-19.6,1.50000002235174,17.5000002607703));
#10195=CARTESIAN_POINT('',(-19.6,1.50000002235174,17.5000002607703));
#10196=CARTESIAN_POINT('',(-19.6,7.50000011175871,17.5000002607703));
#10197=CARTESIAN_POINT('',(-19.6,7.50000011175871,17.5000002607703));
#10198=CARTESIAN_POINT('',(-19.6,7.50000011175871,2.5000000372529));
#10199=CARTESIAN_POINT('Origin',(-20.,1.50000002235174,17.5000002607703));
#10200=CARTESIAN_POINT('',(-20.,1.50000002235174,17.5000002607703));
#10201=CARTESIAN_POINT('',(-20.,1.50000002235174,2.5000000372529));
#10202=CARTESIAN_POINT('Origin',(-20.,7.50000011175871,17.5000002607703));
#10203=CARTESIAN_POINT('',(-20.,7.50000011175871,17.5000002607703));
#10204=CARTESIAN_POINT('Origin',(-20.,7.50000011175871,2.5000000372529));
#10205=CARTESIAN_POINT('',(-20.,7.50000011175871,2.5000000372529));
#10206=CARTESIAN_POINT('Origin',(-20.,1.50000002235174,2.5000000372529));
#10207=CARTESIAN_POINT('Origin',(-19.6,4.50000006705523,10.0000001490116));
#10208=CARTESIAN_POINT('Origin',(-3.8499999884516,2.05000002980232,21.5499995194375));
#10209=CARTESIAN_POINT('',(-3.20000005960464,2.00000002980232,21.5999995194375));
#10210=CARTESIAN_POINT('',(-3.69999991729856,2.00000002980232,21.5999995194375));
#10211=CARTESIAN_POINT('',(-3.8499999884516,2.00000002980232,21.5999995194375));
#10212=CARTESIAN_POINT('',(-3.69999991729856,2.10000002980232,21.4999995194376));
#10213=CARTESIAN_POINT('',(-3.69999991729856,2.10000002868473,21.4999995205551));
#10214=CARTESIAN_POINT('',(-3.30000005960464,2.10000002980232,21.4999995194376));
#10215=CARTESIAN_POINT('',(-3.8499999884516,2.10000002980232,21.4999995194376));
#10216=CARTESIAN_POINT('',(-3.30000005960464,2.10000002980232,21.4999995194376));
#10217=CARTESIAN_POINT('Origin',(-3.25000005960464,2.00000002980232,21.5499995194375));
#10218=CARTESIAN_POINT('',(-3.30000005960464,5.50000002980232,21.4999995194376));
#10219=CARTESIAN_POINT('',(-3.30000005960464,2.00000002980232,21.4999995194376));
#10220=CARTESIAN_POINT('',(-3.20000005960464,5.50000002980232,21.5999995194375));
#10221=CARTESIAN_POINT('',(-3.33750002486631,5.50000002980232,21.4624995541759));
#10222=CARTESIAN_POINT('',(-3.20000005960464,2.00000002980232,21.5999995194375));
#10223=CARTESIAN_POINT('Origin',(-4.00000005960464,2.00000002980232,20.));
#10224=CARTESIAN_POINT('',(-3.69999991729856,2.00000002980232,21.2999995239079));
#10225=CARTESIAN_POINT('',(-3.69999991729856,2.00000002980232,20.6499997619539));
#10226=CARTESIAN_POINT('',(-3.20000005960464,2.00000002980232,22.));
#10227=CARTESIAN_POINT('',(-3.20000005960464,2.00000002980232,21.));
#10228=CARTESIAN_POINT('',(-4.00000005960464,2.00000002980232,21.2));
#10229=CARTESIAN_POINT('Origin',(-3.20000005960464,2.00000002980232,21.2));
#10230=CARTESIAN_POINT('',(-4.00000005960464,2.00000002980232,20.));
#10231=CARTESIAN_POINT('',(-4.00000005960464,2.00000002980232,20.));
#10232=CARTESIAN_POINT('',(4.00000005960464,2.00000002980232,20.));
#10233=CARTESIAN_POINT('',(-3.25000002980232,2.00000002980232,20.));
#10234=CARTESIAN_POINT('',(4.00000005960464,2.00000002980232,21.2));
#10235=CARTESIAN_POINT('',(4.00000005960464,2.00000002980232,20.));
#10236=CARTESIAN_POINT('',(3.20000005960464,2.00000002980232,22.));
#10237=CARTESIAN_POINT('Origin',(3.20000005960464,2.00000002980232,21.2));
#10238=CARTESIAN_POINT('',(3.20000005960464,2.00000002980232,21.5999995194375));
#10239=CARTESIAN_POINT('',(3.20000005960464,2.00000002980232,21.));
#10240=CARTESIAN_POINT('',(3.69999991729856,2.00000002980232,21.5999995194375));
#10241=CARTESIAN_POINT('',(-0.400000065565109,2.00000002980232,21.5999995194375));
#10242=CARTESIAN_POINT('',(3.69999991729856,2.00000002980232,21.2999995239079));
#10243=CARTESIAN_POINT('',(3.69999991729856,2.00000002980232,20.7499997597188));
#10244=CARTESIAN_POINT('',(3.19999992847443,2.00000002980232,21.2999995239079));
#10245=CARTESIAN_POINT('',(-0.150000071153045,2.00000002980232,21.2999995239079));
#10246=CARTESIAN_POINT('',(3.20000005960464,2.00000002980232,21.2));
#10247=CARTESIAN_POINT('',(3.20000005960464,2.00000002980232,21.));
#10248=CARTESIAN_POINT('',(-3.20000005960464,2.00000002980232,21.2));
#10249=CARTESIAN_POINT('',(-2.00000002980232,2.00000002980232,21.2));
#10250=CARTESIAN_POINT('',(-3.19999992847443,2.00000002980232,21.2999995239079));
#10251=CARTESIAN_POINT('',(-3.20000005960464,2.00000002980232,21.));
#10252=CARTESIAN_POINT('',(-3.59999999403954,2.00000002980232,21.2999995239079));
#10253=CARTESIAN_POINT('Origin',(-3.20000005960464,2.00000002980232,22.));
#10254=CARTESIAN_POINT('',(-3.19999992847443,5.50000002980232,21.2999995239079));
#10255=CARTESIAN_POINT('',(-3.20000005960464,5.50000002980232,21.6999997608364));
#10256=CARTESIAN_POINT('',(-3.20000005960464,2.00000002980232,21.2999995239079));
#10257=CARTESIAN_POINT('',(-3.20000005960464,6.20000010430813,21.2));
#10258=CARTESIAN_POINT('',(-3.20000005960464,5.75000008568168,21.2));
#10259=CARTESIAN_POINT('',(-3.20000005960464,6.20000010430813,22.));
#10260=CARTESIAN_POINT('',(-3.20000005960464,6.20000010430813,22.));
#10261=CARTESIAN_POINT('',(-3.20000005960464,5.75000008568168,22.));
#10262=CARTESIAN_POINT('Origin',(-0.400000065565109,2.05000002980232,21.5499995194375));
#10263=CARTESIAN_POINT('',(3.30000005960464,2.10000002980232,21.4999995194376));
#10264=CARTESIAN_POINT('',(3.69999991729856,2.10000002980232,21.4999995194376));
#10265=CARTESIAN_POINT('',(-0.400000065565109,2.10000002980232,21.4999995194376));
#10266=CARTESIAN_POINT('',(3.69999991729856,2.05000002980232,21.5499995194375));
#10267=CARTESIAN_POINT('',(3.20000005960464,2.00000002980232,21.5999995194375));
#10268=CARTESIAN_POINT('Origin',(3.25000005960464,4.10000006705523,21.5499995194375));
#10269=CARTESIAN_POINT('',(3.20000005960464,5.50000002980232,21.5999995194375));
#10270=CARTESIAN_POINT('',(3.20000005960464,4.10000006705523,21.5999995194375));
#10271=CARTESIAN_POINT('',(3.30000005960464,5.50000002980232,21.4999995194376));
#10272=CARTESIAN_POINT('',(3.33750002486631,5.50000002980232,21.4624995541759));
#10273=CARTESIAN_POINT('',(3.30000005960464,4.10000006705523,21.4999995194376));
#10274=CARTESIAN_POINT('Origin',(3.19999992847443,2.00000002980232,21.4999995194376));
#10275=CARTESIAN_POINT('',(3.69999991729856,5.50000002980232,21.4999995194376));
#10276=CARTESIAN_POINT('',(3.19999992847443,5.50000002980232,21.4999995194376));
#10277=CARTESIAN_POINT('',(3.69999991729856,2.00000002980232,21.4999995194376));
#10278=CARTESIAN_POINT('Origin',(-3.69999991729856,2.00000002980232,21.4999995194376));
#10279=CARTESIAN_POINT('',(-3.69999991729856,5.50000002980232,21.4999995194376));
#10280=CARTESIAN_POINT('',(-3.69999991729856,2.00000002980232,21.4999995194376));
#10281=CARTESIAN_POINT('',(-3.19999992847443,5.50000002980232,21.4999995194376));
#10282=CARTESIAN_POINT('Origin',(-3.69999991729856,2.00000002980232,21.2999995239079));
#10283=CARTESIAN_POINT('',(-3.69999991729856,5.50000002980232,21.2999995239079));
#10284=CARTESIAN_POINT('',(-3.69999991729856,2.00000002980232,21.2999995239079));
#10285=CARTESIAN_POINT('',(-3.69999991729856,5.50000002980232,21.4999995194376));
#10286=CARTESIAN_POINT('Origin',(-3.19999992847443,2.00000002980232,21.2999995239079));
#10287=CARTESIAN_POINT('',(-3.69999991729856,5.50000002980232,21.2999995239079));
#10288=CARTESIAN_POINT('Origin',(-3.44999992288649,5.50000002980232,21.3999995216727));
#10289=CARTESIAN_POINT('Origin',(3.69999991729856,2.00000002980232,21.4999995194376));
#10290=CARTESIAN_POINT('',(3.69999991729856,5.50000002980232,21.2999995239079));
#10291=CARTESIAN_POINT('',(3.69999991729856,5.50000002980232,21.4999995194376));
#10292=CARTESIAN_POINT('',(3.69999991729856,2.00000002980232,21.2999995239079));
#10293=CARTESIAN_POINT('Origin',(3.69999991729856,2.00000002980232,21.2999995239079));
#10294=CARTESIAN_POINT('',(3.19999992847443,5.50000002980232,21.2999995239079));
#10295=CARTESIAN_POINT('',(3.69999991729856,5.50000002980232,21.2999995239079));
#10296=CARTESIAN_POINT('',(3.20000005960464,4.10000006705523,21.2999995239079));
#10297=CARTESIAN_POINT('Origin',(3.44999992288649,5.50000002980232,21.3999995216727));
#10298=CARTESIAN_POINT('',(3.20000005960464,5.50000002980232,21.6999997608364));
#10299=CARTESIAN_POINT('Origin',(3.20000005960464,6.20000010430813,22.));
#10300=CARTESIAN_POINT('',(3.20000005960464,6.20000010430813,22.));
#10301=CARTESIAN_POINT('',(3.20000005960464,3.25000004842877,22.));
#10302=CARTESIAN_POINT('',(3.20000005960464,6.20000010430813,21.2));
#10303=CARTESIAN_POINT('',(3.20000005960464,6.20000010430813,22.));
#10304=CARTESIAN_POINT('',(3.20000005960464,3.25000004842877,21.2));
#10305=CARTESIAN_POINT('Origin',(0.,4.50000006705523,21.2));
#10306=CARTESIAN_POINT('',(2.00000002980232,6.20000010430813,21.2));
#10307=CARTESIAN_POINT('Origin',(-3.20000005960464,6.20000010430813,22.));
#10308=CARTESIAN_POINT('',(2.00000002980232,6.20000010430813,22.));
#10309=CARTESIAN_POINT('Origin',(-3.20000005960464,5.75000008568168,21.2));
#10310=CARTESIAN_POINT('',(-4.00000005960464,7.00000010430813,21.2));
#10311=CARTESIAN_POINT('',(-4.00000005960464,5.75000008568168,21.2));
#10312=CARTESIAN_POINT('Origin',(-3.20000005960464,6.20000010430813,21.2));
#10313=CARTESIAN_POINT('Origin',(2.00000002980232,6.20000010430813,21.2));
#10314=CARTESIAN_POINT('',(4.00000005960464,7.00000010430813,21.2));
#10315=CARTESIAN_POINT('Origin',(3.20000005960464,6.20000010430813,21.2));
#10316=CARTESIAN_POINT('',(2.00000002980232,7.00000010430813,21.2));
#10317=CARTESIAN_POINT('Origin',(3.20000005960464,3.25000004842877,21.2));
#10318=CARTESIAN_POINT('',(4.00000005960464,3.25000004842877,21.2));
#10319=CARTESIAN_POINT('Origin',(-17.0000002533197,7.00000010430813,20.));
#10320=CARTESIAN_POINT('',(-17.0000002533197,3.50000005215406,20.));
#10321=CARTESIAN_POINT('Origin',(4.00000005960464,2.00000002980232,20.));
#10322=CARTESIAN_POINT('',(4.00000005960464,7.00000010430813,20.));
#10323=CARTESIAN_POINT('',(4.00000005960464,1.00000001490116,20.));
#10324=CARTESIAN_POINT('',(4.00000005960464,7.00000010430813,20.));
#10325=CARTESIAN_POINT('Origin',(-4.00000005960464,7.00000010430813,20.));
#10326=CARTESIAN_POINT('',(-4.00000005960464,7.00000010430813,20.));
#10327=CARTESIAN_POINT('',(-4.00000005960464,7.00000010430813,20.));
#10328=CARTESIAN_POINT('',(-4.00000005960464,3.50000005215406,20.));
#10329=CARTESIAN_POINT('Origin',(4.00000005960464,7.00000010430813,20.));
#10330=CARTESIAN_POINT('',(0.750000029802322,7.00000010430813,20.));
#10331=CARTESIAN_POINT('Origin',(13.,1.,18.));
#10332=CARTESIAN_POINT('',(13.,1.,20.));
#10333=CARTESIAN_POINT('Origin',(13.,1.,18.));
#10334=CARTESIAN_POINT('Origin',(13.,1.,18.));
#10335=CARTESIAN_POINT('Origin',(13.,1.,18.));
#10336=CARTESIAN_POINT('Origin',(13.,-5.,18.));
#10337=CARTESIAN_POINT('',(13.,-5.,20.));
#10338=CARTESIAN_POINT('Origin',(13.,8.,2.));
#10339=CARTESIAN_POINT('Origin',(13.,8.,2.));
#10340=CARTESIAN_POINT('',(13.,8.,0.));
#10341=CARTESIAN_POINT('Origin',(13.,8.,2.));
#10342=CARTESIAN_POINT('Origin',(13.,8.,2.));
#10343=CARTESIAN_POINT('Origin',(-18.,8.,18.));
#10344=CARTESIAN_POINT('Origin',(-18.,8.,18.));
#10345=CARTESIAN_POINT('',(-18.,8.,20.));
#10346=CARTESIAN_POINT('Origin',(-18.,8.,18.));
#10347=CARTESIAN_POINT('Origin',(-18.,8.,18.));
#10348=CARTESIAN_POINT('Origin',(13.,1.,2.));
#10349=CARTESIAN_POINT('',(13.,1.,0.));
#10350=CARTESIAN_POINT('Origin',(13.,1.,2.));
#10351=CARTESIAN_POINT('Origin',(13.,1.,2.));
#10352=CARTESIAN_POINT('Origin',(13.,1.,2.));
#10353=CARTESIAN_POINT('Origin',(13.,1.,0.));
#10354=CARTESIAN_POINT('Origin',(-18.,1.,18.));
#10355=CARTESIAN_POINT('Origin',(-18.,1.,18.));
#10356=CARTESIAN_POINT('',(-18.,1.,20.));
#10357=CARTESIAN_POINT('Origin',(-18.,1.,18.));
#10358=CARTESIAN_POINT('Origin',(-18.,1.,18.));
#10359=CARTESIAN_POINT('Origin',(-11.25,1.,18.));
#10360=CARTESIAN_POINT('',(-11.25,1.,20.));
#10361=CARTESIAN_POINT('Origin',(-18.,5.,18.));
#10362=CARTESIAN_POINT('',(-18.,5.,20.));
#10363=CARTESIAN_POINT('Origin',(6.25,8.,2.));
#10364=CARTESIAN_POINT('',(6.25,8.,0.));
#10365=CARTESIAN_POINT('Origin',(-18.,1.,2.));
#10366=CARTESIAN_POINT('Origin',(-18.,1.,2.));
#10367=CARTESIAN_POINT('',(-18.,1.,0.));
#10368=CARTESIAN_POINT('Origin',(-18.,1.,2.));
#10369=CARTESIAN_POINT('Origin',(-18.,1.,2.));
#10370=CARTESIAN_POINT('Origin',(-18.,5.,2.));
#10371=CARTESIAN_POINT('',(-18.,5.,0.));
#10372=CARTESIAN_POINT('Origin',(-11.25,1.,2.));
#10373=CARTESIAN_POINT('',(-11.25,1.,0.));
#10374=CARTESIAN_POINT('Origin',(-18.,1.,0.));
#10375=CARTESIAN_POINT('Origin',(-18.,8.,0.));
#10376=CARTESIAN_POINT('Origin',(13.,-5.,2.));
#10377=CARTESIAN_POINT('',(13.,-5.,0.));
#10378=CARTESIAN_POINT('Origin',(6.25,8.,18.));
#10379=CARTESIAN_POINT('',(6.25,8.,20.));
#10380=CARTESIAN_POINT('Origin',(13.,8.,0.));
#10381=CARTESIAN_POINT('Origin',(-2.5,1.11022302462516E-15,20.));
#10382=CARTESIAN_POINT('Origin',(-2.5,1.11022302462516E-15,0.));
#10383=CARTESIAN_POINT('',(0.,0.,0.));
#10384=CARTESIAN_POINT('',(0.,0.,0.));
#10385=CARTESIAN_POINT('Origin',(-21.,5.19925526801825,14.5659712164999));
#10386=CARTESIAN_POINT('',(-21.,5.49321960242969,14.5470350398778));
#10387=CARTESIAN_POINT('',(-21.,5.19925526801825,14.5659712164999));
#10388=CARTESIAN_POINT('',(-21.,4.99752679327982,14.5789658746273));
#10389=CARTESIAN_POINT('',(-21.1,5.49321960242969,14.5470350398778));
#10390=CARTESIAN_POINT('',(-21.,5.49321960242969,14.5470350398778));
#10391=CARTESIAN_POINT('',(-21.1,5.19925526801825,14.5659712164999));
#10392=CARTESIAN_POINT('',(-21.1,5.49321960242969,14.5470350398778));
#10393=CARTESIAN_POINT('',(-21.,5.19925526801825,14.5659712164999));
#10394=CARTESIAN_POINT('Ctrl Pts',(-21.,5.16018148156208,14.4568994055478));
#10395=CARTESIAN_POINT('Ctrl Pts',(-21.1,5.16018148156208,14.4568994055478));
#10396=CARTESIAN_POINT('Ctrl Pts',(-21.,5.16928199989568,14.4718792644233));
#10397=CARTESIAN_POINT('Ctrl Pts',(-21.1,5.16928199989568,14.4718792644233));
#10398=CARTESIAN_POINT('Ctrl Pts',(-21.,5.18969038754673,14.5054723802968));
#10399=CARTESIAN_POINT('Ctrl Pts',(-21.1,5.18969038754673,14.5054723802968));
#10400=CARTESIAN_POINT('Ctrl Pts',(-21.,5.19584507940374,14.5444014286676));
#10401=CARTESIAN_POINT('Ctrl Pts',(-21.1,5.19584507940374,14.5444014286676));
#10402=CARTESIAN_POINT('Ctrl Pts',(-21.,5.19925526801825,14.5659712164999));
#10403=CARTESIAN_POINT('Ctrl Pts',(-21.1,5.19925526801825,14.5659712164999));
#10404=CARTESIAN_POINT('',(-21.,5.16018148156208,14.4568994055478));
#10405=CARTESIAN_POINT('Ctrl Pts',(-21.,5.19925526801825,14.5659712164999));
#10406=CARTESIAN_POINT('Ctrl Pts',(-21.,5.19584507940374,14.5444014286676));
#10407=CARTESIAN_POINT('Ctrl Pts',(-21.,5.18969038754673,14.5054723802968));
#10408=CARTESIAN_POINT('Ctrl Pts',(-21.,5.16928199989568,14.4718792644233));
#10409=CARTESIAN_POINT('Ctrl Pts',(-21.,5.16018148156208,14.4568994055478));
#10410=CARTESIAN_POINT('',(-21.1,5.16018148156208,14.4568994055478));
#10411=CARTESIAN_POINT('Ctrl Pts',(-21.1,5.16018148156208,14.4568994055478));
#10412=CARTESIAN_POINT('Ctrl Pts',(-21.1,5.16928199989568,14.4718792644233));
#10413=CARTESIAN_POINT('Ctrl Pts',(-21.1,5.18969038754673,14.5054723802968));
#10414=CARTESIAN_POINT('Ctrl Pts',(-21.1,5.19584507940374,14.5444014286676));
#10415=CARTESIAN_POINT('Ctrl Pts',(-21.1,5.19925526801825,14.5659712164999));
#10416=CARTESIAN_POINT('',(-21.,5.16018148156208,14.4568994055478));
#10417=CARTESIAN_POINT('Ctrl Pts',(-21.,5.02364894655391,14.3964307643792));
#10418=CARTESIAN_POINT('Ctrl Pts',(-21.1,5.02364894655391,14.3964307643792));
#10419=CARTESIAN_POINT('Ctrl Pts',(-21.,5.05115360431187,14.3984793303608));
#10420=CARTESIAN_POINT('Ctrl Pts',(-21.1,5.05115360431187,14.3984793303608));
#10421=CARTESIAN_POINT('Ctrl Pts',(-21.,5.10403644229938,14.4024180808031));
#10422=CARTESIAN_POINT('Ctrl Pts',(-21.1,5.10403644229938,14.4024180808031));
#10423=CARTESIAN_POINT('Ctrl Pts',(-21.,5.14197498543073,14.4392324123242));
#10424=CARTESIAN_POINT('Ctrl Pts',(-21.1,5.14197498543073,14.4392324123242));
#10425=CARTESIAN_POINT('Ctrl Pts',(-21.,5.16018148156208,14.4568994055478));
#10426=CARTESIAN_POINT('Ctrl Pts',(-21.1,5.16018148156208,14.4568994055478));
#10427=CARTESIAN_POINT('',(-21.,5.02364894655391,14.3964307643792));
#10428=CARTESIAN_POINT('Ctrl Pts',(-21.,5.16018148156208,14.4568994055478));
#10429=CARTESIAN_POINT('Ctrl Pts',(-21.,5.14197498543073,14.4392324123242));
#10430=CARTESIAN_POINT('Ctrl Pts',(-21.,5.10403644229938,14.4024180808031));
#10431=CARTESIAN_POINT('Ctrl Pts',(-21.,5.05115360431187,14.3984793303608));
#10432=CARTESIAN_POINT('Ctrl Pts',(-21.,5.02364894655391,14.3964307643792));
#10433=CARTESIAN_POINT('',(-21.1,5.02364894655391,14.3964307643792));
#10434=CARTESIAN_POINT('Ctrl Pts',(-21.1,5.02364894655391,14.3964307643792));
#10435=CARTESIAN_POINT('Ctrl Pts',(-21.1,5.05115360431187,14.3984793303608));
#10436=CARTESIAN_POINT('Ctrl Pts',(-21.1,5.10403644229938,14.4024180808031));
#10437=CARTESIAN_POINT('Ctrl Pts',(-21.1,5.14197498543073,14.4392324123242));
#10438=CARTESIAN_POINT('Ctrl Pts',(-21.1,5.16018148156208,14.4568994055478));
#10439=CARTESIAN_POINT('',(-21.,5.02364894655391,14.3964307643792));
#10440=CARTESIAN_POINT('Ctrl Pts',(-21.,4.92206616282867,14.4273058201171));
#10441=CARTESIAN_POINT('Ctrl Pts',(-21.1,4.92206616282867,14.4273058201171));
#10442=CARTESIAN_POINT('Ctrl Pts',(-21.,4.93602834797399,14.4183486952011));
#10443=CARTESIAN_POINT('Ctrl Pts',(-21.1,4.93602834797399,14.4183486952011));
#10444=CARTESIAN_POINT('Ctrl Pts',(-21.,4.96683384980231,14.3985861204246));
#10445=CARTESIAN_POINT('Ctrl Pts',(-21.1,4.96683384980231,14.3985861204246));
#10446=CARTESIAN_POINT('Ctrl Pts',(-21.,5.00356545452073,14.3971926582849));
#10447=CARTESIAN_POINT('Ctrl Pts',(-21.1,5.00356545452073,14.3971926582849));
#10448=CARTESIAN_POINT('Ctrl Pts',(-21.,5.02364894655391,14.3964307643792));
#10449=CARTESIAN_POINT('Ctrl Pts',(-21.1,5.02364894655391,14.3964307643792));
#10450=CARTESIAN_POINT('',(-21.,4.92206616282867,14.4273058201171));
#10451=CARTESIAN_POINT('Ctrl Pts',(-21.,5.02364894655391,14.3964307643792));
#10452=CARTESIAN_POINT('Ctrl Pts',(-21.,5.00356545452073,14.3971926582849));
#10453=CARTESIAN_POINT('Ctrl Pts',(-21.,4.96683384980231,14.3985861204246));
#10454=CARTESIAN_POINT('Ctrl Pts',(-21.,4.93602834797399,14.4183486952011));
#10455=CARTESIAN_POINT('Ctrl Pts',(-21.,4.92206616282867,14.4273058201171));
#10456=CARTESIAN_POINT('',(-21.1,4.92206616282867,14.4273058201171));
#10457=CARTESIAN_POINT('Ctrl Pts',(-21.1,4.92206616282867,14.4273058201171));
#10458=CARTESIAN_POINT('Ctrl Pts',(-21.1,4.93602834797399,14.4183486952011));
#10459=CARTESIAN_POINT('Ctrl Pts',(-21.1,4.96683384980231,14.3985861204246));
#10460=CARTESIAN_POINT('Ctrl Pts',(-21.1,5.00356545452073,14.3971926582849));
#10461=CARTESIAN_POINT('Ctrl Pts',(-21.1,5.02364894655391,14.3964307643792));
#10462=CARTESIAN_POINT('',(-21.,4.92206616282867,14.4273058201171));
#10463=CARTESIAN_POINT('Ctrl Pts',(-21.,4.88604095548022,14.4996751376899));
#10464=CARTESIAN_POINT('Ctrl Pts',(-21.1,4.88604095548022,14.4996751376899));
#10465=CARTESIAN_POINT('Ctrl Pts',(-21.,4.88777649788623,14.4862144080622));
#10466=CARTESIAN_POINT('Ctrl Pts',(-21.1,4.88777649788623,14.4862144080622));
#10467=CARTESIAN_POINT('Ctrl Pts',(-21.,4.89141062006225,14.4580284439071));
#10468=CARTESIAN_POINT('Ctrl Pts',(-21.1,4.89141062006225,14.4580284439071));
#10469=CARTESIAN_POINT('Ctrl Pts',(-21.,4.91154652994355,14.4378484722568));
#10470=CARTESIAN_POINT('Ctrl Pts',(-21.1,4.91154652994355,14.4378484722568));
#10471=CARTESIAN_POINT('Ctrl Pts',(-21.,4.92206616282867,14.4273058201171));
#10472=CARTESIAN_POINT('Ctrl Pts',(-21.1,4.92206616282867,14.4273058201171));
#10473=CARTESIAN_POINT('',(-21.,4.88604095548022,14.4996751376899));
#10474=CARTESIAN_POINT('Ctrl Pts',(-21.,4.92206616282867,14.4273058201171));
#10475=CARTESIAN_POINT('Ctrl Pts',(-21.,4.91154652994355,14.4378484722568));
#10476=CARTESIAN_POINT('Ctrl Pts',(-21.,4.89141062006225,14.4580284439071));
#10477=CARTESIAN_POINT('Ctrl Pts',(-21.,4.88777649788623,14.4862144080622));
#10478=CARTESIAN_POINT('Ctrl Pts',(-21.,4.88604095548022,14.4996751376899));
#10479=CARTESIAN_POINT('',(-21.1,4.88604095548022,14.4996751376899));
#10480=CARTESIAN_POINT('Ctrl Pts',(-21.1,4.88604095548022,14.4996751376899));
#10481=CARTESIAN_POINT('Ctrl Pts',(-21.1,4.88777649788623,14.4862144080622));
#10482=CARTESIAN_POINT('Ctrl Pts',(-21.1,4.89141062006225,14.4580284439071));
#10483=CARTESIAN_POINT('Ctrl Pts',(-21.1,4.91154652994355,14.4378484722568));
#10484=CARTESIAN_POINT('Ctrl Pts',(-21.1,4.92206616282867,14.4273058201171));
#10485=CARTESIAN_POINT('',(-21.,4.88604095548022,14.4996751376899));
#10486=CARTESIAN_POINT('Ctrl Pts',(-21.,4.92027009815437,14.5691919569362));
#10487=CARTESIAN_POINT('Ctrl Pts',(-21.1,4.92027009815437,14.5691919569362));
#10488=CARTESIAN_POINT('Ctrl Pts',(-21.,4.9103109542425,14.5589706112389));
#10489=CARTESIAN_POINT('Ctrl Pts',(-21.1,4.9103109542425,14.5589706112389));
#10490=CARTESIAN_POINT('Ctrl Pts',(-21.,4.89128930566316,14.5394481655766));
#10491=CARTESIAN_POINT('Ctrl Pts',(-21.1,4.89128930566316,14.5394481655766));
#10492=CARTESIAN_POINT('Ctrl Pts',(-21.,4.88773455106814,14.5125095374916));
#10493=CARTESIAN_POINT('Ctrl Pts',(-21.1,4.88773455106814,14.5125095374916));
#10494=CARTESIAN_POINT('Ctrl Pts',(-21.,4.88604095548022,14.4996751376899));
#10495=CARTESIAN_POINT('Ctrl Pts',(-21.1,4.88604095548022,14.4996751376899));
#10496=CARTESIAN_POINT('',(-21.,4.92027009815437,14.5691919569362));
#10497=CARTESIAN_POINT('Ctrl Pts',(-21.,4.88604095548022,14.4996751376899));
#10498=CARTESIAN_POINT('Ctrl Pts',(-21.,4.88773455106814,14.5125095374916));
#10499=CARTESIAN_POINT('Ctrl Pts',(-21.,4.89128930566316,14.5394481655766));
#10500=CARTESIAN_POINT('Ctrl Pts',(-21.,4.9103109542425,14.5589706112389));
#10501=CARTESIAN_POINT('Ctrl Pts',(-21.,4.92027009815437,14.5691919569362));
#10502=CARTESIAN_POINT('',(-21.1,4.92027009815437,14.5691919569362));
#10503=CARTESIAN_POINT('Ctrl Pts',(-21.1,4.92027009815437,14.5691919569362));
#10504=CARTESIAN_POINT('Ctrl Pts',(-21.1,4.9103109542425,14.5589706112389));
#10505=CARTESIAN_POINT('Ctrl Pts',(-21.1,4.89128930566316,14.5394481655766));
#10506=CARTESIAN_POINT('Ctrl Pts',(-21.1,4.88773455106814,14.5125095374916));
#10507=CARTESIAN_POINT('Ctrl Pts',(-21.1,4.88604095548022,14.4996751376899));
#10508=CARTESIAN_POINT('',(-21.,4.92027009815437,14.5691919569362));
#10509=CARTESIAN_POINT('Ctrl Pts',(-21.,5.07862586323461,14.6268935417738));
#10510=CARTESIAN_POINT('Ctrl Pts',(-21.1,5.07862586323461,14.6268935417738));
#10511=CARTESIAN_POINT('Ctrl Pts',(-21.,5.04386874320914,14.619757610238));
#10512=CARTESIAN_POINT('Ctrl Pts',(-21.1,5.04386874320914,14.619757610238));
#10513=CARTESIAN_POINT('Ctrl Pts',(-21.,4.98801864177692,14.608291110718));
#10514=CARTESIAN_POINT('Ctrl Pts',(-21.1,4.98801864177692,14.608291110718));
#10515=CARTESIAN_POINT('Ctrl Pts',(-21.,4.93884251192099,14.5799104996993));
#10516=CARTESIAN_POINT('Ctrl Pts',(-21.1,4.93884251192099,14.5799104996993));
#10517=CARTESIAN_POINT('Ctrl Pts',(-21.,4.92027009815437,14.5691919569362));
#10518=CARTESIAN_POINT('Ctrl Pts',(-21.1,4.92027009815437,14.5691919569362));
#10519=CARTESIAN_POINT('',(-21.,5.07862586323461,14.6268935417738));
#10520=CARTESIAN_POINT('Ctrl Pts',(-21.,4.92027009815437,14.5691919569362));
#10521=CARTESIAN_POINT('Ctrl Pts',(-21.,4.93884251192099,14.5799104996993));
#10522=CARTESIAN_POINT('Ctrl Pts',(-21.,4.98801864177692,14.608291110718));
#10523=CARTESIAN_POINT('Ctrl Pts',(-21.,5.04386874320914,14.619757610238));
#10524=CARTESIAN_POINT('Ctrl Pts',(-21.,5.07862586323461,14.6268935417738));
#10525=CARTESIAN_POINT('',(-21.1,5.07862586323461,14.6268935417738));
#10526=CARTESIAN_POINT('Ctrl Pts',(-21.1,5.07862586323461,14.6268935417738));
#10527=CARTESIAN_POINT('Ctrl Pts',(-21.1,5.04386874320914,14.619757610238));
#10528=CARTESIAN_POINT('Ctrl Pts',(-21.1,4.98801864177692,14.608291110718));
#10529=CARTESIAN_POINT('Ctrl Pts',(-21.1,4.93884251192099,14.5799104996993));
#10530=CARTESIAN_POINT('Ctrl Pts',(-21.1,4.92027009815437,14.5691919569362));
#10531=CARTESIAN_POINT('',(-21.,5.07862586323461,14.6268935417738));
#10532=CARTESIAN_POINT('Ctrl Pts',(-21.,5.36874413085925,14.7478007389253));
#10533=CARTESIAN_POINT('Ctrl Pts',(-21.1,5.36874413085925,14.7478007389253));
#10534=CARTESIAN_POINT('Ctrl Pts',(-21.,5.33100450413654,14.7230814537919));
#10535=CARTESIAN_POINT('Ctrl Pts',(-21.1,5.33100450413654,14.7230814537919));
#10536=CARTESIAN_POINT('Ctrl Pts',(-21.,5.24213802177452,14.6648743090193));
#10537=CARTESIAN_POINT('Ctrl Pts',(-21.1,5.24213802177452,14.6648743090193));
#10538=CARTESIAN_POINT('Ctrl Pts',(-21.,5.13834200861906,14.6407644675747));
#10539=CARTESIAN_POINT('Ctrl Pts',(-21.1,5.13834200861906,14.6407644675747));
#10540=CARTESIAN_POINT('Ctrl Pts',(-21.,5.07862586323461,14.6268935417738));
#10541=CARTESIAN_POINT('Ctrl Pts',(-21.1,5.07862586323461,14.6268935417738));
#10542=CARTESIAN_POINT('',(-21.,5.36874413085925,14.7478007389253));
#10543=CARTESIAN_POINT('Ctrl Pts',(-21.,5.07862586323461,14.6268935417738));
#10544=CARTESIAN_POINT('Ctrl Pts',(-21.,5.13834200861906,14.6407644675747));
#10545=CARTESIAN_POINT('Ctrl Pts',(-21.,5.24213802177452,14.6648743090193));
#10546=CARTESIAN_POINT('Ctrl Pts',(-21.,5.33100450413654,14.7230814537919));
#10547=CARTESIAN_POINT('Ctrl Pts',(-21.,5.36874413085925,14.7478007389253));
#10548=CARTESIAN_POINT('',(-21.1,5.36874413085925,14.7478007389253));
#10549=CARTESIAN_POINT('Ctrl Pts',(-21.1,5.36874413085925,14.7478007389253));
#10550=CARTESIAN_POINT('Ctrl Pts',(-21.1,5.33100450413654,14.7230814537919));
#10551=CARTESIAN_POINT('Ctrl Pts',(-21.1,5.24213802177452,14.6648743090193));
#10552=CARTESIAN_POINT('Ctrl Pts',(-21.1,5.13834200861906,14.6407644675747));
#10553=CARTESIAN_POINT('Ctrl Pts',(-21.1,5.07862586323461,14.6268935417738));
#10554=CARTESIAN_POINT('',(-21.,5.36874413085925,14.7478007389253));
#10555=CARTESIAN_POINT('Ctrl Pts',(-21.,5.4563969722003,14.9406886361169));
#10556=CARTESIAN_POINT('Ctrl Pts',(-21.1,5.4563969722003,14.9406886361169));
#10557=CARTESIAN_POINT('Ctrl Pts',(-21.,5.45275653686213,14.9033752777563));
#10558=CARTESIAN_POINT('Ctrl Pts',(-21.1,5.45275653686213,14.9033752777563));
#10559=CARTESIAN_POINT('Ctrl Pts',(-21.,5.4455070535184,14.8290702716769));
#10560=CARTESIAN_POINT('Ctrl Pts',(-21.1,5.4455070535184,14.8290702716769));
#10561=CARTESIAN_POINT('Ctrl Pts',(-21.,5.39425780890765,14.7748122781156));
#10562=CARTESIAN_POINT('Ctrl Pts',(-21.1,5.39425780890765,14.7748122781156));
#10563=CARTESIAN_POINT('Ctrl Pts',(-21.,5.36874413085925,14.7478007389253));
#10564=CARTESIAN_POINT('Ctrl Pts',(-21.1,5.36874413085925,14.7478007389253));
#10565=CARTESIAN_POINT('',(-21.,5.4563969722003,14.9406886361169));
#10566=CARTESIAN_POINT('Ctrl Pts',(-21.,5.36874413085925,14.7478007389253));
#10567=CARTESIAN_POINT('Ctrl Pts',(-21.,5.39425780890765,14.7748122781156));
#10568=CARTESIAN_POINT('Ctrl Pts',(-21.,5.4455070535184,14.8290702716769));
#10569=CARTESIAN_POINT('Ctrl Pts',(-21.,5.45275653686213,14.9033752777563));
#10570=CARTESIAN_POINT('Ctrl Pts',(-21.,5.4563969722003,14.9406886361169));
#10571=CARTESIAN_POINT('',(-21.1,5.4563969722003,14.9406886361169));
#10572=CARTESIAN_POINT('Ctrl Pts',(-21.1,5.4563969722003,14.9406886361169));
#10573=CARTESIAN_POINT('Ctrl Pts',(-21.1,5.45275653686213,14.9033752777563));
#10574=CARTESIAN_POINT('Ctrl Pts',(-21.1,5.4455070535184,14.8290702716769));
#10575=CARTESIAN_POINT('Ctrl Pts',(-21.1,5.39425780890765,14.7748122781156));
#10576=CARTESIAN_POINT('Ctrl Pts',(-21.1,5.36874413085925,14.7478007389253));
#10577=CARTESIAN_POINT('',(-21.,5.4563969722003,14.9406886361169));
#10578=CARTESIAN_POINT('Ctrl Pts',(-21.,5.41231502678621,15.0860599566057));
#10579=CARTESIAN_POINT('Ctrl Pts',(-21.1,5.41231502678621,15.0860599566057));
#10580=CARTESIAN_POINT('Ctrl Pts',(-21.,5.42520581840677,15.0631198397909));
#10581=CARTESIAN_POINT('Ctrl Pts',(-21.1,5.42520581840677,15.0631198397909));
#10582=CARTESIAN_POINT('Ctrl Pts',(-21.,5.45062231845275,15.0178892987008));
#10583=CARTESIAN_POINT('Ctrl Pts',(-21.1,5.45062231845275,15.0178892987008));
#10584=CARTESIAN_POINT('Ctrl Pts',(-21.,5.45449060902289,14.9661745798385));
#10585=CARTESIAN_POINT('Ctrl Pts',(-21.1,5.45449060902289,14.9661745798385));
#10586=CARTESIAN_POINT('Ctrl Pts',(-21.,5.4563969722003,14.9406886361169));
#10587=CARTESIAN_POINT('Ctrl Pts',(-21.1,5.4563969722003,14.9406886361169));
#10588=CARTESIAN_POINT('',(-21.,5.41231502678621,15.0860599566057));
#10589=CARTESIAN_POINT('Ctrl Pts',(-21.,5.4563969722003,14.9406886361169));
#10590=CARTESIAN_POINT('Ctrl Pts',(-21.,5.45449060902289,14.9661745798385));
#10591=CARTESIAN_POINT('Ctrl Pts',(-21.,5.45062231845275,15.0178892987008));
#10592=CARTESIAN_POINT('Ctrl Pts',(-21.,5.42520581840677,15.0631198397909));
#10593=CARTESIAN_POINT('Ctrl Pts',(-21.,5.41231502678621,15.0860599566057));
#10594=CARTESIAN_POINT('',(-21.1,5.41231502678621,15.0860599566057));
#10595=CARTESIAN_POINT('Ctrl Pts',(-21.1,5.41231502678621,15.0860599566057));
#10596=CARTESIAN_POINT('Ctrl Pts',(-21.1,5.42520581840677,15.0631198397909));
#10597=CARTESIAN_POINT('Ctrl Pts',(-21.1,5.45062231845275,15.0178892987008));
#10598=CARTESIAN_POINT('Ctrl Pts',(-21.1,5.45449060902289,14.9661745798385));
#10599=CARTESIAN_POINT('Ctrl Pts',(-21.1,5.4563969722003,14.9406886361169));
#10600=CARTESIAN_POINT('',(-21.,5.41231502678621,15.0860599566057));
#10601=CARTESIAN_POINT('Ctrl Pts',(-21.,5.27812612494496,15.1940730844842));
#10602=CARTESIAN_POINT('Ctrl Pts',(-21.1,5.27812612494496,15.1940730844842));
#10603=CARTESIAN_POINT('Ctrl Pts',(-21.,5.30566447847025,15.1803722047957));
#10604=CARTESIAN_POINT('Ctrl Pts',(-21.1,5.30566447847025,15.1803722047957));
#10605=CARTESIAN_POINT('Ctrl Pts',(-21.,5.35837462648242,15.1541478557034));
#10606=CARTESIAN_POINT('Ctrl Pts',(-21.1,5.35837462648242,15.1541478557034));
#10607=CARTESIAN_POINT('Ctrl Pts',(-21.,5.39488124653602,15.1080662721666));
#10608=CARTESIAN_POINT('Ctrl Pts',(-21.1,5.39488124653602,15.1080662721666));
#10609=CARTESIAN_POINT('Ctrl Pts',(-21.,5.41231502678621,15.0860599566057));
#10610=CARTESIAN_POINT('Ctrl Pts',(-21.1,5.41231502678621,15.0860599566057));
#10611=CARTESIAN_POINT('',(-21.,5.27812612494496,15.1940730844842));
#10612=CARTESIAN_POINT('Ctrl Pts',(-21.,5.41231502678621,15.0860599566057));
#10613=CARTESIAN_POINT('Ctrl Pts',(-21.,5.39488124653602,15.1080662721666));
#10614=CARTESIAN_POINT('Ctrl Pts',(-21.,5.35837462648242,15.1541478557034));
#10615=CARTESIAN_POINT('Ctrl Pts',(-21.,5.30566447847025,15.1803722047957));
#10616=CARTESIAN_POINT('Ctrl Pts',(-21.,5.27812612494496,15.1940730844842));
#10617=CARTESIAN_POINT('',(-21.1,5.27812612494496,15.1940730844842));
#10618=CARTESIAN_POINT('Ctrl Pts',(-21.1,5.27812612494496,15.1940730844842));
#10619=CARTESIAN_POINT('Ctrl Pts',(-21.1,5.30566447847025,15.1803722047957));
#10620=CARTESIAN_POINT('Ctrl Pts',(-21.1,5.35837462648242,15.1541478557034));
#10621=CARTESIAN_POINT('Ctrl Pts',(-21.1,5.39488124653602,15.1080662721666));
#10622=CARTESIAN_POINT('Ctrl Pts',(-21.1,5.41231502678621,15.0860599566057));
#10623=CARTESIAN_POINT('',(-21.,5.27812612494496,15.1940730844842));
#10624=CARTESIAN_POINT('Ctrl Pts',(-21.,5.03194802328746,15.2340709295523));
#10625=CARTESIAN_POINT('Ctrl Pts',(-21.1,5.03194802328746,15.2340709295523));
#10626=CARTESIAN_POINT('Ctrl Pts',(-21.,5.07894693977052,15.2332663601128));
#10627=CARTESIAN_POINT('Ctrl Pts',(-21.1,5.07894693977052,15.2332663601128));
#10628=CARTESIAN_POINT('Ctrl Pts',(-21.,5.16308293595191,15.2318260449662));
#10629=CARTESIAN_POINT('Ctrl Pts',(-21.1,5.16308293595191,15.2318260449662));
#10630=CARTESIAN_POINT('Ctrl Pts',(-21.,5.24289680427841,15.2056340570421));
#10631=CARTESIAN_POINT('Ctrl Pts',(-21.1,5.24289680427841,15.2056340570421));
#10632=CARTESIAN_POINT('Ctrl Pts',(-21.,5.27812612494496,15.1940730844842));
#10633=CARTESIAN_POINT('Ctrl Pts',(-21.1,5.27812612494496,15.1940730844842));
#10634=CARTESIAN_POINT('',(-21.,5.03194802328746,15.2340709295523));
#10635=CARTESIAN_POINT('Ctrl Pts',(-21.,5.27812612494496,15.1940730844842));
#10636=CARTESIAN_POINT('Ctrl Pts',(-21.,5.24289680427841,15.2056340570421));
#10637=CARTESIAN_POINT('Ctrl Pts',(-21.,5.16308293595191,15.2318260449662));
#10638=CARTESIAN_POINT('Ctrl Pts',(-21.,5.07894693977052,15.2332663601128));
#10639=CARTESIAN_POINT('Ctrl Pts',(-21.,5.03194802328746,15.2340709295523));
#10640=CARTESIAN_POINT('',(-21.1,5.03194802328746,15.2340709295523));
#10641=CARTESIAN_POINT('Ctrl Pts',(-21.1,5.03194802328746,15.2340709295523));
#10642=CARTESIAN_POINT('Ctrl Pts',(-21.1,5.07894693977052,15.2332663601128));
#10643=CARTESIAN_POINT('Ctrl Pts',(-21.1,5.16308293595191,15.2318260449662));
#10644=CARTESIAN_POINT('Ctrl Pts',(-21.1,5.24289680427841,15.2056340570421));
#10645=CARTESIAN_POINT('Ctrl Pts',(-21.1,5.27812612494496,15.1940730844842));
#10646=CARTESIAN_POINT('',(-21.,5.03194802328746,15.2340709295523));
#10647=CARTESIAN_POINT('Ctrl Pts',(-21.,4.73987119377261,15.1629626245524));
#10648=CARTESIAN_POINT('Ctrl Pts',(-21.1,4.73987119377261,15.1629626245524));
#10649=CARTESIAN_POINT('Ctrl Pts',(-21.,4.78017926257798,15.1837091373411));
#10650=CARTESIAN_POINT('Ctrl Pts',(-21.1,4.78017926257798,15.1837091373411));
#10651=CARTESIAN_POINT('Ctrl Pts',(-21.,4.87143002723528,15.2306757922083));
#10652=CARTESIAN_POINT('Ctrl Pts',(-21.1,4.87143002723528,15.2306757922083));
#10653=CARTESIAN_POINT('Ctrl Pts',(-21.,4.97444031918938,15.2328545765043));
#10654=CARTESIAN_POINT('Ctrl Pts',(-21.1,4.97444031918938,15.2328545765043));
#10655=CARTESIAN_POINT('Ctrl Pts',(-21.,5.03194802328746,15.2340709295523));
#10656=CARTESIAN_POINT('Ctrl Pts',(-21.1,5.03194802328746,15.2340709295523));
#10657=CARTESIAN_POINT('',(-21.,4.73987119377261,15.1629626245524));
#10658=CARTESIAN_POINT('Ctrl Pts',(-21.,5.03194802328746,15.2340709295523));
#10659=CARTESIAN_POINT('Ctrl Pts',(-21.,4.97444031918938,15.2328545765043));
#10660=CARTESIAN_POINT('Ctrl Pts',(-21.,4.87143002723528,15.2306757922083));
#10661=CARTESIAN_POINT('Ctrl Pts',(-21.,4.78017926257798,15.1837091373411));
#10662=CARTESIAN_POINT('Ctrl Pts',(-21.,4.73987119377261,15.1629626245524));
#10663=CARTESIAN_POINT('',(-21.1,4.73987119377261,15.1629626245524));
#10664=CARTESIAN_POINT('Ctrl Pts',(-21.1,4.73987119377261,15.1629626245524));
#10665=CARTESIAN_POINT('Ctrl Pts',(-21.1,4.78017926257798,15.1837091373411));
#10666=CARTESIAN_POINT('Ctrl Pts',(-21.1,4.87143002723528,15.2306757922083));
#10667=CARTESIAN_POINT('Ctrl Pts',(-21.1,4.97444031918938,15.2328545765043));
#10668=CARTESIAN_POINT('Ctrl Pts',(-21.1,5.03194802328746,15.2340709295523));
#10669=CARTESIAN_POINT('',(-21.,4.73987119377261,15.1629626245524));
#10670=CARTESIAN_POINT('Ctrl Pts',(-21.,4.6194172918308,14.9367081952119));
#10671=CARTESIAN_POINT('Ctrl Pts',(-21.1,4.6194172918308,14.9367081952119));
#10672=CARTESIAN_POINT('Ctrl Pts',(-21.,4.62800606421944,14.984058420721));
#10673=CARTESIAN_POINT('Ctrl Pts',(-21.1,4.62800606421944,14.984058420721));
#10674=CARTESIAN_POINT('Ctrl Pts',(-21.,4.64409373407461,15.0727503502644));
#10675=CARTESIAN_POINT('Ctrl Pts',(-21.1,4.64409373407461,15.0727503502644));
#10676=CARTESIAN_POINT('Ctrl Pts',(-21.,4.70942058431835,15.1342813592423));
#10677=CARTESIAN_POINT('Ctrl Pts',(-21.1,4.70942058431835,15.1342813592423));
#10678=CARTESIAN_POINT('Ctrl Pts',(-21.,4.73987119377261,15.1629626245524));
#10679=CARTESIAN_POINT('Ctrl Pts',(-21.1,4.73987119377261,15.1629626245524));
#10680=CARTESIAN_POINT('',(-21.,4.6194172918308,14.9367081952119));
#10681=CARTESIAN_POINT('Ctrl Pts',(-21.,4.73987119377261,15.1629626245524));
#10682=CARTESIAN_POINT('Ctrl Pts',(-21.,4.70942058431835,15.1342813592423));
#10683=CARTESIAN_POINT('Ctrl Pts',(-21.,4.64409373407461,15.0727503502644));
#10684=CARTESIAN_POINT('Ctrl Pts',(-21.,4.62800606421944,14.984058420721));
#10685=CARTESIAN_POINT('Ctrl Pts',(-21.,4.6194172918308,14.9367081952119));
#10686=CARTESIAN_POINT('',(-21.1,4.6194172918308,14.9367081952119));
#10687=CARTESIAN_POINT('Ctrl Pts',(-21.1,4.6194172918308,14.9367081952119));
#10688=CARTESIAN_POINT('Ctrl Pts',(-21.1,4.62800606421944,14.984058420721));
#10689=CARTESIAN_POINT('Ctrl Pts',(-21.1,4.64409373407461,15.0727503502644));
#10690=CARTESIAN_POINT('Ctrl Pts',(-21.1,4.70942058431835,15.1342813592423));
#10691=CARTESIAN_POINT('Ctrl Pts',(-21.1,4.73987119377261,15.1629626245524));
#10692=CARTESIAN_POINT('',(-21.,4.6194172918308,14.9367081952119));
#10693=CARTESIAN_POINT('Origin',(-21.,4.91065550446643,14.9191411804455));
#10694=CARTESIAN_POINT('',(-21.,4.91065550446643,14.9191411804455));
#10695=CARTESIAN_POINT('',(-21.,4.85389153579412,14.9225650906078));
#10696=CARTESIAN_POINT('',(-21.1,4.91065550446643,14.9191411804455));
#10697=CARTESIAN_POINT('',(-21.1,4.6194172918308,14.9367081952119));
#10698=CARTESIAN_POINT('',(-21.,4.91065550446643,14.9191411804455));
#10699=CARTESIAN_POINT('Ctrl Pts',(-21.,4.95994197719955,15.0172808252322));
#10700=CARTESIAN_POINT('Ctrl Pts',(-21.1,4.95994197719955,15.0172808252322));
#10701=CARTESIAN_POINT('Ctrl Pts',(-21.,4.94836085208705,15.0046325329626));
#10702=CARTESIAN_POINT('Ctrl Pts',(-21.1,4.94836085208705,15.0046325329626));
#10703=CARTESIAN_POINT('Ctrl Pts',(-21.,4.92279195879213,14.9767075401607));
#10704=CARTESIAN_POINT('Ctrl Pts',(-21.1,4.92279195879213,14.9767075401607));
#10705=CARTESIAN_POINT('Ctrl Pts',(-21.,4.9149471181498,14.9394974204498));
#10706=CARTESIAN_POINT('Ctrl Pts',(-21.1,4.9149471181498,14.9394974204498));
#10707=CARTESIAN_POINT('Ctrl Pts',(-21.,4.91065550446643,14.9191411804455));
#10708=CARTESIAN_POINT('Ctrl Pts',(-21.1,4.91065550446643,14.9191411804455));
#10709=CARTESIAN_POINT('',(-21.,4.95994197719955,15.0172808252322));
#10710=CARTESIAN_POINT('Ctrl Pts',(-21.,4.91065550446643,14.9191411804455));
#10711=CARTESIAN_POINT('Ctrl Pts',(-21.,4.9149471181498,14.9394974204498));
#10712=CARTESIAN_POINT('Ctrl Pts',(-21.,4.92279195879213,14.9767075401607));
#10713=CARTESIAN_POINT('Ctrl Pts',(-21.,4.94836085208705,15.0046325329626));
#10714=CARTESIAN_POINT('Ctrl Pts',(-21.,4.95994197719955,15.0172808252322));
#10715=CARTESIAN_POINT('',(-21.1,4.95994197719955,15.0172808252322));
#10716=CARTESIAN_POINT('Ctrl Pts',(-21.1,4.95994197719955,15.0172808252322));
#10717=CARTESIAN_POINT('Ctrl Pts',(-21.1,4.94836085208705,15.0046325329626));
#10718=CARTESIAN_POINT('Ctrl Pts',(-21.1,4.92279195879213,14.9767075401607));
#10719=CARTESIAN_POINT('Ctrl Pts',(-21.1,4.9149471181498,14.9394974204498));
#10720=CARTESIAN_POINT('Ctrl Pts',(-21.1,4.91065550446643,14.9191411804455));
#10721=CARTESIAN_POINT('',(-21.,4.95994197719955,15.0172808252322));
#10722=CARTESIAN_POINT('Ctrl Pts',(-21.,5.06231520441185,15.0477960625599));
#10723=CARTESIAN_POINT('Ctrl Pts',(-21.1,5.06231520441185,15.0477960625599));
#10724=CARTESIAN_POINT('Ctrl Pts',(-21.,5.04231274052418,15.047044600738));
#10725=CARTESIAN_POINT('Ctrl Pts',(-21.1,5.04231274052418,15.047044600738));
#10726=CARTESIAN_POINT('Ctrl Pts',(-21.,5.00542531536348,15.0456587968755));
#10727=CARTESIAN_POINT('Ctrl Pts',(-21.1,5.00542531536348,15.0456587968755));
#10728=CARTESIAN_POINT('Ctrl Pts',(-21.,4.97422411073314,15.0261917362775));
#10729=CARTESIAN_POINT('Ctrl Pts',(-21.1,4.97422411073314,15.0261917362775));
#10730=CARTESIAN_POINT('Ctrl Pts',(-21.,4.95994197719955,15.0172808252322));
#10731=CARTESIAN_POINT('Ctrl Pts',(-21.1,4.95994197719955,15.0172808252322));
#10732=CARTESIAN_POINT('',(-21.,5.06231520441185,15.0477960625599));
#10733=CARTESIAN_POINT('Ctrl Pts',(-21.,4.95994197719955,15.0172808252322));
#10734=CARTESIAN_POINT('Ctrl Pts',(-21.,4.97422411073314,15.0261917362775));
#10735=CARTESIAN_POINT('Ctrl Pts',(-21.,5.00542531536348,15.0456587968755));
#10736=CARTESIAN_POINT('Ctrl Pts',(-21.,5.04231274052418,15.047044600738));
#10737=CARTESIAN_POINT('Ctrl Pts',(-21.,5.06231520441185,15.0477960625599));
#10738=CARTESIAN_POINT('',(-21.1,5.06231520441185,15.0477960625599));
#10739=CARTESIAN_POINT('Ctrl Pts',(-21.1,5.06231520441185,15.0477960625599));
#10740=CARTESIAN_POINT('Ctrl Pts',(-21.1,5.04231274052418,15.047044600738));
#10741=CARTESIAN_POINT('Ctrl Pts',(-21.1,5.00542531536348,15.0456587968755));
#10742=CARTESIAN_POINT('Ctrl Pts',(-21.1,4.97422411073314,15.0261917362775));
#10743=CARTESIAN_POINT('Ctrl Pts',(-21.1,4.95994197719955,15.0172808252322));
#10744=CARTESIAN_POINT('',(-21.,5.06231520441185,15.0477960625599));
#10745=CARTESIAN_POINT('Ctrl Pts',(-21.,5.14344741826743,15.0244605025288));
#10746=CARTESIAN_POINT('Ctrl Pts',(-21.1,5.14344741826743,15.0244605025288));
#10747=CARTESIAN_POINT('Ctrl Pts',(-21.,5.13243756498996,15.0312231878516));
#10748=CARTESIAN_POINT('Ctrl Pts',(-21.1,5.13243756498996,15.0312231878516));
#10749=CARTESIAN_POINT('Ctrl Pts',(-21.,5.10768723068081,15.0464258175642));
#10750=CARTESIAN_POINT('Ctrl Pts',(-21.1,5.10768723068081,15.0464258175642));
#10751=CARTESIAN_POINT('Ctrl Pts',(-21.,5.07851214544304,15.0473069114415));
#10752=CARTESIAN_POINT('Ctrl Pts',(-21.1,5.07851214544304,15.0473069114415));
#10753=CARTESIAN_POINT('Ctrl Pts',(-21.,5.06231520441185,15.0477960625599));
#10754=CARTESIAN_POINT('Ctrl Pts',(-21.1,5.06231520441185,15.0477960625599));
#10755=CARTESIAN_POINT('',(-21.,5.14344741826743,15.0244605025288));
#10756=CARTESIAN_POINT('Ctrl Pts',(-21.,5.06231520441185,15.0477960625599));
#10757=CARTESIAN_POINT('Ctrl Pts',(-21.,5.07851214544304,15.0473069114415));
#10758=CARTESIAN_POINT('Ctrl Pts',(-21.,5.10768723068081,15.0464258175642));
#10759=CARTESIAN_POINT('Ctrl Pts',(-21.,5.13243756498996,15.0312231878516));
#10760=CARTESIAN_POINT('Ctrl Pts',(-21.,5.14344741826743,15.0244605025288));
#10761=CARTESIAN_POINT('',(-21.1,5.14344741826743,15.0244605025288));
#10762=CARTESIAN_POINT('Ctrl Pts',(-21.1,5.14344741826743,15.0244605025288));
#10763=CARTESIAN_POINT('Ctrl Pts',(-21.1,5.13243756498996,15.0312231878516));
#10764=CARTESIAN_POINT('Ctrl Pts',(-21.1,5.10768723068081,15.0464258175642));
#10765=CARTESIAN_POINT('Ctrl Pts',(-21.1,5.07851214544304,15.0473069114415));
#10766=CARTESIAN_POINT('Ctrl Pts',(-21.1,5.06231520441185,15.0477960625599));
#10767=CARTESIAN_POINT('',(-21.,5.14344741826743,15.0244605025288));
#10768=CARTESIAN_POINT('Ctrl Pts',(-21.,5.1706350436406,14.9691600641216));
#10769=CARTESIAN_POINT('Ctrl Pts',(-21.1,5.1706350436406,14.9691600641216));
#10770=CARTESIAN_POINT('Ctrl Pts',(-21.,5.16941849337119,14.9797297120165));
#10771=CARTESIAN_POINT('Ctrl Pts',(-21.1,5.16941849337119,14.9797297120165));
#10772=CARTESIAN_POINT('Ctrl Pts',(-21.,5.1669297693542,15.0013522764338));
#10773=CARTESIAN_POINT('Ctrl Pts',(-21.1,5.1669297693542,15.0013522764338));
#10774=CARTESIAN_POINT('Ctrl Pts',(-21.,5.15139063620478,15.0166438373516));
#10775=CARTESIAN_POINT('Ctrl Pts',(-21.1,5.15139063620478,15.0166438373516));
#10776=CARTESIAN_POINT('Ctrl Pts',(-21.,5.14344741826743,15.0244605025288));
#10777=CARTESIAN_POINT('Ctrl Pts',(-21.1,5.14344741826743,15.0244605025288));
#10778=CARTESIAN_POINT('',(-21.,5.1706350436406,14.9691600641216));
#10779=CARTESIAN_POINT('Ctrl Pts',(-21.,5.14344741826743,15.0244605025288));
#10780=CARTESIAN_POINT('Ctrl Pts',(-21.,5.15139063620478,15.0166438373516));
#10781=CARTESIAN_POINT('Ctrl Pts',(-21.,5.1669297693542,15.0013522764338));
#10782=CARTESIAN_POINT('Ctrl Pts',(-21.,5.16941849337119,14.9797297120165));
#10783=CARTESIAN_POINT('Ctrl Pts',(-21.,5.1706350436406,14.9691600641216));
#10784=CARTESIAN_POINT('',(-21.1,5.1706350436406,14.9691600641216));
#10785=CARTESIAN_POINT('Ctrl Pts',(-21.1,5.1706350436406,14.9691600641216));
#10786=CARTESIAN_POINT('Ctrl Pts',(-21.1,5.16941849337119,14.9797297120165));
#10787=CARTESIAN_POINT('Ctrl Pts',(-21.1,5.1669297693542,15.0013522764338));
#10788=CARTESIAN_POINT('Ctrl Pts',(-21.1,5.15139063620478,15.0166438373516));
#10789=CARTESIAN_POINT('Ctrl Pts',(-21.1,5.14344741826743,15.0244605025288));
#10790=CARTESIAN_POINT('',(-21.,5.1706350436406,14.9691600641216));
#10791=CARTESIAN_POINT('Ctrl Pts',(-21.,5.14804901123359,14.9262257886238));
#10792=CARTESIAN_POINT('Ctrl Pts',(-21.1,5.14804901123359,14.9262257886238));
#10793=CARTESIAN_POINT('Ctrl Pts',(-21.,5.15461819818292,14.9325076482981));
#10794=CARTESIAN_POINT('Ctrl Pts',(-21.1,5.15461819818292,14.9325076482981));
#10795=CARTESIAN_POINT('Ctrl Pts',(-21.,5.16700271886103,14.9443504869376));
#10796=CARTESIAN_POINT('Ctrl Pts',(-21.1,5.16700271886103,14.9443504869376));
#10797=CARTESIAN_POINT('Ctrl Pts',(-21.,5.16947442002613,14.9612327495525));
#10798=CARTESIAN_POINT('Ctrl Pts',(-21.1,5.16947442002613,14.9612327495525));
#10799=CARTESIAN_POINT('Ctrl Pts',(-21.,5.1706350436406,14.9691600641216));
#10800=CARTESIAN_POINT('Ctrl Pts',(-21.1,5.1706350436406,14.9691600641216));
#10801=CARTESIAN_POINT('',(-21.,5.14804901123359,14.9262257886238));
#10802=CARTESIAN_POINT('Ctrl Pts',(-21.,5.1706350436406,14.9691600641216));
#10803=CARTESIAN_POINT('Ctrl Pts',(-21.,5.16947442002613,14.9612327495525));
#10804=CARTESIAN_POINT('Ctrl Pts',(-21.,5.16700271886103,14.9443504869376));
#10805=CARTESIAN_POINT('Ctrl Pts',(-21.,5.15461819818292,14.9325076482981));
#10806=CARTESIAN_POINT('Ctrl Pts',(-21.,5.14804901123359,14.9262257886238));
#10807=CARTESIAN_POINT('',(-21.1,5.14804901123359,14.9262257886238));
#10808=CARTESIAN_POINT('Ctrl Pts',(-21.1,5.14804901123359,14.9262257886238));
#10809=CARTESIAN_POINT('Ctrl Pts',(-21.1,5.15461819818292,14.9325076482981));
#10810=CARTESIAN_POINT('Ctrl Pts',(-21.1,5.16700271886103,14.9443504869376));
#10811=CARTESIAN_POINT('Ctrl Pts',(-21.1,5.16947442002613,14.9612327495525));
#10812=CARTESIAN_POINT('Ctrl Pts',(-21.1,5.1706350436406,14.9691600641216));
#10813=CARTESIAN_POINT('',(-21.,5.14804901123359,14.9262257886238));
#10814=CARTESIAN_POINT('Ctrl Pts',(-21.,5.04430071697247,14.8895738382303));
#10815=CARTESIAN_POINT('Ctrl Pts',(-21.1,5.04430071697247,14.8895738382303));
#10816=CARTESIAN_POINT('Ctrl Pts',(-21.,5.06715913730841,14.8939764245065));
#10817=CARTESIAN_POINT('Ctrl Pts',(-21.1,5.06715913730841,14.8939764245065));
#10818=CARTESIAN_POINT('Ctrl Pts',(-21.,5.10373112600752,14.9010202767577));
#10819=CARTESIAN_POINT('Ctrl Pts',(-21.1,5.10373112600752,14.9010202767577));
#10820=CARTESIAN_POINT('Ctrl Pts',(-21.,5.13596290969143,14.9193518961923));
#10821=CARTESIAN_POINT('Ctrl Pts',(-21.1,5.13596290969143,14.9193518961923));
#10822=CARTESIAN_POINT('Ctrl Pts',(-21.,5.14804901123359,14.9262257886238));
#10823=CARTESIAN_POINT('Ctrl Pts',(-21.1,5.14804901123359,14.9262257886238));
#10824=CARTESIAN_POINT('',(-21.,5.04430071697247,14.8895738382303));
#10825=CARTESIAN_POINT('Ctrl Pts',(-21.,5.14804901123359,14.9262257886238));
#10826=CARTESIAN_POINT('Ctrl Pts',(-21.,5.13596290969143,14.9193518961923));
#10827=CARTESIAN_POINT('Ctrl Pts',(-21.,5.10373112600752,14.9010202767577));
#10828=CARTESIAN_POINT('Ctrl Pts',(-21.,5.06715913730841,14.8939764245065));
#10829=CARTESIAN_POINT('Ctrl Pts',(-21.,5.04430071697247,14.8895738382303));
#10830=CARTESIAN_POINT('',(-21.1,5.04430071697247,14.8895738382303));
#10831=CARTESIAN_POINT('Ctrl Pts',(-21.1,5.04430071697247,14.8895738382303));
#10832=CARTESIAN_POINT('Ctrl Pts',(-21.1,5.06715913730841,14.8939764245065));
#10833=CARTESIAN_POINT('Ctrl Pts',(-21.1,5.10373112600752,14.9010202767577));
#10834=CARTESIAN_POINT('Ctrl Pts',(-21.1,5.13596290969143,14.9193518961923));
#10835=CARTESIAN_POINT('Ctrl Pts',(-21.1,5.14804901123359,14.9262257886238));
#10836=CARTESIAN_POINT('',(-21.,5.04430071697247,14.8895738382303));
#10837=CARTESIAN_POINT('Ctrl Pts',(-21.,4.75424025012559,14.8014087625396));
#10838=CARTESIAN_POINT('Ctrl Pts',(-21.1,4.75424025012559,14.8014087625396));
#10839=CARTESIAN_POINT('Ctrl Pts',(-21.,4.79267219939424,14.8171996054952));
#10840=CARTESIAN_POINT('Ctrl Pts',(-21.1,4.79267219939424,14.8171996054952));
#10841=CARTESIAN_POINT('Ctrl Pts',(-21.,4.88646945346771,14.8557388348844));
#10842=CARTESIAN_POINT('Ctrl Pts',(-21.1,4.88646945346771,14.8557388348844));
#10843=CARTESIAN_POINT('Ctrl Pts',(-21.,4.98571781200367,14.8770151553583));
#10844=CARTESIAN_POINT('Ctrl Pts',(-21.1,4.98571781200367,14.8770151553583));
#10845=CARTESIAN_POINT('Ctrl Pts',(-21.,5.04430071697247,14.8895738382303));
#10846=CARTESIAN_POINT('Ctrl Pts',(-21.1,5.04430071697247,14.8895738382303));
#10847=CARTESIAN_POINT('',(-21.,4.75424025012559,14.8014087625396));
#10848=CARTESIAN_POINT('Ctrl Pts',(-21.,5.04430071697247,14.8895738382303));
#10849=CARTESIAN_POINT('Ctrl Pts',(-21.,4.98571781200367,14.8770151553583));
#10850=CARTESIAN_POINT('Ctrl Pts',(-21.,4.88646945346771,14.8557388348844));
#10851=CARTESIAN_POINT('Ctrl Pts',(-21.,4.79267219939424,14.8171996054952));
#10852=CARTESIAN_POINT('Ctrl Pts',(-21.,4.75424025012559,14.8014087625396));
#10853=CARTESIAN_POINT('',(-21.1,4.75424025012559,14.8014087625396));
#10854=CARTESIAN_POINT('Ctrl Pts',(-21.1,4.75424025012559,14.8014087625396));
#10855=CARTESIAN_POINT('Ctrl Pts',(-21.1,4.79267219939424,14.8171996054952));
#10856=CARTESIAN_POINT('Ctrl Pts',(-21.1,4.88646945346771,14.8557388348844));
#10857=CARTESIAN_POINT('Ctrl Pts',(-21.1,4.98571781200367,14.8770151553583));
#10858=CARTESIAN_POINT('Ctrl Pts',(-21.1,5.04430071697247,14.8895738382303));
#10859=CARTESIAN_POINT('',(-21.,4.75424025012559,14.8014087625396));
#10860=CARTESIAN_POINT('Ctrl Pts',(-21.,4.626487459325,14.6911292698217));
#10861=CARTESIAN_POINT('Ctrl Pts',(-21.1,4.626487459325,14.6911292698217));
#10862=CARTESIAN_POINT('Ctrl Pts',(-21.,4.64258159894679,14.712660136207));
#10863=CARTESIAN_POINT('Ctrl Pts',(-21.1,4.64258159894679,14.712660136207));
#10864=CARTESIAN_POINT('Ctrl Pts',(-21.,4.6769994019292,14.7587045433456));
#10865=CARTESIAN_POINT('Ctrl Pts',(-21.1,4.6769994019292,14.7587045433456));
#10866=CARTESIAN_POINT('Ctrl Pts',(-21.,4.7274049078764,14.7865722820462));
#10867=CARTESIAN_POINT('Ctrl Pts',(-21.1,4.7274049078764,14.7865722820462));
#10868=CARTESIAN_POINT('Ctrl Pts',(-21.,4.75424025012559,14.8014087625396));
#10869=CARTESIAN_POINT('Ctrl Pts',(-21.1,4.75424025012559,14.8014087625396));
#10870=CARTESIAN_POINT('',(-21.,4.626487459325,14.6911292698217));
#10871=CARTESIAN_POINT('Ctrl Pts',(-21.,4.75424025012559,14.8014087625396));
#10872=CARTESIAN_POINT('Ctrl Pts',(-21.,4.7274049078764,14.7865722820462));
#10873=CARTESIAN_POINT('Ctrl Pts',(-21.,4.6769994019292,14.7587045433456));
#10874=CARTESIAN_POINT('Ctrl Pts',(-21.,4.64258159894679,14.712660136207));
#10875=CARTESIAN_POINT('Ctrl Pts',(-21.,4.626487459325,14.6911292698217));
#10876=CARTESIAN_POINT('',(-21.1,4.626487459325,14.6911292698217));
#10877=CARTESIAN_POINT('Ctrl Pts',(-21.1,4.626487459325,14.6911292698217));
#10878=CARTESIAN_POINT('Ctrl Pts',(-21.1,4.64258159894679,14.712660136207));
#10879=CARTESIAN_POINT('Ctrl Pts',(-21.1,4.6769994019292,14.7587045433456));
#10880=CARTESIAN_POINT('Ctrl Pts',(-21.1,4.7274049078764,14.7865722820462));
#10881=CARTESIAN_POINT('Ctrl Pts',(-21.1,4.75424025012559,14.8014087625396));
#10882=CARTESIAN_POINT('',(-21.,4.626487459325,14.6911292698217));
#10883=CARTESIAN_POINT('Ctrl Pts',(-21.,4.58598080504227,14.5431786243428));
#10884=CARTESIAN_POINT('Ctrl Pts',(-21.1,4.58598080504227,14.5431786243428));
#10885=CARTESIAN_POINT('Ctrl Pts',(-21.,4.587603966039,14.569640638926));
#10886=CARTESIAN_POINT('Ctrl Pts',(-21.1,4.587603966039,14.569640638926));
#10887=CARTESIAN_POINT('Ctrl Pts',(-21.,4.59080344366682,14.6218009753414));
#10888=CARTESIAN_POINT('Ctrl Pts',(-21.1,4.59080344366682,14.6218009753414));
#10889=CARTESIAN_POINT('Ctrl Pts',(-21.,4.61470945878799,14.6682465119661));
#10890=CARTESIAN_POINT('Ctrl Pts',(-21.1,4.61470945878799,14.6682465119661));
#10891=CARTESIAN_POINT('Ctrl Pts',(-21.,4.626487459325,14.6911292698217));
#10892=CARTESIAN_POINT('Ctrl Pts',(-21.1,4.626487459325,14.6911292698217));
#10893=CARTESIAN_POINT('',(-21.,4.58598080504227,14.5431786243428));
#10894=CARTESIAN_POINT('Ctrl Pts',(-21.,4.626487459325,14.6911292698217));
#10895=CARTESIAN_POINT('Ctrl Pts',(-21.,4.61470945878799,14.6682465119661));
#10896=CARTESIAN_POINT('Ctrl Pts',(-21.,4.59080344366682,14.6218009753414));
#10897=CARTESIAN_POINT('Ctrl Pts',(-21.,4.587603966039,14.569640638926));
#10898=CARTESIAN_POINT('Ctrl Pts',(-21.,4.58598080504227,14.5431786243428));
#10899=CARTESIAN_POINT('',(-21.1,4.58598080504227,14.5431786243428));
#10900=CARTESIAN_POINT('Ctrl Pts',(-21.1,4.58598080504227,14.5431786243428));
#10901=CARTESIAN_POINT('Ctrl Pts',(-21.1,4.587603966039,14.569640638926));
#10902=CARTESIAN_POINT('Ctrl Pts',(-21.1,4.59080344366682,14.6218009753414));
#10903=CARTESIAN_POINT('Ctrl Pts',(-21.1,4.61470945878799,14.6682465119661));
#10904=CARTESIAN_POINT('Ctrl Pts',(-21.1,4.626487459325,14.6911292698217));
#10905=CARTESIAN_POINT('',(-21.,4.58598080504227,14.5431786243428));
#10906=CARTESIAN_POINT('Ctrl Pts',(-21.,4.63887384833382,14.3657317121373));
#10907=CARTESIAN_POINT('Ctrl Pts',(-21.1,4.63887384833382,14.3657317121373));
#10908=CARTESIAN_POINT('Ctrl Pts',(-21.,4.62340425730517,14.3934031833928));
#10909=CARTESIAN_POINT('Ctrl Pts',(-21.1,4.62340425730517,14.3934031833928));
#10910=CARTESIAN_POINT('Ctrl Pts',(-21.,4.59253966093017,14.448612709606));
#10911=CARTESIAN_POINT('Ctrl Pts',(-21.1,4.59253966093017,14.448612709606));
#10912=CARTESIAN_POINT('Ctrl Pts',(-21.,4.58816356532776,14.5117074765425));
#10913=CARTESIAN_POINT('Ctrl Pts',(-21.1,4.58816356532776,14.5117074765425));
#10914=CARTESIAN_POINT('Ctrl Pts',(-21.,4.58598080504227,14.5431786243428));
#10915=CARTESIAN_POINT('Ctrl Pts',(-21.1,4.58598080504227,14.5431786243428));
#10916=CARTESIAN_POINT('',(-21.,4.63887384833382,14.3657317121373));
#10917=CARTESIAN_POINT('Ctrl Pts',(-21.,4.58598080504227,14.5431786243428));
#10918=CARTESIAN_POINT('Ctrl Pts',(-21.,4.58816356532776,14.5117074765425));
#10919=CARTESIAN_POINT('Ctrl Pts',(-21.,4.59253966093017,14.448612709606));
#10920=CARTESIAN_POINT('Ctrl Pts',(-21.,4.62340425730517,14.3934031833928));
#10921=CARTESIAN_POINT('Ctrl Pts',(-21.,4.63887384833382,14.3657317121373));
#10922=CARTESIAN_POINT('',(-21.1,4.63887384833382,14.3657317121373));
#10923=CARTESIAN_POINT('Ctrl Pts',(-21.1,4.63887384833382,14.3657317121373));
#10924=CARTESIAN_POINT('Ctrl Pts',(-21.1,4.62340425730517,14.3934031833928));
#10925=CARTESIAN_POINT('Ctrl Pts',(-21.1,4.59253966093017,14.448612709606));
#10926=CARTESIAN_POINT('Ctrl Pts',(-21.1,4.58816356532776,14.5117074765425));
#10927=CARTESIAN_POINT('Ctrl Pts',(-21.1,4.58598080504227,14.5431786243428));
#10928=CARTESIAN_POINT('',(-21.,4.63887384833382,14.3657317121373));
#10929=CARTESIAN_POINT('Ctrl Pts',(-21.,4.78735977787762,14.2420043514963));
#10930=CARTESIAN_POINT('Ctrl Pts',(-21.1,4.78735977787762,14.2420043514963));
#10931=CARTESIAN_POINT('Ctrl Pts',(-21.,4.75749772914247,14.2575013521503));
#10932=CARTESIAN_POINT('Ctrl Pts',(-21.1,4.75749772914247,14.2575013521503));
#10933=CARTESIAN_POINT('Ctrl Pts',(-21.,4.69891593851432,14.2879025498621));
#10934=CARTESIAN_POINT('Ctrl Pts',(-21.1,4.69891593851432,14.2879025498621));
#10935=CARTESIAN_POINT('Ctrl Pts',(-21.,4.65862600253893,14.3401281128907));
#10936=CARTESIAN_POINT('Ctrl Pts',(-21.1,4.65862600253893,14.3401281128907));
#10937=CARTESIAN_POINT('Ctrl Pts',(-21.,4.63887384833382,14.3657317121373));
#10938=CARTESIAN_POINT('Ctrl Pts',(-21.1,4.63887384833382,14.3657317121373));
#10939=CARTESIAN_POINT('',(-21.,4.78735977787762,14.2420043514963));
#10940=CARTESIAN_POINT('Ctrl Pts',(-21.,4.63887384833382,14.3657317121373));
#10941=CARTESIAN_POINT('Ctrl Pts',(-21.,4.65862600253893,14.3401281128907));
#10942=CARTESIAN_POINT('Ctrl Pts',(-21.,4.69891593851432,14.2879025498621));
#10943=CARTESIAN_POINT('Ctrl Pts',(-21.,4.75749772914247,14.2575013521503));
#10944=CARTESIAN_POINT('Ctrl Pts',(-21.,4.78735977787762,14.2420043514963));
#10945=CARTESIAN_POINT('',(-21.1,4.78735977787762,14.2420043514963));
#10946=CARTESIAN_POINT('Ctrl Pts',(-21.1,4.78735977787762,14.2420043514963));
#10947=CARTESIAN_POINT('Ctrl Pts',(-21.1,4.75749772914247,14.2575013521503));
#10948=CARTESIAN_POINT('Ctrl Pts',(-21.1,4.69891593851432,14.2879025498621));
#10949=CARTESIAN_POINT('Ctrl Pts',(-21.1,4.65862600253893,14.3401281128907));
#10950=CARTESIAN_POINT('Ctrl Pts',(-21.1,4.63887384833382,14.3657317121373));
#10951=CARTESIAN_POINT('',(-21.,4.78735977787762,14.2420043514963));
#10952=CARTESIAN_POINT('Ctrl Pts',(-21.,5.02807724907681,14.1999697604002));
#10953=CARTESIAN_POINT('Ctrl Pts',(-21.1,5.02807724907681,14.1999697604002));
#10954=CARTESIAN_POINT('Ctrl Pts',(-21.,4.9833604854984,14.2011105720066));
#10955=CARTESIAN_POINT('Ctrl Pts',(-21.1,4.9833604854984,14.2011105720066));
#10956=CARTESIAN_POINT('Ctrl Pts',(-21.,4.90093522437477,14.2032134007227));
#10957=CARTESIAN_POINT('Ctrl Pts',(-21.1,4.90093522437477,14.2032134007227));
#10958=CARTESIAN_POINT('Ctrl Pts',(-21.,4.82300970253569,14.2298283529408));
#10959=CARTESIAN_POINT('Ctrl Pts',(-21.1,4.82300970253569,14.2298283529408));
#10960=CARTESIAN_POINT('Ctrl Pts',(-21.,4.78735977787762,14.2420043514963));
#10961=CARTESIAN_POINT('Ctrl Pts',(-21.1,4.78735977787762,14.2420043514963));
#10962=CARTESIAN_POINT('',(-21.,5.02807724907681,14.1999697604002));
#10963=CARTESIAN_POINT('Ctrl Pts',(-21.,4.78735977787762,14.2420043514963));
#10964=CARTESIAN_POINT('Ctrl Pts',(-21.,4.82300970253569,14.2298283529408));
#10965=CARTESIAN_POINT('Ctrl Pts',(-21.,4.90093522437477,14.2032134007227));
#10966=CARTESIAN_POINT('Ctrl Pts',(-21.,4.9833604854984,14.2011105720066));
#10967=CARTESIAN_POINT('Ctrl Pts',(-21.,5.02807724907681,14.1999697604002));
#10968=CARTESIAN_POINT('',(-21.1,5.02807724907681,14.1999697604002));
#10969=CARTESIAN_POINT('Ctrl Pts',(-21.1,5.02807724907681,14.1999697604002));
#10970=CARTESIAN_POINT('Ctrl Pts',(-21.1,4.9833604854984,14.2011105720066));
#10971=CARTESIAN_POINT('Ctrl Pts',(-21.1,4.90093522437477,14.2032134007227));
#10972=CARTESIAN_POINT('Ctrl Pts',(-21.1,4.82300970253569,14.2298283529408));
#10973=CARTESIAN_POINT('Ctrl Pts',(-21.1,4.78735977787762,14.2420043514963));
#10974=CARTESIAN_POINT('',(-21.,5.02807724907681,14.1999697604002));
#10975=CARTESIAN_POINT('Ctrl Pts',(-21.,5.38159243322511,14.2975726115581));
#10976=CARTESIAN_POINT('Ctrl Pts',(-21.1,5.38159243322511,14.2975726115581));
#10977=CARTESIAN_POINT('Ctrl Pts',(-21.,5.33694459458368,14.2691918222381));
#10978=CARTESIAN_POINT('Ctrl Pts',(-21.1,5.33694459458368,14.2691918222381));
#10979=CARTESIAN_POINT('Ctrl Pts',(-21.,5.23008753948528,14.2012672001201));
#10980=CARTESIAN_POINT('Ctrl Pts',(-21.1,5.23008753948528,14.2012672001201));
#10981=CARTESIAN_POINT('Ctrl Pts',(-21.,5.10240846704799,14.2004471631821));
#10982=CARTESIAN_POINT('Ctrl Pts',(-21.1,5.10240846704799,14.2004471631821));
#10983=CARTESIAN_POINT('Ctrl Pts',(-21.,5.02807724907681,14.1999697604002));
#10984=CARTESIAN_POINT('Ctrl Pts',(-21.1,5.02807724907681,14.1999697604002));
#10985=CARTESIAN_POINT('',(-21.,5.38159243322511,14.2975726115581));
#10986=CARTESIAN_POINT('Ctrl Pts',(-21.,5.02807724907681,14.1999697604002));
#10987=CARTESIAN_POINT('Ctrl Pts',(-21.,5.10240846704799,14.2004471631821));
#10988=CARTESIAN_POINT('Ctrl Pts',(-21.,5.23008753948528,14.2012672001201));
#10989=CARTESIAN_POINT('Ctrl Pts',(-21.,5.33694459458368,14.2691918222381));
#10990=CARTESIAN_POINT('Ctrl Pts',(-21.,5.38159243322511,14.2975726115581));
#10991=CARTESIAN_POINT('',(-21.1,5.38159243322511,14.2975726115581));
#10992=CARTESIAN_POINT('Ctrl Pts',(-21.1,5.38159243322511,14.2975726115581));
#10993=CARTESIAN_POINT('Ctrl Pts',(-21.1,5.33694459458368,14.2691918222381));
#10994=CARTESIAN_POINT('Ctrl Pts',(-21.1,5.23008753948528,14.2012672001201));
#10995=CARTESIAN_POINT('Ctrl Pts',(-21.1,5.10240846704799,14.2004471631821));
#10996=CARTESIAN_POINT('Ctrl Pts',(-21.1,5.02807724907681,14.1999697604002));
#10997=CARTESIAN_POINT('',(-21.,5.38159243322511,14.2975726115581));
#10998=CARTESIAN_POINT('Ctrl Pts',(-21.,5.49321960242969,14.5470350398778));
#10999=CARTESIAN_POINT('Ctrl Pts',(-21.1,5.49321960242969,14.5470350398778));
#11000=CARTESIAN_POINT('Ctrl Pts',(-21.,5.48568165529995,14.4992142213527));
#11001=CARTESIAN_POINT('Ctrl Pts',(-21.1,5.48568165529995,14.4992142213527));
#11002=CARTESIAN_POINT('Ctrl Pts',(-21.,5.4709682863454,14.4058724487773));
#11003=CARTESIAN_POINT('Ctrl Pts',(-21.1,5.4709682863454,14.4058724487773));
#11004=CARTESIAN_POINT('Ctrl Pts',(-21.,5.41089096568198,14.333074664798));
#11005=CARTESIAN_POINT('Ctrl Pts',(-21.1,5.41089096568198,14.333074664798));
#11006=CARTESIAN_POINT('Ctrl Pts',(-21.,5.38159243322511,14.2975726115581));
#11007=CARTESIAN_POINT('Ctrl Pts',(-21.1,5.38159243322511,14.2975726115581));
#11008=CARTESIAN_POINT('Ctrl Pts',(-21.,5.38159243322511,14.2975726115581));
#11009=CARTESIAN_POINT('Ctrl Pts',(-21.,5.41089096568198,14.333074664798));
#11010=CARTESIAN_POINT('Ctrl Pts',(-21.,5.4709682863454,14.4058724487773));
#11011=CARTESIAN_POINT('Ctrl Pts',(-21.,5.48568165529995,14.4992142213527));
#11012=CARTESIAN_POINT('Ctrl Pts',(-21.,5.49321960242969,14.5470350398778));
#11013=CARTESIAN_POINT('Ctrl Pts',(-21.1,5.49321960242969,14.5470350398778));
#11014=CARTESIAN_POINT('Ctrl Pts',(-21.1,5.48568165529995,14.4992142213527));
#11015=CARTESIAN_POINT('Ctrl Pts',(-21.1,5.4709682863454,14.4058724487773));
#11016=CARTESIAN_POINT('Ctrl Pts',(-21.1,5.41089096568198,14.333074664798));
#11017=CARTESIAN_POINT('Ctrl Pts',(-21.1,5.38159243322511,14.2975726115581));
#11018=CARTESIAN_POINT('Origin',(-21.1,4.49985366533212,14.7170203449762));
#11019=CARTESIAN_POINT('Origin',(-21.,4.11718631921298,14.4457789994739));
#11020=CARTESIAN_POINT('',(-21.,4.11815024759112,14.9921629009919));
#11021=CARTESIAN_POINT('',(-21.,4.11718631921298,14.4457789994739));
#11022=CARTESIAN_POINT('',(-21.,4.11326531384358,12.2232339845404));
#11023=CARTESIAN_POINT('',(-21.1,4.11815024759112,14.9921629009919));
#11024=CARTESIAN_POINT('',(-21.,4.11815024759112,14.9921629009919));
#11025=CARTESIAN_POINT('',(-21.1,4.11718631921298,14.4457789994739));
#11026=CARTESIAN_POINT('',(-21.1,4.11815024759112,14.9921629009919));
#11027=CARTESIAN_POINT('',(-21.,4.11718631921298,14.4457789994739));
#11028=CARTESIAN_POINT('Origin',(-21.,4.04147006073745,14.4459125778059));
#11029=CARTESIAN_POINT('',(-21.,4.04147006073745,14.4459125778059));
#11030=CARTESIAN_POINT('',(-21.,4.27465599475992,14.4455011920778));
#11031=CARTESIAN_POINT('',(-21.1,4.04147006073745,14.4459125778059));
#11032=CARTESIAN_POINT('',(-21.1,4.11718631921298,14.4457789994739));
#11033=CARTESIAN_POINT('',(-21.,4.04147006073745,14.4459125778059));
#11034=CARTESIAN_POINT('Ctrl Pts',(-21.,3.90371773522575,14.4673015726631));
#11035=CARTESIAN_POINT('Ctrl Pts',(-21.1,3.90371773522575,14.4673015726631));
#11036=CARTESIAN_POINT('Ctrl Pts',(-21.,3.92186609015312,14.4611527069982));
#11037=CARTESIAN_POINT('Ctrl Pts',(-21.1,3.92186609015312,14.4611527069982));
#11038=CARTESIAN_POINT('Ctrl Pts',(-21.,3.96638386992123,14.4460695852173));
#11039=CARTESIAN_POINT('Ctrl Pts',(-21.1,3.96638386992123,14.4460695852173));
#11040=CARTESIAN_POINT('Ctrl Pts',(-21.,4.01353864947316,14.4459709832002));
#11041=CARTESIAN_POINT('Ctrl Pts',(-21.1,4.01353864947316,14.4459709832002));
#11042=CARTESIAN_POINT('Ctrl Pts',(-21.,4.04147006073745,14.4459125778059));
#11043=CARTESIAN_POINT('Ctrl Pts',(-21.1,4.04147006073745,14.4459125778059));
#11044=CARTESIAN_POINT('',(-21.,3.90371773522575,14.4673015726631));
#11045=CARTESIAN_POINT('Ctrl Pts',(-21.,4.04147006073745,14.4459125778059));
#11046=CARTESIAN_POINT('Ctrl Pts',(-21.,4.01353864947316,14.4459709832002));
#11047=CARTESIAN_POINT('Ctrl Pts',(-21.,3.96638386992123,14.4460695852173));
#11048=CARTESIAN_POINT('Ctrl Pts',(-21.,3.92186609015312,14.4611527069982));
#11049=CARTESIAN_POINT('Ctrl Pts',(-21.,3.90371773522575,14.4673015726631));
#11050=CARTESIAN_POINT('',(-21.1,3.90371773522575,14.4673015726631));
#11051=CARTESIAN_POINT('Ctrl Pts',(-21.1,3.90371773522575,14.4673015726631));
#11052=CARTESIAN_POINT('Ctrl Pts',(-21.1,3.92186609015312,14.4611527069982));
#11053=CARTESIAN_POINT('Ctrl Pts',(-21.1,3.96638386992123,14.4460695852173));
#11054=CARTESIAN_POINT('Ctrl Pts',(-21.1,4.01353864947316,14.4459709832002));
#11055=CARTESIAN_POINT('Ctrl Pts',(-21.1,4.04147006073745,14.4459125778059));
#11056=CARTESIAN_POINT('',(-21.,3.90371773522575,14.4673015726631));
#11057=CARTESIAN_POINT('Ctrl Pts',(-21.,3.83973021521146,14.5424487771127));
#11058=CARTESIAN_POINT('Ctrl Pts',(-21.1,3.83973021521146,14.5424487771127));
#11059=CARTESIAN_POINT('Ctrl Pts',(-21.,3.84770978676187,14.5262662375344));
#11060=CARTESIAN_POINT('Ctrl Pts',(-21.1,3.84770978676187,14.5262662375344));
#11061=CARTESIAN_POINT('Ctrl Pts',(-21.,3.86275586664333,14.4957528469794));
#11062=CARTESIAN_POINT('Ctrl Pts',(-21.1,3.86275586664333,14.4957528469794));
#11063=CARTESIAN_POINT('Ctrl Pts',(-21.,3.89062757215614,14.4763937316204));
#11064=CARTESIAN_POINT('Ctrl Pts',(-21.1,3.89062757215614,14.4763937316204));
#11065=CARTESIAN_POINT('Ctrl Pts',(-21.,3.90371773522575,14.4673015726631));
#11066=CARTESIAN_POINT('Ctrl Pts',(-21.1,3.90371773522575,14.4673015726631));
#11067=CARTESIAN_POINT('',(-21.,3.83973021521146,14.5424487771127));
#11068=CARTESIAN_POINT('Ctrl Pts',(-21.,3.90371773522575,14.4673015726631));
#11069=CARTESIAN_POINT('Ctrl Pts',(-21.,3.89062757215614,14.4763937316204));
#11070=CARTESIAN_POINT('Ctrl Pts',(-21.,3.86275586664333,14.4957528469794));
#11071=CARTESIAN_POINT('Ctrl Pts',(-21.,3.84770978676187,14.5262662375344));
#11072=CARTESIAN_POINT('Ctrl Pts',(-21.,3.83973021521146,14.5424487771127));
#11073=CARTESIAN_POINT('',(-21.1,3.83973021521146,14.5424487771127));
#11074=CARTESIAN_POINT('Ctrl Pts',(-21.1,3.83973021521146,14.5424487771127));
#11075=CARTESIAN_POINT('Ctrl Pts',(-21.1,3.84770978676187,14.5262662375344));
#11076=CARTESIAN_POINT('Ctrl Pts',(-21.1,3.86275586664333,14.4957528469794));
#11077=CARTESIAN_POINT('Ctrl Pts',(-21.1,3.89062757215614,14.4763937316204));
#11078=CARTESIAN_POINT('Ctrl Pts',(-21.1,3.90371773522575,14.4673015726631));
#11079=CARTESIAN_POINT('',(-21.,3.83973021521146,14.5424487771127));
#11080=CARTESIAN_POINT('Ctrl Pts',(-21.,3.81684465437902,14.7164320181396));
#11081=CARTESIAN_POINT('Ctrl Pts',(-21.1,3.81684465437902,14.7164320181396));
#11082=CARTESIAN_POINT('Ctrl Pts',(-21.,3.81684702162337,14.6816469924729));
#11083=CARTESIAN_POINT('Ctrl Pts',(-21.1,3.81684702162337,14.6816469924729));
#11084=CARTESIAN_POINT('Ctrl Pts',(-21.,3.81685104532509,14.6225214664784));
#11085=CARTESIAN_POINT('Ctrl Pts',(-21.1,3.81685104532509,14.6225214664784));
#11086=CARTESIAN_POINT('Ctrl Pts',(-21.,3.83305815393508,14.5657997069177));
#11087=CARTESIAN_POINT('Ctrl Pts',(-21.1,3.83305815393508,14.5657997069177));
#11088=CARTESIAN_POINT('Ctrl Pts',(-21.,3.83973021521146,14.5424487771127));
#11089=CARTESIAN_POINT('Ctrl Pts',(-21.1,3.83973021521146,14.5424487771127));
#11090=CARTESIAN_POINT('',(-21.,3.81684465437902,14.7164320181396));
#11091=CARTESIAN_POINT('Ctrl Pts',(-21.,3.83973021521146,14.5424487771127));
#11092=CARTESIAN_POINT('Ctrl Pts',(-21.,3.83305815393508,14.5657997069177));
#11093=CARTESIAN_POINT('Ctrl Pts',(-21.,3.81685104532509,14.6225214664784));
#11094=CARTESIAN_POINT('Ctrl Pts',(-21.,3.81684702162337,14.6816469924729));
#11095=CARTESIAN_POINT('Ctrl Pts',(-21.,3.81684465437902,14.7164320181396));
#11096=CARTESIAN_POINT('',(-21.1,3.81684465437902,14.7164320181396));
#11097=CARTESIAN_POINT('Ctrl Pts',(-21.1,3.81684465437902,14.7164320181396));
#11098=CARTESIAN_POINT('Ctrl Pts',(-21.1,3.81684702162337,14.6816469924729));
#11099=CARTESIAN_POINT('Ctrl Pts',(-21.1,3.81685104532509,14.6225214664784));
#11100=CARTESIAN_POINT('Ctrl Pts',(-21.1,3.83305815393508,14.5657997069177));
#11101=CARTESIAN_POINT('Ctrl Pts',(-21.1,3.83973021521146,14.5424487771127));
#11102=CARTESIAN_POINT('',(-21.,3.81684465437902,14.7164320181396));
#11103=CARTESIAN_POINT('Ctrl Pts',(-21.,3.86907019622033,14.9339391953702));
#11104=CARTESIAN_POINT('Ctrl Pts',(-21.1,3.86907019622033,14.9339391953702));
#11105=CARTESIAN_POINT('Ctrl Pts',(-21.,3.85402740540677,14.9066086527989));
#11106=CARTESIAN_POINT('Ctrl Pts',(-21.1,3.85402740540677,14.9066086527989));
#11107=CARTESIAN_POINT('Ctrl Pts',(-21.,3.817069586093,14.8394617206493));
#11108=CARTESIAN_POINT('Ctrl Pts',(-21.1,3.817069586093,14.8394617206493));
#11109=CARTESIAN_POINT('Ctrl Pts',(-21.,3.81692838372295,14.762229011779));
#11110=CARTESIAN_POINT('Ctrl Pts',(-21.1,3.81692838372295,14.762229011779));
#11111=CARTESIAN_POINT('Ctrl Pts',(-21.,3.81684465437902,14.7164320181396));
#11112=CARTESIAN_POINT('Ctrl Pts',(-21.1,3.81684465437902,14.7164320181396));
#11113=CARTESIAN_POINT('',(-21.,3.86907019622033,14.9339391953702));
#11114=CARTESIAN_POINT('Ctrl Pts',(-21.,3.81684465437902,14.7164320181396));
#11115=CARTESIAN_POINT('Ctrl Pts',(-21.,3.81692838372295,14.762229011779));
#11116=CARTESIAN_POINT('Ctrl Pts',(-21.,3.817069586093,14.8394617206493));
#11117=CARTESIAN_POINT('Ctrl Pts',(-21.,3.85402740540677,14.9066086527989));
#11118=CARTESIAN_POINT('Ctrl Pts',(-21.,3.86907019622033,14.9339391953702));
#11119=CARTESIAN_POINT('',(-21.1,3.86907019622033,14.9339391953702));
#11120=CARTESIAN_POINT('Ctrl Pts',(-21.1,3.86907019622033,14.9339391953702));
#11121=CARTESIAN_POINT('Ctrl Pts',(-21.1,3.85402740540677,14.9066086527989));
#11122=CARTESIAN_POINT('Ctrl Pts',(-21.1,3.817069586093,14.8394617206493));
#11123=CARTESIAN_POINT('Ctrl Pts',(-21.1,3.81692838372295,14.762229011779));
#11124=CARTESIAN_POINT('Ctrl Pts',(-21.1,3.81684465437902,14.7164320181396));
#11125=CARTESIAN_POINT('',(-21.,3.86907019622033,14.9339391953702));
#11126=CARTESIAN_POINT('Ctrl Pts',(-21.,4.04106964091987,14.9922988863018));
#11127=CARTESIAN_POINT('Ctrl Pts',(-21.1,4.04106964091987,14.9922988863018));
#11128=CARTESIAN_POINT('Ctrl Pts',(-21.,4.00530459915939,14.991331008753));
#11129=CARTESIAN_POINT('Ctrl Pts',(-21.1,4.00530459915939,14.991331008753));
#11130=CARTESIAN_POINT('Ctrl Pts',(-21.,3.94143867461279,14.9896026619802));
#11131=CARTESIAN_POINT('Ctrl Pts',(-21.1,3.94143867461279,14.9896026619802));
#11132=CARTESIAN_POINT('Ctrl Pts',(-21.,3.89118271907174,14.9509474247091));
#11133=CARTESIAN_POINT('Ctrl Pts',(-21.1,3.89118271907174,14.9509474247091));
#11134=CARTESIAN_POINT('Ctrl Pts',(-21.,3.86907019622033,14.9339391953702));
#11135=CARTESIAN_POINT('Ctrl Pts',(-21.1,3.86907019622033,14.9339391953702));
#11136=CARTESIAN_POINT('',(-21.,4.04106964091987,14.9922988863018));
#11137=CARTESIAN_POINT('Ctrl Pts',(-21.,3.86907019622033,14.9339391953702));
#11138=CARTESIAN_POINT('Ctrl Pts',(-21.,3.89118271907174,14.9509474247091));
#11139=CARTESIAN_POINT('Ctrl Pts',(-21.,3.94143867461279,14.9896026619802));
#11140=CARTESIAN_POINT('Ctrl Pts',(-21.,4.00530459915939,14.991331008753));
#11141=CARTESIAN_POINT('Ctrl Pts',(-21.,4.04106964091987,14.9922988863018));
#11142=CARTESIAN_POINT('',(-21.1,4.04106964091987,14.9922988863018));
#11143=CARTESIAN_POINT('Ctrl Pts',(-21.1,4.04106964091987,14.9922988863018));
#11144=CARTESIAN_POINT('Ctrl Pts',(-21.1,4.00530459915939,14.991331008753));
#11145=CARTESIAN_POINT('Ctrl Pts',(-21.1,3.94143867461279,14.9896026619802));
#11146=CARTESIAN_POINT('Ctrl Pts',(-21.1,3.89118271907174,14.9509474247091));
#11147=CARTESIAN_POINT('Ctrl Pts',(-21.1,3.86907019622033,14.9339391953702));
#11148=CARTESIAN_POINT('',(-21.,4.04106964091987,14.9922988863018));
#11149=CARTESIAN_POINT('Origin',(-21.,4.11815024759112,14.9921629009919));
#11150=CARTESIAN_POINT('',(-21.,4.31347805237586,14.9918183044298));
#11151=CARTESIAN_POINT('',(-21.1,4.04106964091987,14.9922988863018));
#11152=CARTESIAN_POINT('Origin',(-21.,3.96848160968585,15.2188938794785));
#11153=CARTESIAN_POINT('',(-21.,4.42755326163868,15.2180839870353));
#11154=CARTESIAN_POINT('',(-21.,3.96848160968585,15.2188938794785));
#11155=CARTESIAN_POINT('',(-21.,4.23884349884823,15.2184169080732));
#11156=CARTESIAN_POINT('',(-21.1,4.42755326163868,15.2180839870353));
#11157=CARTESIAN_POINT('',(-21.,4.42755326163868,15.2180839870353));
#11158=CARTESIAN_POINT('',(-21.1,3.96848160968585,15.2188938794785));
#11159=CARTESIAN_POINT('',(-21.1,4.42755326163868,15.2180839870353));
#11160=CARTESIAN_POINT('',(-21.,3.96848160968585,15.2188938794785));
#11161=CARTESIAN_POINT('Ctrl Pts',(-21.,3.74945393950093,15.1824453045166));
#11162=CARTESIAN_POINT('Ctrl Pts',(-21.1,3.74945393950093,15.1824453045166));
#11163=CARTESIAN_POINT('Ctrl Pts',(-21.,3.78132014337887,15.1931037591414));
#11164=CARTESIAN_POINT('Ctrl Pts',(-21.1,3.78132014337887,15.1931037591414));
#11165=CARTESIAN_POINT('Ctrl Pts',(-21.,3.85227723903934,15.2168371472568));
#11166=CARTESIAN_POINT('Ctrl Pts',(-21.1,3.85227723903934,15.2168371472568));
#11167=CARTESIAN_POINT('Ctrl Pts',(-21.,3.92720386728322,15.2181632936806));
#11168=CARTESIAN_POINT('Ctrl Pts',(-21.1,3.92720386728322,15.2181632936806));
#11169=CARTESIAN_POINT('Ctrl Pts',(-21.,3.96848160968585,15.2188938794785));
#11170=CARTESIAN_POINT('Ctrl Pts',(-21.1,3.96848160968585,15.2188938794785));
#11171=CARTESIAN_POINT('',(-21.,3.74945393950093,15.1824453045166));
#11172=CARTESIAN_POINT('Ctrl Pts',(-21.,3.96848160968585,15.2188938794785));
#11173=CARTESIAN_POINT('Ctrl Pts',(-21.,3.92720386728322,15.2181632936806));
#11174=CARTESIAN_POINT('Ctrl Pts',(-21.,3.85227723903934,15.2168371472568));
#11175=CARTESIAN_POINT('Ctrl Pts',(-21.,3.78132014337887,15.1931037591414));
#11176=CARTESIAN_POINT('Ctrl Pts',(-21.,3.74945393950093,15.1824453045166));
#11177=CARTESIAN_POINT('',(-21.1,3.74945393950093,15.1824453045166));
#11178=CARTESIAN_POINT('Ctrl Pts',(-21.1,3.74945393950093,15.1824453045166));
#11179=CARTESIAN_POINT('Ctrl Pts',(-21.1,3.78132014337887,15.1931037591414));
#11180=CARTESIAN_POINT('Ctrl Pts',(-21.1,3.85227723903934,15.2168371472568));
#11181=CARTESIAN_POINT('Ctrl Pts',(-21.1,3.92720386728322,15.2181632936806));
#11182=CARTESIAN_POINT('Ctrl Pts',(-21.1,3.96848160968585,15.2188938794785));
#11183=CARTESIAN_POINT('',(-21.,3.74945393950093,15.1824453045166));
#11184=CARTESIAN_POINT('Ctrl Pts',(-21.,3.61079560633096,15.0769598378265));
#11185=CARTESIAN_POINT('Ctrl Pts',(-21.1,3.61079560633096,15.0769598378265));
#11186=CARTESIAN_POINT('Ctrl Pts',(-21.,3.63039544759547,15.0986196118419));
#11187=CARTESIAN_POINT('Ctrl Pts',(-21.1,3.63039544759547,15.0986196118419));
#11188=CARTESIAN_POINT('Ctrl Pts',(-21.,3.67002714964032,15.1424165844068));
#11189=CARTESIAN_POINT('Ctrl Pts',(-21.1,3.67002714964032,15.1424165844068));
#11190=CARTESIAN_POINT('Ctrl Pts',(-21.,3.72278663501261,15.1690057827971));
#11191=CARTESIAN_POINT('Ctrl Pts',(-21.1,3.72278663501261,15.1690057827971));
#11192=CARTESIAN_POINT('Ctrl Pts',(-21.,3.74945393950093,15.1824453045166));
#11193=CARTESIAN_POINT('Ctrl Pts',(-21.1,3.74945393950093,15.1824453045166));
#11194=CARTESIAN_POINT('',(-21.,3.61079560633096,15.0769598378265));
#11195=CARTESIAN_POINT('Ctrl Pts',(-21.,3.74945393950093,15.1824453045166));
#11196=CARTESIAN_POINT('Ctrl Pts',(-21.,3.72278663501261,15.1690057827971));
#11197=CARTESIAN_POINT('Ctrl Pts',(-21.,3.67002714964032,15.1424165844068));
#11198=CARTESIAN_POINT('Ctrl Pts',(-21.,3.63039544759547,15.0986196118419));
#11199=CARTESIAN_POINT('Ctrl Pts',(-21.,3.61079560633096,15.0769598378265));
#11200=CARTESIAN_POINT('',(-21.1,3.61079560633096,15.0769598378265));
#11201=CARTESIAN_POINT('Ctrl Pts',(-21.1,3.61079560633096,15.0769598378265));
#11202=CARTESIAN_POINT('Ctrl Pts',(-21.1,3.63039544759547,15.0986196118419));
#11203=CARTESIAN_POINT('Ctrl Pts',(-21.1,3.67002714964032,15.1424165844068));
#11204=CARTESIAN_POINT('Ctrl Pts',(-21.1,3.72278663501261,15.1690057827971));
#11205=CARTESIAN_POINT('Ctrl Pts',(-21.1,3.74945393950093,15.1824453045166));
#11206=CARTESIAN_POINT('',(-21.,3.61079560633096,15.0769598378265));
#11207=CARTESIAN_POINT('Ctrl Pts',(-21.,3.53138597494611,14.9167995469224));
#11208=CARTESIAN_POINT('Ctrl Pts',(-21.1,3.53138597494611,14.9167995469224));
#11209=CARTESIAN_POINT('Ctrl Pts',(-21.,3.54069416140235,14.9460851527239));
#11210=CARTESIAN_POINT('Ctrl Pts',(-21.1,3.54069416140235,14.9460851527239));
#11211=CARTESIAN_POINT('Ctrl Pts',(-21.,3.55896171246819,15.0035588939289));
#11212=CARTESIAN_POINT('Ctrl Pts',(-21.1,3.55896171246819,15.0035588939289));
#11213=CARTESIAN_POINT('Ctrl Pts',(-21.,3.59373900102951,15.0528063190472));
#11214=CARTESIAN_POINT('Ctrl Pts',(-21.1,3.59373900102951,15.0528063190472));
#11215=CARTESIAN_POINT('Ctrl Pts',(-21.,3.61079560633096,15.0769598378265));
#11216=CARTESIAN_POINT('Ctrl Pts',(-21.1,3.61079560633096,15.0769598378265));
#11217=CARTESIAN_POINT('',(-21.,3.53138597494611,14.9167995469224));
#11218=CARTESIAN_POINT('Ctrl Pts',(-21.,3.61079560633096,15.0769598378265));
#11219=CARTESIAN_POINT('Ctrl Pts',(-21.,3.59373900102951,15.0528063190472));
#11220=CARTESIAN_POINT('Ctrl Pts',(-21.,3.55896171246819,15.0035588939289));
#11221=CARTESIAN_POINT('Ctrl Pts',(-21.,3.54069416140235,14.9460851527239));
#11222=CARTESIAN_POINT('Ctrl Pts',(-21.,3.53138597494611,14.9167995469224));
#11223=CARTESIAN_POINT('',(-21.1,3.53138597494611,14.9167995469224));
#11224=CARTESIAN_POINT('Ctrl Pts',(-21.1,3.53138597494611,14.9167995469224));
#11225=CARTESIAN_POINT('Ctrl Pts',(-21.1,3.54069416140235,14.9460851527239));
#11226=CARTESIAN_POINT('Ctrl Pts',(-21.1,3.55896171246819,15.0035588939289));
#11227=CARTESIAN_POINT('Ctrl Pts',(-21.1,3.59373900102951,15.0528063190472));
#11228=CARTESIAN_POINT('Ctrl Pts',(-21.1,3.61079560633096,15.0769598378265));
#11229=CARTESIAN_POINT('',(-21.,3.53138597494611,14.9167995469224));
#11230=CARTESIAN_POINT('Ctrl Pts',(-21.,3.50648772823456,14.7231187620952));
#11231=CARTESIAN_POINT('Ctrl Pts',(-21.1,3.50648772823456,14.7231187620952));
#11232=CARTESIAN_POINT('Ctrl Pts',(-21.,3.50748661377711,14.7564556618903));
#11233=CARTESIAN_POINT('Ctrl Pts',(-21.1,3.50748661377711,14.7564556618903));
#11234=CARTESIAN_POINT('Ctrl Pts',(-21.,3.50944572944466,14.8218393719495));
#11235=CARTESIAN_POINT('Ctrl Pts',(-21.1,3.50944572944466,14.8218393719495));
#11236=CARTESIAN_POINT('Ctrl Pts',(-21.,3.5241693976108,14.885565281726));
#11237=CARTESIAN_POINT('Ctrl Pts',(-21.1,3.5241693976108,14.885565281726));
#11238=CARTESIAN_POINT('Ctrl Pts',(-21.,3.53138597494611,14.9167995469224));
#11239=CARTESIAN_POINT('Ctrl Pts',(-21.1,3.53138597494611,14.9167995469224));
#11240=CARTESIAN_POINT('',(-21.,3.50648772823456,14.7231187620952));
#11241=CARTESIAN_POINT('Ctrl Pts',(-21.,3.53138597494611,14.9167995469224));
#11242=CARTESIAN_POINT('Ctrl Pts',(-21.,3.5241693976108,14.885565281726));
#11243=CARTESIAN_POINT('Ctrl Pts',(-21.,3.50944572944466,14.8218393719495));
#11244=CARTESIAN_POINT('Ctrl Pts',(-21.,3.50748661377711,14.7564556618903));
#11245=CARTESIAN_POINT('Ctrl Pts',(-21.,3.50648772823456,14.7231187620952));
#11246=CARTESIAN_POINT('',(-21.1,3.50648772823456,14.7231187620952));
#11247=CARTESIAN_POINT('Ctrl Pts',(-21.1,3.50648772823456,14.7231187620952));
#11248=CARTESIAN_POINT('Ctrl Pts',(-21.1,3.50748661377711,14.7564556618903));
#11249=CARTESIAN_POINT('Ctrl Pts',(-21.1,3.50944572944466,14.8218393719495));
#11250=CARTESIAN_POINT('Ctrl Pts',(-21.1,3.5241693976108,14.885565281726));
#11251=CARTESIAN_POINT('Ctrl Pts',(-21.1,3.53138597494611,14.9167995469224));
#11252=CARTESIAN_POINT('',(-21.,3.50648772823456,14.7231187620952));
#11253=CARTESIAN_POINT('Ctrl Pts',(-21.,3.54288320395857,14.4740772945096));
#11254=CARTESIAN_POINT('Ctrl Pts',(-21.1,3.54288320395857,14.4740772945096));
#11255=CARTESIAN_POINT('Ctrl Pts',(-21.,3.5322471472849,14.5093846451432));
#11256=CARTESIAN_POINT('Ctrl Pts',(-21.1,3.5322471472849,14.5093846451432));
#11257=CARTESIAN_POINT('Ctrl Pts',(-21.,3.50782715954838,14.5904489997188));
#11258=CARTESIAN_POINT('Ctrl Pts',(-21.1,3.50782715954838,14.5904489997188));
#11259=CARTESIAN_POINT('Ctrl Pts',(-21.,3.50697099355062,14.675251660599));
#11260=CARTESIAN_POINT('Ctrl Pts',(-21.1,3.50697099355062,14.675251660599));
#11261=CARTESIAN_POINT('Ctrl Pts',(-21.,3.50648772823456,14.7231187620952));
#11262=CARTESIAN_POINT('Ctrl Pts',(-21.1,3.50648772823456,14.7231187620952));
#11263=CARTESIAN_POINT('',(-21.,3.54288320395857,14.4740772945096));
#11264=CARTESIAN_POINT('Ctrl Pts',(-21.,3.50648772823456,14.7231187620952));
#11265=CARTESIAN_POINT('Ctrl Pts',(-21.,3.50697099355062,14.675251660599));
#11266=CARTESIAN_POINT('Ctrl Pts',(-21.,3.50782715954838,14.5904489997188));
#11267=CARTESIAN_POINT('Ctrl Pts',(-21.,3.5322471472849,14.5093846451432));
#11268=CARTESIAN_POINT('Ctrl Pts',(-21.,3.54288320395857,14.4740772945096));
#11269=CARTESIAN_POINT('',(-21.1,3.54288320395857,14.4740772945096));
#11270=CARTESIAN_POINT('Ctrl Pts',(-21.1,3.54288320395857,14.4740772945096));
#11271=CARTESIAN_POINT('Ctrl Pts',(-21.1,3.5322471472849,14.5093846451432));
#11272=CARTESIAN_POINT('Ctrl Pts',(-21.1,3.50782715954838,14.5904489997188));
#11273=CARTESIAN_POINT('Ctrl Pts',(-21.1,3.50697099355062,14.675251660599));
#11274=CARTESIAN_POINT('Ctrl Pts',(-21.1,3.50648772823456,14.7231187620952));
#11275=CARTESIAN_POINT('',(-21.,3.54288320395857,14.4740772945096));
#11276=CARTESIAN_POINT('Ctrl Pts',(-21.,3.64357697696172,14.3258776927917));
#11277=CARTESIAN_POINT('Ctrl Pts',(-21.1,3.64357697696172,14.3258776927917));
#11278=CARTESIAN_POINT('Ctrl Pts',(-21.,3.62309742168706,14.347360007811));
#11279=CARTESIAN_POINT('Ctrl Pts',(-21.1,3.62309742168706,14.347360007811));
#11280=CARTESIAN_POINT('Ctrl Pts',(-21.,3.58133659059591,14.3911656137889));
#11281=CARTESIAN_POINT('Ctrl Pts',(-21.1,3.58133659059591,14.3911656137889));
#11282=CARTESIAN_POINT('Ctrl Pts',(-21.,3.55586400627069,14.4460885988207));
#11283=CARTESIAN_POINT('Ctrl Pts',(-21.1,3.55586400627069,14.4460885988207));
#11284=CARTESIAN_POINT('Ctrl Pts',(-21.,3.54288320395857,14.4740772945096));
#11285=CARTESIAN_POINT('Ctrl Pts',(-21.1,3.54288320395857,14.4740772945096));
#11286=CARTESIAN_POINT('',(-21.,3.64357697696172,14.3258776927917));
#11287=CARTESIAN_POINT('Ctrl Pts',(-21.,3.54288320395857,14.4740772945096));
#11288=CARTESIAN_POINT('Ctrl Pts',(-21.,3.55586400627069,14.4460885988207));
#11289=CARTESIAN_POINT('Ctrl Pts',(-21.,3.58133659059591,14.3911656137889));
#11290=CARTESIAN_POINT('Ctrl Pts',(-21.,3.62309742168706,14.347360007811));
#11291=CARTESIAN_POINT('Ctrl Pts',(-21.,3.64357697696172,14.3258776927917));
#11292=CARTESIAN_POINT('',(-21.1,3.64357697696172,14.3258776927917));
#11293=CARTESIAN_POINT('Ctrl Pts',(-21.1,3.64357697696172,14.3258776927917));
#11294=CARTESIAN_POINT('Ctrl Pts',(-21.1,3.62309742168706,14.347360007811));
#11295=CARTESIAN_POINT('Ctrl Pts',(-21.1,3.58133659059591,14.3911656137889));
#11296=CARTESIAN_POINT('Ctrl Pts',(-21.1,3.55586400627069,14.4460885988207));
#11297=CARTESIAN_POINT('Ctrl Pts',(-21.1,3.54288320395857,14.4740772945096));
#11298=CARTESIAN_POINT('',(-21.,3.64357697696172,14.3258776927917));
#11299=CARTESIAN_POINT('Ctrl Pts',(-21.,3.78259136094592,14.2465053669346));
#11300=CARTESIAN_POINT('Ctrl Pts',(-21.1,3.78259136094592,14.2465053669346));
#11301=CARTESIAN_POINT('Ctrl Pts',(-21.,3.75787229332218,14.2551148171448));
#11302=CARTESIAN_POINT('Ctrl Pts',(-21.1,3.75787229332218,14.2551148171448));
#11303=CARTESIAN_POINT('Ctrl Pts',(-21.,3.70666034136948,14.2729515234969));
#11304=CARTESIAN_POINT('Ctrl Pts',(-21.1,3.70666034136948,14.2729515234969));
#11305=CARTESIAN_POINT('Ctrl Pts',(-21.,3.665084779517,14.3078329101476));
#11306=CARTESIAN_POINT('Ctrl Pts',(-21.1,3.665084779517,14.3078329101476));
#11307=CARTESIAN_POINT('Ctrl Pts',(-21.,3.64357697696172,14.3258776927917));
#11308=CARTESIAN_POINT('Ctrl Pts',(-21.1,3.64357697696172,14.3258776927917));
#11309=CARTESIAN_POINT('',(-21.,3.78259136094592,14.2465053669346));
#11310=CARTESIAN_POINT('Ctrl Pts',(-21.,3.64357697696172,14.3258776927917));
#11311=CARTESIAN_POINT('Ctrl Pts',(-21.,3.665084779517,14.3078329101476));
#11312=CARTESIAN_POINT('Ctrl Pts',(-21.,3.70666034136948,14.2729515234969));
#11313=CARTESIAN_POINT('Ctrl Pts',(-21.,3.75787229332218,14.2551148171448));
#11314=CARTESIAN_POINT('Ctrl Pts',(-21.,3.78259136094592,14.2465053669346));
#11315=CARTESIAN_POINT('',(-21.1,3.78259136094592,14.2465053669346));
#11316=CARTESIAN_POINT('Ctrl Pts',(-21.1,3.78259136094592,14.2465053669346));
#11317=CARTESIAN_POINT('Ctrl Pts',(-21.1,3.75787229332218,14.2551148171448));
#11318=CARTESIAN_POINT('Ctrl Pts',(-21.1,3.70666034136948,14.2729515234969));
#11319=CARTESIAN_POINT('Ctrl Pts',(-21.1,3.665084779517,14.3078329101476));
#11320=CARTESIAN_POINT('Ctrl Pts',(-21.1,3.64357697696172,14.3258776927917));
#11321=CARTESIAN_POINT('',(-21.,3.78259136094592,14.2465053669346));
#11322=CARTESIAN_POINT('Ctrl Pts',(-21.,3.9667174162501,14.2188954207677));
#11323=CARTESIAN_POINT('Ctrl Pts',(-21.1,3.9667174162501,14.2188954207677));
#11324=CARTESIAN_POINT('Ctrl Pts',(-21.,3.93748860572666,14.2203381057501));
#11325=CARTESIAN_POINT('Ctrl Pts',(-21.1,3.93748860572666,14.2203381057501));
#11326=CARTESIAN_POINT('Ctrl Pts',(-21.,3.87521908880474,14.2234116244913));
#11327=CARTESIAN_POINT('Ctrl Pts',(-21.1,3.87521908880474,14.2234116244913));
#11328=CARTESIAN_POINT('Ctrl Pts',(-21.,3.81470214039771,14.238499577659));
#11329=CARTESIAN_POINT('Ctrl Pts',(-21.1,3.81470214039771,14.238499577659));
#11330=CARTESIAN_POINT('Ctrl Pts',(-21.,3.78259136094592,14.2465053669346));
#11331=CARTESIAN_POINT('Ctrl Pts',(-21.1,3.78259136094592,14.2465053669346));
#11332=CARTESIAN_POINT('',(-21.,3.9667174162501,14.2188954207677));
#11333=CARTESIAN_POINT('Ctrl Pts',(-21.,3.78259136094592,14.2465053669346));
#11334=CARTESIAN_POINT('Ctrl Pts',(-21.,3.81470214039771,14.238499577659));
#11335=CARTESIAN_POINT('Ctrl Pts',(-21.,3.87521908880474,14.2234116244913));
#11336=CARTESIAN_POINT('Ctrl Pts',(-21.,3.93748860572666,14.2203381057501));
#11337=CARTESIAN_POINT('Ctrl Pts',(-21.,3.9667174162501,14.2188954207677));
#11338=CARTESIAN_POINT('',(-21.1,3.9667174162501,14.2188954207677));
#11339=CARTESIAN_POINT('Ctrl Pts',(-21.1,3.9667174162501,14.2188954207677));
#11340=CARTESIAN_POINT('Ctrl Pts',(-21.1,3.93748860572666,14.2203381057501));
#11341=CARTESIAN_POINT('Ctrl Pts',(-21.1,3.87521908880474,14.2234116244913));
#11342=CARTESIAN_POINT('Ctrl Pts',(-21.1,3.81470214039771,14.238499577659));
#11343=CARTESIAN_POINT('Ctrl Pts',(-21.1,3.78259136094592,14.2465053669346));
#11344=CARTESIAN_POINT('',(-21.,3.9667174162501,14.2188954207677));
#11345=CARTESIAN_POINT('Origin',(-21.,4.42578906820294,14.2180855283245));
#11346=CARTESIAN_POINT('',(-21.,4.42578906820294,14.2180855283245));
#11347=CARTESIAN_POINT('',(-21.,4.4666151313889,14.2180135031408));
#11348=CARTESIAN_POINT('',(-21.1,4.42578906820294,14.2180855283245));
#11349=CARTESIAN_POINT('',(-21.1,3.9667174162501,14.2188954207677));
#11350=CARTESIAN_POINT('',(-21.,4.42578906820294,14.2180855283245));
#11351=CARTESIAN_POINT('Origin',(-21.,4.42755326163868,15.2180839870353));
#11352=CARTESIAN_POINT('',(-21.,4.42295052665519,12.6091139069426));
#11353=CARTESIAN_POINT('',(-21.1,4.42578906820294,14.2180855283245));
#11354=CARTESIAN_POINT('Origin',(-21.1,4.49985366533212,14.7170203449762));
#11355=CARTESIAN_POINT('Origin',(-21.,4.49999991804361,9.99999977648258));
#11356=CARTESIAN_POINT('',(-21.,7.48799983236194,9.98799977648258));
#11357=CARTESIAN_POINT('',(-21.,7.48799983236194,17.4879996088445));
#11358=CARTESIAN_POINT('',(-21.,7.48799983236194,13.7439996926635));
#11359=CARTESIAN_POINT('',(-21.,7.98799982118607,9.98799977648258));
#11360=CARTESIAN_POINT('',(-21.,5.99399987520278,9.98799977648258));
#11361=CARTESIAN_POINT('',(-21.,7.98799982118607,8.01199982118607));
#11362=CARTESIAN_POINT('',(-21.,7.98799982118607,9.99399977648258));
#11363=CARTESIAN_POINT('',(-21.,7.51199983236194,8.01199982118607));
#11364=CARTESIAN_POINT('',(-21.,6.24399986961484,8.01199982118607));
#11365=CARTESIAN_POINT('',(-21.,7.48799983236194,8.01289209997905));
#11366=CARTESIAN_POINT('',(-21.,5.97117442966699,8.06928506412432));
#11367=CARTESIAN_POINT('',(-21.,7.48799983236194,2.51199994412064));
#11368=CARTESIAN_POINT('',(-21.,7.48799983236194,9.00644593823082));
#11369=CARTESIAN_POINT('',(-21.,1.51199996647239,2.51199994412065));
#11370=CARTESIAN_POINT('',(-21.,5.99399987520277,2.51199994412065));
#11371=CARTESIAN_POINT('',(-21.,1.51199996647239,8.01200011920929));
#11372=CARTESIAN_POINT('',(-21.,1.51199996647239,6.25599986030161));
#11373=CARTESIAN_POINT('',(-21.,1.01200001490116,8.01200011920929));
#11374=CARTESIAN_POINT('',(-21.,3.005999942258,8.01200011920929));
#11375=CARTESIAN_POINT('',(-21.,1.01200001490116,9.98799977648258));
#11376=CARTESIAN_POINT('',(-21.,1.01200001490116,9.00599994784594));
#11377=CARTESIAN_POINT('',(-21.,1.49999996647239,9.98799977648258));
#11378=CARTESIAN_POINT('',(-21.,2.75599996647239,9.98799977648258));
#11379=CARTESIAN_POINT('',(-21.,1.51199996647239,9.9878534754978));
#11380=CARTESIAN_POINT('',(-21.,2.99970387767018,9.96971576322562));
#11381=CARTESIAN_POINT('',(-21.,1.51199996647239,17.4879996088445));
#11382=CARTESIAN_POINT('',(-21.,1.51199996647239,9.99392662599019));
#11383=CARTESIAN_POINT('',(-21.,3.005999942258,17.4879996088445));
#11384=CARTESIAN_POINT('Origin',(-20.75,1.25599999068677,9.98799977648258));
#11385=CARTESIAN_POINT('',(-20.7028967303205,1.25599999068677,9.99799977648258));
#11386=CARTESIAN_POINT('Origin',(-20.75,1.25599999068677,9.99799977648258));
#11387=CARTESIAN_POINT('',(-20.7028967303205,1.25599999068677,9.98799977648258));
#11388=CARTESIAN_POINT('',(-20.7028967303205,1.25599999068677,9.98799977648258));
#11389=CARTESIAN_POINT('Origin',(-20.75,1.25599999068677,9.98799977648258));
#11390=CARTESIAN_POINT('Origin',(-20.75,1.25599999068677,9.99799977648258));
#11391=CARTESIAN_POINT('Origin',(-20.75,7.737999826774,9.98799977648258));
#11392=CARTESIAN_POINT('',(-20.705,7.737999826774,9.99799977648258));
#11393=CARTESIAN_POINT('Origin',(-20.75,7.737999826774,9.99799977648258));
#11394=CARTESIAN_POINT('',(-20.705,7.737999826774,9.98799977648258));
#11395=CARTESIAN_POINT('',(-20.705,7.737999826774,9.98799977648258));
#11396=CARTESIAN_POINT('Origin',(-20.75,7.737999826774,9.98799977648258));
#11397=CARTESIAN_POINT('Origin',(-20.75,7.737999826774,9.99799977648258));
#11398=CARTESIAN_POINT('Origin',(-21.,4.49999991804361,9.99999977648258));
#11399=CARTESIAN_POINT('Origin',(-20.5,7.48799983236194,2.51199994412065));
#11400=CARTESIAN_POINT('',(-20.5,7.48799983236194,2.51199994412065));
#11401=CARTESIAN_POINT('',(-20.5,7.48799983236194,2.51199994412065));
#11402=CARTESIAN_POINT('',(-20.5,1.51199996647239,2.51199994412065));
#11403=CARTESIAN_POINT('',(-20.5,1.51199996647239,2.51199994412065));
#11404=CARTESIAN_POINT('',(-20.5,1.51199996647239,2.51199994412065));
#11405=CARTESIAN_POINT('Origin',(-20.5,7.48799983236194,8.01289209997905));
#11406=CARTESIAN_POINT('',(-20.5,7.48799983236194,8.01289209997905));
#11407=CARTESIAN_POINT('',(-20.5,7.48799983236194,8.01289209997905));
#11408=CARTESIAN_POINT('',(-20.5,7.48799983236194,2.51199994412065));
#11409=CARTESIAN_POINT('Origin',(-20.5,7.51199983236194,8.01199982118607));
#11410=CARTESIAN_POINT('',(-20.5,7.51199983236194,8.01199982118607));
#11411=CARTESIAN_POINT('',(-20.5,7.51199983236194,8.01199982118607));
#11412=CARTESIAN_POINT('',(-20.5,7.48799983236194,8.01289209997905));
#11413=CARTESIAN_POINT('Origin',(-20.5,7.98799982118607,8.01199982118607));
#11414=CARTESIAN_POINT('',(-20.5,7.98799982118607,8.01199982118607));
#11415=CARTESIAN_POINT('',(-20.5,7.98799982118607,8.01199982118607));
#11416=CARTESIAN_POINT('',(-20.5,7.98799982118607,8.01199982118607));
#11417=CARTESIAN_POINT('Origin',(-20.5,7.98799982118607,9.98799977648258));
#11418=CARTESIAN_POINT('',(-20.5,7.98799982118607,9.98799977648258));
#11419=CARTESIAN_POINT('',(-20.5,7.98799982118607,9.98799977648258));
#11420=CARTESIAN_POINT('',(-20.5,7.98799982118607,9.98799977648258));
#11421=CARTESIAN_POINT('Origin',(-20.5,7.48799983236194,9.98799977648258));
#11422=CARTESIAN_POINT('',(-20.5,7.48799983236194,9.98799977648258));
#11423=CARTESIAN_POINT('',(-20.5,7.48799983236194,9.98799977648258));
#11424=CARTESIAN_POINT('',(-20.5,7.48799983236194,9.98799977648258));
#11425=CARTESIAN_POINT('Origin',(-20.5,7.48799983236194,17.4879996088445));
#11426=CARTESIAN_POINT('',(-20.5,7.48799983236194,17.4879996088445));
#11427=CARTESIAN_POINT('',(-20.5,7.48799983236194,17.4879996088445));
#11428=CARTESIAN_POINT('',(-20.5,7.48799983236194,2.51199994412065));
#11429=CARTESIAN_POINT('Origin',(-20.5,1.51199996647239,17.4879996088445));
#11430=CARTESIAN_POINT('',(-20.5,1.51199996647239,17.4879996088445));
#11431=CARTESIAN_POINT('',(-20.5,1.51199996647239,17.4879996088445));
#11432=CARTESIAN_POINT('',(-20.5,7.48799983236194,17.4879996088445));
#11433=CARTESIAN_POINT('Origin',(-20.5,1.51199996647239,9.9878534754978));
#11434=CARTESIAN_POINT('',(-20.5,1.51199996647239,9.9878534754978));
#11435=CARTESIAN_POINT('',(-20.5,1.51199996647239,9.9878534754978));
#11436=CARTESIAN_POINT('',(-20.5,1.51199996647239,8.00000011920929));
#11437=CARTESIAN_POINT('Origin',(-20.5,1.49999996647239,9.98799977648258));
#11438=CARTESIAN_POINT('',(-20.5,1.49999996647239,9.98799977648258));
#11439=CARTESIAN_POINT('',(-20.5,1.49999996647239,9.98799977648258));
#11440=CARTESIAN_POINT('',(-20.5,1.49999996647239,9.98799977648258));
#11441=CARTESIAN_POINT('Origin',(-20.5,1.01200001490116,9.98799977648258));
#11442=CARTESIAN_POINT('',(-20.5,1.01200001490116,9.98799977648258));
#11443=CARTESIAN_POINT('',(-20.5,1.01200001490116,9.98799977648258));
#11444=CARTESIAN_POINT('',(-20.5,1.49999996647239,9.98799977648258));
#11445=CARTESIAN_POINT('Origin',(-20.5,1.01200001490116,8.01200011920929));
#11446=CARTESIAN_POINT('',(-20.5,1.01200001490116,8.01200011920929));
#11447=CARTESIAN_POINT('',(-20.5,1.01200001490116,8.01200011920929));
#11448=CARTESIAN_POINT('',(-20.5,1.01200001490116,9.98799977648258));
#11449=CARTESIAN_POINT('Origin',(-20.5,1.51199996647239,8.01200011920929));
#11450=CARTESIAN_POINT('',(-20.5,1.51199996647239,8.01200011920929));
#11451=CARTESIAN_POINT('',(-20.5,1.51199996647239,8.01200011920929));
#11452=CARTESIAN_POINT('',(-20.5,1.49999996647239,8.01200011920929));
#11453=CARTESIAN_POINT('Origin',(-20.5,1.51199996647239,2.51199994412065));
#11454=CARTESIAN_POINT('',(-20.5,1.51199996647239,17.4879996088445));
#11455=CARTESIAN_POINT('Origin',(-20.5,4.49999991804361,9.99999977648258));
#11456=CARTESIAN_POINT('',(0.,0.,0.));
#11457=CARTESIAN_POINT('',(0.,0.,0.));
#11458=UNCERTAINTY_MEASURE_WITH_UNIT(LENGTH_MEASURE(0.01),#11468,
'DISTANCE_ACCURACY_VALUE',
'Maximum model space distance between geometric entities at asserted c
onnectivities');
#11459=UNCERTAINTY_MEASURE_WITH_UNIT(LENGTH_MEASURE(0.01),#11468,
'DISTANCE_ACCURACY_VALUE',
'Maximum model space distance between geometric entities at asserted c
onnectivities');
#11460=UNCERTAINTY_MEASURE_WITH_UNIT(LENGTH_MEASURE(0.01),#11468,
'DISTANCE_ACCURACY_VALUE',
'Maximum model space distance between geometric entities at asserted c
onnectivities');
#11461=UNCERTAINTY_MEASURE_WITH_UNIT(LENGTH_MEASURE(0.01),#11468,
'DISTANCE_ACCURACY_VALUE',
'Maximum model space distance between geometric entities at asserted c
onnectivities');
#11462=UNCERTAINTY_MEASURE_WITH_UNIT(LENGTH_MEASURE(0.01),#11468,
'DISTANCE_ACCURACY_VALUE',
'Maximum model space distance between geometric entities at asserted c
onnectivities');
#11463=(
GEOMETRIC_REPRESENTATION_CONTEXT(3)
GLOBAL_UNCERTAINTY_ASSIGNED_CONTEXT((#11458))
GLOBAL_UNIT_ASSIGNED_CONTEXT((#11468,#11470,#11471))
REPRESENTATION_CONTEXT('','3D')
);
#11464=(
GEOMETRIC_REPRESENTATION_CONTEXT(3)
GLOBAL_UNCERTAINTY_ASSIGNED_CONTEXT((#11459))
GLOBAL_UNIT_ASSIGNED_CONTEXT((#11468,#11470,#11471))
REPRESENTATION_CONTEXT('','3D')
);
#11465=(
GEOMETRIC_REPRESENTATION_CONTEXT(3)
GLOBAL_UNCERTAINTY_ASSIGNED_CONTEXT((#11460))
GLOBAL_UNIT_ASSIGNED_CONTEXT((#11468,#11470,#11471))
REPRESENTATION_CONTEXT('','3D')
);
#11466=(
GEOMETRIC_REPRESENTATION_CONTEXT(3)
GLOBAL_UNCERTAINTY_ASSIGNED_CONTEXT((#11461))
GLOBAL_UNIT_ASSIGNED_CONTEXT((#11468,#11470,#11471))
REPRESENTATION_CONTEXT('','3D')
);
#11467=(
GEOMETRIC_REPRESENTATION_CONTEXT(3)
GLOBAL_UNCERTAINTY_ASSIGNED_CONTEXT((#11462))
GLOBAL_UNIT_ASSIGNED_CONTEXT((#11468,#11470,#11471))
REPRESENTATION_CONTEXT('','3D')
);
#11468=(
LENGTH_UNIT()
NAMED_UNIT(*)
SI_UNIT(.MILLI.,.METRE.)
);
#11469=(
LENGTH_UNIT()
NAMED_UNIT(*)
SI_UNIT($,.METRE.)
);
#11470=(
NAMED_UNIT(*)
PLANE_ANGLE_UNIT()
SI_UNIT($,.RADIAN.)
);
#11471=(
NAMED_UNIT(*)
SI_UNIT($,.STERADIAN.)
SOLID_ANGLE_UNIT()
);
#11472=SHAPE_DEFINITION_REPRESENTATION(#11476,#11483);
#11473=SHAPE_DEFINITION_REPRESENTATION(#11477,#11484);
#11474=SHAPE_DEFINITION_REPRESENTATION(#11478,#11485);
#11475=SHAPE_DEFINITION_REPRESENTATION(#11480,#11486);
#11476=PRODUCT_DEFINITION_SHAPE('',$,#11488);
#11477=PRODUCT_DEFINITION_SHAPE('',$,#11489);
#11478=PRODUCT_DEFINITION_SHAPE('',$,#11490);
#11479=PRODUCT_DEFINITION_SHAPE($,$,#20);
#11480=PRODUCT_DEFINITION_SHAPE('',$,#11491);
#11481=PRODUCT_DEFINITION_SHAPE($,$,#21);
#11482=PRODUCT_DEFINITION_SHAPE($,$,#22);
#11483=SHAPE_REPRESENTATION('',(#6134,#6564,#6565),#11463);
#11484=SHAPE_REPRESENTATION('',(#6135,#6527),#11464);
#11485=SHAPE_REPRESENTATION('',(#6136),#11465);
#11486=SHAPE_REPRESENTATION('',(#6528),#11466);
#11487=PRODUCT_DEFINITION_CONTEXT('part definition',#11501,'design');
#11488=PRODUCT_DEFINITION('camera keychain','camera keychain v5',#11492,
#11487);
#11489=PRODUCT_DEFINITION('Camera','Camera',#11493,#11487);
#11490=PRODUCT_DEFINITION('keychain attachment','keychain attachment',#11494,
#11487);
#11491=PRODUCT_DEFINITION('SD door','SD door',#11495,#11487);
#11492=PRODUCT_DEFINITION_FORMATION('',$,#11503);
#11493=PRODUCT_DEFINITION_FORMATION('',$,#11504);
#11494=PRODUCT_DEFINITION_FORMATION('',$,#11505);
#11495=PRODUCT_DEFINITION_FORMATION('',$,#11506);
#11496=PRODUCT_RELATED_PRODUCT_CATEGORY('camera keychain v5',
'camera keychain v5',(#11503));
#11497=PRODUCT_RELATED_PRODUCT_CATEGORY('Camera','Camera',(#11504));
#11498=PRODUCT_RELATED_PRODUCT_CATEGORY('keychain attachment',
'keychain attachment',(#11505));
#11499=PRODUCT_RELATED_PRODUCT_CATEGORY('SD door','SD door',(#11506));
#11500=APPLICATION_PROTOCOL_DEFINITION('international standard',
'automotive_design',2009,#11501);
#11501=APPLICATION_CONTEXT(
'Core Data for Automotive Mechanical Design Process');
#11502=PRODUCT_CONTEXT('part definition',#11501,'mechanical');
#11503=PRODUCT('camera keychain','camera keychain v5',$,(#11502));
#11504=PRODUCT('Camera','Camera',$,(#11502));
#11505=PRODUCT('keychain attachment','keychain attachment',$,(#11502));
#11506=PRODUCT('SD door','SD door',$,(#11502));
#11507=PRESENTATION_STYLE_ASSIGNMENT((#11511));
#11508=PRESENTATION_STYLE_ASSIGNMENT((#11512));
#11509=PRESENTATION_STYLE_ASSIGNMENT((#11513));
#11510=PRESENTATION_STYLE_ASSIGNMENT((#11514));
#11511=SURFACE_STYLE_USAGE(.BOTH.,#11515);
#11512=SURFACE_STYLE_USAGE(.BOTH.,#11516);
#11513=SURFACE_STYLE_USAGE(.BOTH.,#11517);
#11514=SURFACE_STYLE_USAGE(.BOTH.,#11518);
#11515=SURFACE_SIDE_STYLE('',(#11519));
#11516=SURFACE_SIDE_STYLE('',(#11520));
#11517=SURFACE_SIDE_STYLE('',(#11521));
#11518=SURFACE_SIDE_STYLE('',(#11522));
#11519=SURFACE_STYLE_FILL_AREA(#11523);
#11520=SURFACE_STYLE_FILL_AREA(#11524);
#11521=SURFACE_STYLE_FILL_AREA(#11525);
#11522=SURFACE_STYLE_FILL_AREA(#11526);
#11523=FILL_AREA_STYLE('Steel - Satin',(#11527));
#11524=FILL_AREA_STYLE(
'EPX 150 - Air Baked (with Carbon M2 M3 L1 3D Printers)',(#11528));
#11525=FILL_AREA_STYLE('Acetal Resin (White)',(#11529));
#11526=FILL_AREA_STYLE('Nylon 6-6 (White)',(#11530));
#11527=FILL_AREA_STYLE_COLOUR('Steel - Satin',#11531);
#11528=FILL_AREA_STYLE_COLOUR(
'EPX 150 - Air Baked (with Carbon M2 M3 L1 3D Printers)',#11532);
#11529=FILL_AREA_STYLE_COLOUR('Acetal Resin (White)',#11533);
#11530=FILL_AREA_STYLE_COLOUR('Nylon 6-6 (White)',#11534);
#11531=COLOUR_RGB('Steel - Satin',0.627450980392157,0.627450980392157,0.627450980392157);
#11532=COLOUR_RGB(
'EPX 150 - Air Baked (with Carbon M2 M3 L1 3D Printers)',0.247058823529412,
0.247058823529412,0.247058823529412);
#11533=COLOUR_RGB('Acetal Resin (White)',0.972549019607843,0.968627450980392,
0.929411764705882);
#11534=COLOUR_RGB('Nylon 6-6 (White)',0.972549019607843,0.968627450980392,
0.929411764705882);
ENDSEC;
END-ISO-10303-21;
